customer_id,customer_name,gender,age_group,city,state,customer_segment,signup_date
C00001,Ayaan Deol,Male,35-44,Trichy,Tamil Nadu,Regular,2023-11-02
C00002,Tanvi Soman,Male,55+,Bengaluru,Karnataka,New,2024-10-24
C00003,Nathaniel Nigam,Male,18-24,Kochi,Kerala,New,2025-11-22
C00004,Girish De,Male,55+,Mumbai,Maharashtra,New,2025-05-11
C00005,Xalak Mohan,Female,25-34,Patna,Bihar,Regular,2024-09-06
C00006,Aryan Raja,Male,25-34,Pune,Maharashtra,Regular,2024-03-13
C00007,Saksham Wable,Female,25-34,Jaipur,Rajasthan,Regular,2024-07-01
C00008,Zarna Kamdar,Male,18-24,Jaipur,Rajasthan,Regular,2025-07-25
C00009,Upkaar Bath,Female,55+,Ahmedabad,Gujarat,Regular,2026-06-22
C00010,Edhitha Bains,Female,55+,Coimbatore,Tamil Nadu,New,2025-09-08
C00011,Kashish Pai,Male,55+,Kolkata,West Bengal,Regular,2025-01-07
C00012,Irya Upadhyay,Female,55+,Visakhapatnam,Andhra Pradesh,New,2025-09-17
C00013,Chandran Iyer,Male,25-34,Madurai,Tamil Nadu,Loyal,2023-11-12
C00014,Rishi Aggarwal,Male,18-24,Madurai,Tamil Nadu,Regular,2024-11-26
C00015,Samar Sura,Female,25-34,Lucknow,Uttar Pradesh,Regular,2025-04-16
C00016,Vaishnavi Bose,Female,18-24,Hyderabad,Telangana,Regular,2026-02-24
C00017,Ekaraj Shere,Male,25-34,Mysuru,Karnataka,Regular,2023-11-03
C00018,Tripti Mukherjee,Male,35-44,Pune,Maharashtra,Loyal,2025-08-14
C00019,Jai Dubey,Male,18-24,Coimbatore,Tamil Nadu,Loyal,2023-09-22
C00020,Oscar Chaudhry,Female,18-24,Kolkata,West Bengal,Regular,2024-03-13
C00021,Chatura Khurana,Female,25-34,Bhubaneswar,Odisha,Regular,2025-12-23
C00022,Leena Pai,Female,25-34,Kolkata,West Bengal,Regular,2024-11-17
C00023,Zayyan Sarin,Female,55+,Mumbai,Maharashtra,Regular,2025-05-28
C00024,Vasatika Sarin,Female,35-44,Bhubaneswar,Odisha,Regular,2023-09-11
C00025,Ekapad Choudhary,Female,18-24,Bengaluru,Karnataka,Loyal,2026-06-21
C00026,Chandran Sant,Male,25-34,Trichy,Tamil Nadu,Loyal,2023-09-15
C00027,Advik Dave,Male,45-54,Kochi,Kerala,Regular,2024-03-27
C00028,Zansi Pathak,Female,55+,Lucknow,Uttar Pradesh,Loyal,2025-07-08
C00029,Ekiya Wable,Male,55+,Chennai,Tamil Nadu,Loyal,2026-04-12
C00030,Bina Dutta,Male,35-44,Jaipur,Rajasthan,Regular,2024-08-30
C00031,Neelima Morar,Male,35-44,Lucknow,Uttar Pradesh,High Value,2023-12-01
C00032,Aahana Hegde,Male,35-44,Mysuru,Karnataka,Loyal,2024-04-20
C00033,Aarush Chaudhry,Male,25-34,Bhopal,Madhya Pradesh,Regular,2025-09-05
C00034,Janani Sem,Male,55+,Mysuru,Karnataka,Regular,2024-12-04
C00035,Anamika Dutta,Male,35-44,Chennai,Tamil Nadu,Loyal,2024-01-24
C00036,Daniel Rege,Male,18-24,Delhi,Delhi,Regular,2025-06-22
C00037,Sara Deshmukh,Male,18-24,Bhubaneswar,Odisha,Loyal,2025-10-02
C00038,Harsh Banerjee,Male,25-34,Madurai,Tamil Nadu,Regular,2026-05-20
C00039,Hiral Batra,Male,35-44,Patna,Bihar,Regular,2026-01-02
C00040,Yamini Sanghvi,Female,25-34,Visakhapatnam,Andhra Pradesh,Loyal,2023-11-10
C00041,Agastya Sachdev,Female,45-54,Hyderabad,Telangana,High Value,2023-08-21
C00042,Jackson Sehgal,Female,55+,Ahmedabad,Gujarat,Regular,2024-01-30
C00043,Joshua Pant,Male,18-24,Mumbai,Maharashtra,Regular,2024-11-16
C00044,Kiaan Cheema,Male,55+,Bhubaneswar,Odisha,Regular,2024-12-23
C00045,Hemal Palla,Male,25-34,Madurai,Tamil Nadu,New,2025-08-08
C00046,Upma Bhalla,Female,18-24,Coimbatore,Tamil Nadu,Regular,2026-04-21
C00047,Jyoti Borde,Female,25-34,Pune,Maharashtra,Regular,2024-10-13
C00048,Charan Singh,Female,25-34,Bhubaneswar,Odisha,Loyal,2024-01-15
C00049,Naveen Sane,Male,18-24,Kochi,Kerala,New,2025-12-17
C00050,Ijaya Toor,Female,45-54,Kochi,Kerala,Regular,2024-06-23
C00051,Caleb Konda,Male,18-24,Coimbatore,Tamil Nadu,Regular,2025-10-12
C00052,Falan Dyal,Male,25-34,Jaipur,Rajasthan,New,2025-11-16
C00053,Kamya Deol,Female,25-34,Patna,Bihar,Regular,2023-11-10
C00054,Ikbal Sheth,Female,25-34,Pune,Maharashtra,Loyal,2026-05-22
C00055,Naveen Kadakia,Female,55+,Madurai,Tamil Nadu,New,2024-09-11
C00056,Upkaar Pandey,Male,18-24,Patna,Bihar,Loyal,2024-06-19
C00057,Chakrika Munshi,Male,45-54,Mumbai,Maharashtra,Regular,2026-04-03
C00058,Prisha Rattan,Female,18-24,Hyderabad,Telangana,New,2025-09-21
C00059,Qabil Suresh,Female,35-44,Chennai,Tamil Nadu,Loyal,2023-10-07
C00060,Alexander Khanna,Female,45-54,Lucknow,Uttar Pradesh,Regular,2024-12-19
C00061,Rehaan Gill,Female,25-34,Patna,Bihar,New,2024-11-10
C00062,Ekapad Varghese,Male,55+,Hyderabad,Telangana,Loyal,2025-05-27
C00063,Sathvik Batta,Female,18-24,Coimbatore,Tamil Nadu,New,2025-07-22
C00064,Radhika Munshi,Male,18-24,Indore,Madhya Pradesh,High Value,2024-12-12
C00065,Urvashi Sami,Male,18-24,Madurai,Tamil Nadu,Regular,2023-10-20
C00066,Azad Talwar,Female,18-24,Mumbai,Maharashtra,Loyal,2024-04-16
C00067,Samaksh Buch,Male,55+,Bhubaneswar,Odisha,Regular,2024-09-08
C00068,Ethan Trivedi,Male,45-54,Visakhapatnam,Andhra Pradesh,Regular,2026-04-15
C00069,Unnati Vyas,Female,35-44,Bhubaneswar,Odisha,Regular,2025-01-31
C00070,Eshana Raj,Male,35-44,Jaipur,Rajasthan,Regular,2023-08-26
C00071,Isaac Sinha,Female,35-44,Delhi,Delhi,Loyal,2024-08-03
C00072,Baghyawati Sura,Male,45-54,Madurai,Tamil Nadu,Regular,2025-10-10
C00073,Yochana Prasad,Male,18-24,Bhubaneswar,Odisha,Regular,2025-10-19
C00074,Ati Ahluwalia,Female,25-34,Bhopal,Madhya Pradesh,Loyal,2025-02-04
C00075,Xavier Handa,Male,35-44,Madurai,Tamil Nadu,Regular,2024-01-19
C00076,Dayamai Kalla,Female,55+,Lucknow,Uttar Pradesh,High Value,2025-08-01
C00077,Yashawini Pall,Male,55+,Bhopal,Madhya Pradesh,Regular,2025-05-22
C00078,Ojas Gara,Male,35-44,Trichy,Tamil Nadu,New,2024-12-02
C00079,Januja Dhingra,Male,35-44,Trichy,Tamil Nadu,Regular,2024-10-21
C00080,Kamala Garde,Female,25-34,Hyderabad,Telangana,Regular,2024-10-11
C00081,Riya Karpe,Female,35-44,Pune,Maharashtra,Loyal,2024-01-26
C00082,Ishaan Rattan,Male,45-54,Coimbatore,Tamil Nadu,Loyal,2023-12-13
C00083,Chavvi Sur,Male,35-44,Coimbatore,Tamil Nadu,Loyal,2024-04-09
C00084,Tejas Sane,Male,45-54,Pune,Maharashtra,Regular,2025-03-11
C00085,Vincent Ramaswamy,Male,18-24,Kochi,Kerala,New,2026-05-20
C00086,Nidra Thaker,Male,35-44,Bengaluru,Karnataka,Regular,2025-10-11
C00087,Ojasvi Deshmukh,Female,25-34,Bengaluru,Karnataka,New,2024-06-19
C00088,Saumya Chowdhury,Male,35-44,Ahmedabad,Gujarat,Regular,2025-04-22
C00089,Pranav Yogi,Male,35-44,Mumbai,Maharashtra,Loyal,2023-10-03
C00090,George Ray,Male,25-34,Kochi,Kerala,Loyal,2026-06-05
C00091,Bakhshi Narain,Female,18-24,Mysuru,Karnataka,New,2023-10-30
C00092,Shivansh Virk,Female,25-34,Jaipur,Rajasthan,Regular,2025-07-07
C00093,Ekantika Raja,Female,18-24,,Tamil Nadu,Loyal,2025-04-17
C00094,Gautami Grewal,Male,45-54,Mumbai,Maharashtra,Regular,2025-05-08
C00095,Chatura Wali,Male,18-24,Mumbai,Maharashtra,Regular,2024-09-27
C00096,Leena Chad,Female,35-44,Kolkata,West Bengal,Loyal,2024-12-29
C00097,Advik Sankaran,Female,55+,Pune,Maharashtra,Regular,2025-12-17
C00098,Rushil Desai,Female,18-24,Patna,Bihar,New,2026-02-02
C00099,Neelima Bajaj,Male,55+,Pune,Maharashtra,High Value,2024-06-24
C00100,Theodore Narain,Male,18-24,Pune,Maharashtra,Regular,2024-11-22
C00101,Niharika Rama,Female,45-54,Ahmedabad,Gujarat,Regular,2025-04-22
C00102,Gautami Chadha,Male,45-54,Bhopal,Madhya Pradesh,Loyal,2026-05-23
C00103,Kavya Wable,Female,18-24,Hyderabad,Telangana,Loyal,2024-03-26
C00104,Anamika Baria,Male,35-44,Chennai,Tamil Nadu,Regular,2025-12-01
C00105,Chakradev Ghosh,Female,18-24,Jaipur,Rajasthan,Loyal,2025-04-17
C00106,Arin Mitter,Female,45-54,Delhi,Delhi,Regular,2026-02-26
C00107,Wyatt Baria,Male,25-34,Delhi,Delhi,Regular,2025-11-06
C00108,Chanakya Narula,Male,55+,Kolkata,West Bengal,Regular,2024-09-14
C00109,Falak Buch,Male,35-44,Kolkata,West Bengal,Regular,2024-05-24
C00110,Yashica Bassi,Female,45-54,Kochi,Kerala,Regular,2024-11-04
C00111,Arunima Bhargava,Female,25-34,Hyderabad,Telangana,Regular,2023-08-20
C00112,Ekbal Wagle,Female,18-24,Delhi,Delhi,Loyal,2024-03-22
C00113,Advik Bains,Female,25-34,Mumbai,Maharashtra,Loyal,2026-06-20
C00114,Ekalinga Minhas,Male,18-24,Bengaluru,Karnataka,Regular,2025-08-17
C00115,Lakshit Devi,Male,45-54,Indore,Madhya Pradesh,Regular,2023-10-01
C00116,Harrison Narula,Male,45-54,Bhubaneswar,Odisha,Regular,2023-11-01
C00117,Thomas Patla,Male,18-24,Mumbai,Maharashtra,Loyal,2024-08-31
C00118,Kritika Deep,Female,25-34,Trichy,Tamil Nadu,New,2025-03-30
C00119,Devika Varma,Female,18-24,Bhopal,Madhya Pradesh,Regular,2025-08-11
C00120,Ekapad Vohra,Female,25-34,Trichy,Tamil Nadu,Loyal,2025-04-02
C00121,Udant Baria,Female,45-54,Bhopal,Madhya Pradesh,Regular,2025-03-01
C00122,Chasmum De,Female,55+,Bhopal,Madhya Pradesh,Regular,2025-03-30
C00123,Pallavi Talwar,Female,45-54,Mysuru,Karnataka,Regular,2024-07-03
C00124,Tristan Nagar,Female,55+,Mumbai,Maharashtra,Regular,2025-05-05
C00125,Faras Bajaj,Female,45-54,Mumbai,Maharashtra,New,2025-06-20
C00126,Guneet Kibe,Male,35-44,Delhi,Delhi,Regular,2026-02-01
C00127,Chatresh Tank,Male,25-34,Patna,Bihar,New,2025-10-24
C00128,Imaran Mohanty,Male,25-34,Kolkata,West Bengal,New,2026-01-04
C00129,Dhriti Pingle,Female,55+,Kochi,Kerala,Regular,2025-06-23
C00130,Gaurang Deshpande,Male,45-54,Coimbatore,Tamil Nadu,Regular,2026-04-19
C00131,Harini Bhakta,Male,55+,Bhubaneswar,Odisha,Regular,2023-12-26
C00132,Brijesh Bhatnagar,Female,35-44,Chennai,Tamil Nadu,Loyal,2026-03-07
C00133,William Gour,Male,45-54,Kochi,Kerala,Regular,2023-12-30
C00134,Chaitanya Anand,Female,18-24,Kochi,Kerala,Regular,2025-12-07
C00135,Leela Minhas,Male,45-54,Kolkata,West Bengal,Loyal,2025-03-14
C00136,Zaid Minhas,Male,45-54,Visakhapatnam,Andhra Pradesh,Regular,2026-02-06
C00137,Hemang Nazareth,Male,45-54,Chennai,Tamil Nadu,New,2025-09-28
C00138,Garima Hayer,Male,18-24,Lucknow,Uttar Pradesh,Regular,2025-12-23
C00139,Wyatt Devan,Male,45-54,Jaipur,Rajasthan,Regular,2024-02-15
C00140,Samar Guha,Female,45-54,Kolkata,West Bengal,Regular,2025-06-02
C00141,Hemang Bandi,Female,18-24,Madurai,Tamil Nadu,Loyal,2024-10-16
C00142,Naveen Dugar,Female,25-34,Coimbatore,Tamil Nadu,Regular,2024-10-25
C00143,Bakhshi Prabhu,Male,25-34,Coimbatore,Tamil Nadu,New,2025-11-17
C00144,Chatura Sathe,Male,25-34,Chennai,Tamil Nadu,New,2023-10-03
C00145,Balveer Doctor,Male,45-54,Trichy,Tamil Nadu,Regular,2025-04-28
C00146,Indali Madan,Male,55+,Ahmedabad,Gujarat,Regular,2025-08-16
C00147,Umang Prashad,Male,35-44,Trichy,Tamil Nadu,New,2024-09-27
C00148,Samaksh Bahl,Female,55+,Chennai,Tamil Nadu,Regular,2024-09-24
C00149,Waida Mall,Female,25-34,Kolkata,West Bengal,New,2024-09-28
C00150,Mason Goda,Male,35-44,Mumbai,Maharashtra,Loyal,2024-01-28
C00151,Aradhana Upadhyay,Male,55+,Visakhapatnam,Andhra Pradesh,Loyal,2024-01-07
C00152,Urvi Dhillon,Female,35-44,Ahmedabad,Gujarat,New,2024-11-05
C00153,Balveer Gala,Male,45-54,Jaipur,Rajasthan,Loyal,2024-01-30
C00154,Eshana Khalsa,Female,35-44,Trichy,Tamil Nadu,Regular,2026-05-21
C00155,Ekaraj Tella,Male,45-54,Lucknow,Uttar Pradesh,New,2024-08-18
C00156,Hemang Amble,Female,55+,Bhopal,Madhya Pradesh,Loyal,2026-04-06
C00157,Ranbir Varty,Female,45-54,Patna,Bihar,Regular,2025-02-13
C00158,Bhavna Sachdeva,Female,35-44,Bhubaneswar,Odisha,Loyal,2024-12-02
C00159,Simon Mangat,Female,45-54,Madurai,Tamil Nadu,Regular,2025-09-17
C00160,Bakhshi Maharaj,Female,35-44,Lucknow,Uttar Pradesh,New,2025-09-23
C00161,Ekanta Bhardwaj,Male,45-54,Jaipur,Rajasthan,Regular,2024-11-08
C00162,Anusha Dash,Female,35-44,Pune,Maharashtra,Loyal,2023-10-12
C00163,Wriddhish Bhasin,Male,55+,Pune,Maharashtra,Loyal,2024-07-31
C00164,Forum Parikh,Male,45-54,Madurai,Tamil Nadu,Regular,2026-05-14
C00165,Ayushman Viswanathan,Female,45-54,Mumbai,Maharashtra,Regular,2026-01-10
C00166,Chakradev Kaur,Male,35-44,Chennai,Tamil Nadu,Regular,2025-01-20
C00167,Nimrat Swamy,Female,55+,Mumbai,Maharashtra,Regular,2024-03-24
C00168,Girish Raja,Female,45-54,Patna,Bihar,High Value,2024-08-09
C00169,Guneet Nayar,Female,35-44,Patna,Bihar,Loyal,2024-03-05
C00170,Gayathri Shere,Female,35-44,Pune,Maharashtra,Regular,2024-03-23
C00171,Ria Rau,Female,18-24,Hyderabad,Telangana,Loyal,2024-11-20
C00172,Vamakshi Choudhury,Male,25-34,Mysuru,Karnataka,Loyal,2024-01-27
C00173,Ekani Swamy,Female,18-24,Pune,Maharashtra,Loyal,2026-06-18
C00174,Ria Tank,Male,35-44,Delhi,Delhi,New,2026-03-22
C00175,Jason Mohan,Male,35-44,Chennai,Tamil Nadu,New,2026-02-11
C00176,Aayush Sarin,Female,25-34,Coimbatore,Tamil Nadu,Regular,2025-12-18
C00177,Lopa Parekh,Male,18-24,Indore,Madhya Pradesh,Regular,2026-05-01
C00178,Adweta Bandi,Female,45-54,Indore,Madhya Pradesh,Regular,2025-03-21
C00179,Vedhika Shanker,Female,45-54,Coimbatore,Tamil Nadu,New,2024-12-16
C00180,Yasti Dey,Female,45-54,Madurai,Tamil Nadu,New,2023-09-11
C00181,Balvan Karan,Male,25-34,Coimbatore,Tamil Nadu,Loyal,2024-12-27
C00182,Chandani Lal,Male,25-34,Delhi,Delhi,New,2024-01-18
C00183,Ishwar Venkataraman,Male,55+,Kochi,Kerala,Regular,2026-05-20
C00184,Vedika Raj,Female,55+,Lucknow,Uttar Pradesh,High Value,2025-01-26
C00185,Jacob Chacko,Male,55+,Delhi,Delhi,High Value,2025-06-27
C00186,Gunbir Nayar,Male,25-34,Trichy,Tamil Nadu,Regular,2024-11-01
C00187,Wishi Dugar,Male,25-34,Madurai,Tamil Nadu,New,2025-07-26
C00188,Manthan Desai,Male,18-24,Madurai,Tamil Nadu,Regular,2023-10-20
C00189,Kiaan Bhattacharyya,Female,35-44,Visakhapatnam,Andhra Pradesh,New,2025-09-18
C00190,Michael Gole,Female,45-54,Delhi,Delhi,New,2023-10-19
C00191,Champak Bansal,Female,55+,Mumbai,Maharashtra,Regular,2025-05-30
C00192,Madhav Nayak,Female,18-24,Hyderabad,Telangana,Regular,2023-10-25
C00193,Madhavi Chanda,Female,25-34,Bengaluru,Karnataka,New,2025-06-26
C00194,Abha Soni,Female,55+,Mysuru,Karnataka,Loyal,2025-11-21
C00195,Bachittar Choudhury,Female,45-54,Bhubaneswar,Odisha,New,2026-04-21
C00196,Ishanvi Madan,Female,35-44,Delhi,Delhi,Regular,2024-02-16
C00197,Bhavna Jani,Female,18-24,Indore,Madhya Pradesh,Regular,2023-09-30
C00198,Rohan Desai,Female,55+,Kochi,Kerala,Regular,2024-07-06
C00199,Aditya Ramanathan,Male,55+,Madurai,Tamil Nadu,Regular,2026-01-06
C00200,Patrick Tiwari,Female,55+,Chennai,Tamil Nadu,New,2024-01-28
C00201,Lila Kuruvilla,Female,55+,Mysuru,Karnataka,Regular,2024-11-20
C00202,Ojas Dar,Male,55+,Pune,Maharashtra,Regular,2025-11-07
C00203,Abeer Madan,Male,45-54,Indore,Madhya Pradesh,Regular,2025-05-17
C00204,Nakul Nair,Female,18-24,Jaipur,Rajasthan,Loyal,2023-10-22
C00205,Varenya Shere,Female,45-54,Jaipur,Rajasthan,Regular,2025-08-31
C00206,Niharika Grewal,Male,45-54,Kolkata,West Bengal,New,2025-10-17
C00207,Harita Nair,Female,18-24,Pune,Maharashtra,High Value,2025-05-10
C00208,Kabir Dave,Male,55+,Kolkata,West Bengal,Regular,2023-11-13
C00209,Tanish Kala,Male,55+,Coimbatore,Tamil Nadu,Regular,2025-04-11
C00210,Ayushman Pai,Female,18-24,Indore,Madhya Pradesh,Regular,2026-04-09
C00211,Vivaan Raman,Male,35-44,Patna,Bihar,Regular,2024-11-15
C00212,Turvi Nagy,Male,18-24,Indore,Madhya Pradesh,High Value,2025-11-30
C00213,Utkarsh Mishra,Male,25-34,Visakhapatnam,Andhra Pradesh,Regular,2025-06-11
C00214,Ijaya Chaudhry,Female,18-24,Chennai,Tamil Nadu,Regular,2026-05-01
C00215,Dominic Merchant,Female,18-24,Trichy,Tamil Nadu,Regular,2024-03-24
C00216,Zilmil Mann,Female,35-44,Bengaluru,Karnataka,Regular,2023-11-12
C00217,Zansi Mallick,Female,45-54,Pune,Maharashtra,High Value,2023-10-11
C00218,Leela Ganesan,Female,55+,Mumbai,Maharashtra,New,2023-10-18
C00219,Darika Mand,Male,18-24,Hyderabad,Telangana,Regular,2024-09-09
C00220,Meera Loke,Female,55+,Kochi,Kerala,Regular,2026-01-12
C00221,Quincy Walia,Female,35-44,Chennai,Tamil Nadu,Loyal,2025-11-11
C00222,Girik Bobal,Female,25-34,Bhubaneswar,Odisha,Regular,2024-11-17
C00223,Udarsh Atwal,Female,35-44,Indore,Madhya Pradesh,Regular,2025-05-26
C00224,Nihal Mody,Female,45-54,Patna,Bihar,Loyal,2025-04-13
C00225,Onkar Mital,Male,55+,Hyderabad,Telangana,Regular,2023-08-11
C00226,Ishanvi Lala,Male,35-44,Kochi,Kerala,Loyal,2023-10-27
C00227,Henry Hora,Female,25-34,Kolkata,West Bengal,Regular,2024-11-16
C00228,Advay Pathak,Male,55+,Coimbatore,Tamil Nadu,High Value,2023-08-17
C00229,Upma Sodhi,Male,45-54,Jaipur,Rajasthan,New,2025-09-26
C00230,Jai Bakshi,Male,25-34,Lucknow,Uttar Pradesh,Regular,2024-09-16
C00231,Ojasvi Iyer,Male,45-54,Bengaluru,Karnataka,Loyal,2026-01-17
C00232,Balhaar Kapoor,Female,55+,Pune,Maharashtra,Regular,2025-05-14
C00233,Aachal Sami,Female,55+,Madurai,Tamil Nadu,Regular,2024-01-15
C00234,Farhan Karnik,Female,55+,Jaipur,Rajasthan,New,2025-08-13
C00235,Gavin Rana,Male,35-44,Madurai,Tamil Nadu,High Value,2023-11-03
C00236,Janaki Sastry,Female,18-24,Madurai,Tamil Nadu,Loyal,2026-04-09
C00237,Jyoti Lanka,Female,25-34,Trichy,Tamil Nadu,Regular,2024-05-18
C00238,Fariq Khalsa,Male,35-44,Chennai,Tamil Nadu,Loyal,2024-07-21
C00239,Gauri Bali,Female,35-44,Delhi,Delhi,Regular,2023-11-27
C00240,Advaith Din,Female,55+,Mumbai,Maharashtra,Regular,2024-09-19
C00241,Nitara Sethi,Male,25-34,Mysuru,Karnataka,New,2024-05-20
C00242,Tarak Soman,Male,45-54,Kolkata,West Bengal,Loyal,2026-04-11
C00243,Laksh Nanda,Male,45-54,Bengaluru,Karnataka,Regular,2024-04-30
C00244,Ijaya Goel,Female,18-24,Lucknow,Uttar Pradesh,Loyal,2026-06-30
C00245,Bhanumati Dhar,Female,55+,Lucknow,Uttar Pradesh,New,2024-02-15
C00246,Ishwar Srinivasan,Female,55+,Lucknow,Uttar Pradesh,Regular,2024-12-05
C00247,Urishilla Taneja,Female,45-54,Kochi,Kerala,Loyal,2024-09-16
C00248,Urvi Kar,Female,45-54,Hyderabad,Telangana,New,2024-11-13
C00249,Anirudh Suri,Female,55+,Kolkata,West Bengal,Regular,2026-03-28
C00250,Abhiram Datta,Male,45-54,Delhi,Delhi,Regular,2025-03-27
C00251,Maanas Sekhon,Male,55+,Bhubaneswar,Odisha,Loyal,2025-12-17
C00252,Niharika Dube,Male,55+,Delhi,Delhi,Loyal,2024-05-09
C00253,Imaran Bala,Male,55+,Mumbai,Maharashtra,Regular,2025-05-01
C00254,Lekha Naik,Male,18-24,Bengaluru,Karnataka,Regular,2026-03-18
C00255,Utkarsh Pradhan,Male,55+,Lucknow,Uttar Pradesh,Regular,2025-07-26
C00256,Yamini Jha,Male,35-44,Bengaluru,Karnataka,Regular,2024-04-27
C00257,Amruta Bansal,Male,25-34,Kochi,Kerala,New,2025-01-14
C00258,Urmi Wagle,Female,55+,Patna,Bihar,Regular,2026-04-01
C00259,Bina Venkataraman,Male,35-44,Pune,Maharashtra,Loyal,2024-02-27
C00260,Raagini Uppal,Female,35-44,Indore,Madhya Pradesh,Loyal,2023-10-28
C00261,Vidhi Korpal,Male,25-34,Lucknow,Uttar Pradesh,Loyal,2026-06-30
C00262,Ekantika Bhattacharyya,Female,55+,Mumbai,Maharashtra,Regular,2025-07-01
C00263,Pratyush Basu,Male,35-44,Kolkata,West Bengal,Regular,2025-03-01
C00264,Kamala Char,Female,35-44,Lucknow,Uttar Pradesh,Regular,2025-02-03
C00265,Nirja Gara,Male,25-34,Ahmedabad,Gujarat,Regular,2026-02-25
C00266,Harsh Rastogi,Female,55+,Visakhapatnam,Andhra Pradesh,Regular,2023-10-10
C00267,Oeshi Narula,Female,35-44,Madurai,Tamil Nadu,Regular,2026-02-01
C00268,Adweta Kar,Male,18-24,Trichy,Tamil Nadu,Loyal,2024-11-30
C00269,Bahadurjit Parmar,Female,18-24,Delhi,Delhi,New,2024-10-26
C00270,Chanakya Dhaliwal,Male,45-54,Patna,Bihar,Regular,2026-07-03
C00271,Ranveer Naik,Female,55+,Patna,Bihar,Loyal,2025-03-25
C00272,Neha Mohanty,Female,18-24,Bengaluru,Karnataka,Loyal,2023-12-18
C00273,Yashasvi Sahota,Female,35-44,Visakhapatnam,Andhra Pradesh,New,2025-12-14
C00274,Raksha Joshi,Male,45-54,Ahmedabad,Gujarat,Regular,2026-03-28
C00275,Panini Radhakrishnan,Female,18-24,Mumbai,Maharashtra,High Value,2024-03-27
C00276,Ubika Dubey,Female,18-24,Ahmedabad,Gujarat,Regular,2024-10-03
C00277,Anjali Mukherjee,Male,45-54,Hyderabad,Telangana,New,2025-07-08
C00278,Laban Yohannan,Male,18-24,Hyderabad,Telangana,Loyal,2024-07-30
C00279,Rachit Swamy,Male,55+,Mumbai,Maharashtra,Regular,2026-05-16
C00280,Wahab Bali,Male,55+,Patna,Bihar,Regular,2025-04-29
C00281,Teerth Sridhar,Female,25-34,Mumbai,Maharashtra,Loyal,2023-12-15
C00282,Vaishnavi Modi,Male,35-44,Visakhapatnam,Andhra Pradesh,Loyal,2024-11-20
C00283,Urishilla Bhat,Male,55+,Bengaluru,Karnataka,Regular,2026-03-26
C00284,Chandani Sanghvi,Male,18-24,Mysuru,Karnataka,New,2025-03-05
C00285,Liam Manda,Male,55+,Ahmedabad,Gujarat,Regular,2023-08-14
C00286,Ekanta Sabharwal,Female,18-24,Mysuru,Karnataka,New,2024-08-01
C00287,Irya Palan,Male,18-24,Kochi,Kerala,Regular,2023-12-04
C00288,Abhimanyu Lad,Male,45-54,Ahmedabad,Gujarat,Regular,2025-02-05
C00289,Adweta Chander,Male,55+,Visakhapatnam,Andhra Pradesh,Regular,2024-10-10
C00290,Bhavani Das,Male,45-54,Chennai,Tamil Nadu,Loyal,2025-05-07
C00291,Netra Kant,Male,45-54,Kochi,Kerala,Loyal,2026-05-31
C00292,Dalaja Sastry,Male,18-24,Lucknow,Uttar Pradesh,Regular,2023-09-30
C00293,Zaitra Viswanathan,Male,25-34,Bengaluru,Karnataka,Regular,2025-08-17
C00294,Elijah Varghese,Female,45-54,Bhubaneswar,Odisha,High Value,2025-03-12
C00295,Banjeet Kashyap,Female,45-54,Bhopal,Madhya Pradesh,Regular,2024-03-20
C00296,Hemani Ravi,Male,18-24,Kochi,Kerala,Loyal,2023-12-08
C00297,Neelima Krishnan,Male,45-54,Patna,Bihar,Regular,2024-05-25
C00298,Nihal Raghavan,Female,35-44,Mumbai,Maharashtra,Loyal,2024-11-11
C00299,Zashil Saha,Female,18-24,Kolkata,West Bengal,Regular,2025-12-01
C00300,Chasmum Patla,Female,35-44,Jaipur,Rajasthan,High Value,2025-08-03
C00301,Farhan Misra,Male,18-24,Indore,Madhya Pradesh,Loyal,2025-12-09
C00302,Lopa Kakar,Female,18-24,Madurai,Tamil Nadu,Loyal,2024-12-04
C00303,Chandran Deshpande,Male,55+,Ahmedabad,Gujarat,New,2025-04-08
C00304,Brinda Bobal,Female,18-24,Patna,Bihar,Regular,2024-12-22
C00305,Amol Parekh,Male,35-44,Kochi,Kerala,Regular,2025-03-29
C00306,Vamakshi Rege,Male,55+,Ahmedabad,Gujarat,Regular,2023-11-26
C00307,William Kannan,Female,25-34,Bengaluru,Karnataka,Loyal,2025-12-11
C00308,Pooja Chhabra,Female,18-24,Ahmedabad,Gujarat,Loyal,2024-07-24
C00309,Ekbal Memon,Male,45-54,Bhubaneswar,Odisha,Loyal,2025-08-01
C00310,Naksh Devan,Male,55+,Visakhapatnam,Andhra Pradesh,Loyal,2023-11-23
C00311,Nathan Karan,Male,25-34,Pune,Maharashtra,Regular,2024-08-30
C00312,Qasim Deshmukh,Female,35-44,Delhi,Delhi,New,2026-05-10
C00313,Ayaan Chokshi,Female,18-24,Bengaluru,Karnataka,New,2026-01-19
C00314,Hardik Sarkar,Male,55+,Chennai,Tamil Nadu,Regular,2026-03-09
C00315,Tripti Ahuja,Female,35-44,Kochi,Kerala,New,2025-10-23
C00316,Oni Vaidya,Female,55+,Delhi,Delhi,Regular,2025-02-20
C00317,Vritti Sarin,Male,25-34,Coimbatore,Tamil Nadu,Loyal,2025-04-03
C00318,Omkaar Chada,Male,35-44,Coimbatore,Tamil Nadu,Regular,2026-03-24
C00319,Yatan Khanna,Female,55+,Kochi,Kerala,Regular,2026-01-15
C00320,Pranav Deshpande,Male,55+,Pune,Maharashtra,New,2023-08-19
C00321,Krish Mand,Male,35-44,Kochi,Kerala,Regular,2024-02-28
C00322,Jagrati Chowdhury,Female,55+,Bhubaneswar,Odisha,Regular,2023-09-08
C00323,Yug Prashad,Male,45-54,Coimbatore,Tamil Nadu,High Value,2025-02-26
C00324,Harshil Khanna,Male,25-34,Coimbatore,Tamil Nadu,Regular,2026-03-30
C00325,Faraj Shenoy,Male,35-44,Hyderabad,Telangana,Regular,2025-11-03
C00326,Ekbal Thakur,Male,45-54,Trichy,Tamil Nadu,Loyal,2025-03-26
C00327,Arunima Radhakrishnan,Male,45-54,Mysuru,Karnataka,Regular,2025-05-31
C00328,Nandini Handa,Female,18-24,Mumbai,Maharashtra,Regular,2023-08-17
C00329,Rohan Gill,Female,18-24,Coimbatore,Tamil Nadu,Regular,2024-01-26
C00330,Yahvi Master,Female,55+,Madurai,Tamil Nadu,Regular,2025-08-05
C00331,Ubika Lata,Female,35-44,Kolkata,West Bengal,New,2023-10-20
C00332,Neha Raghavan,Female,25-34,Chennai,Tamil Nadu,Loyal,2025-06-26
C00333,Hema Sinha,Female,35-44,Visakhapatnam,Andhra Pradesh,New,2025-03-13
C00334,Oliver Tandon,Male,45-54,Trichy,Tamil Nadu,Regular,2024-11-07
C00335,Janya Raj,Male,45-54,Bhopal,Madhya Pradesh,Loyal,2026-05-20
C00336,Harshil Choudhary,Male,35-44,Jaipur,Rajasthan,Loyal,2025-08-28
C00337,Maanav Pant,Male,55+,Madurai,Tamil Nadu,Regular,2025-07-13
C00338,Aachal Parmer,Female,25-34,Ahmedabad,Gujarat,Regular,2026-05-08
C00339,Om Kaul,Female,25-34,Bengaluru,Karnataka,New,2025-01-29
C00340,Jason Chopra,Male,25-34,Bengaluru,Karnataka,High Value,2026-03-22
C00341,Omaja Setty,Female,55+,Indore,Madhya Pradesh,Loyal,2024-07-08
C00342,Kashvi Wali,Female,35-44,Lucknow,Uttar Pradesh,New,2025-02-24
C00343,Libni Parmer,Female,45-54,Madurai,Tamil Nadu,Regular,2024-08-12
C00344,Hema Choudhury,Male,35-44,Pune,Maharashtra,Regular,2024-07-15
C00345,Dominic Pathak,Female,45-54,Delhi,Delhi,New,2023-09-22
C00346,Nandini Bobal,Female,18-24,Ahmedabad,Gujarat,Regular,2025-04-19
C00347,Samesh Ahuja,Female,45-54,Madurai,Tamil Nadu,Regular,2026-02-05
C00348,Mahika Ramanathan,Female,55+,Coimbatore,Tamil Nadu,Regular,2025-02-17
C00349,Charita Banik,Female,55+,Jaipur,Rajasthan,New,2024-07-03
C00350,Ojas Nazareth,Female,18-24,Coimbatore,Tamil Nadu,Loyal,2024-06-13
C00351,Udarsh Buch,Male,55+,Jaipur,Rajasthan,Regular,2026-04-02
C00352,Vincent Kurian,Male,45-54,Coimbatore,Tamil Nadu,High Value,2026-01-18
C00353,Nicholas Bhandari,Male,35-44,Bhopal,Madhya Pradesh,Regular,2025-10-16
C00354,Aditya Kapur,Female,45-54,Delhi,Delhi,Loyal,2024-05-13
C00355,Panini Shan,Male,35-44,Visakhapatnam,Andhra Pradesh,New,2023-09-08
C00356,Bhavini Cheema,Female,35-44,Trichy,Tamil Nadu,Regular,2026-01-01
C00357,Rohan Muni,Male,35-44,Visakhapatnam,Andhra Pradesh,New,2024-08-26
C00358,Dipta Dash,Female,35-44,Bengaluru,Karnataka,High Value,2024-05-19
C00359,Yashodhara Sandal,Male,55+,Kolkata,West Bengal,Loyal,2025-09-21
C00360,Gautam Cheema,Female,55+,Madurai,Tamil Nadu,Regular,2024-02-10
C00361,Yashawini Sen,Male,55+,Jaipur,Rajasthan,New,2024-06-28
C00362,Garima Dugar,Female,18-24,Kochi,Kerala,Regular,2024-10-17
C00363,Nandini Chand,Male,35-44,Mysuru,Karnataka,Loyal,2024-08-28
C00364,Frado Purohit,Male,25-34,Indore,Madhya Pradesh,High Value,2026-04-07
C00365,Pahal Narain,Male,35-44,Bengaluru,Karnataka,Loyal,2024-09-26
C00366,Jai Ravel,Male,35-44,Trichy,Tamil Nadu,Loyal,2025-12-07
C00367,Balvan Srivastava,Male,55+,Visakhapatnam,Andhra Pradesh,Regular,2026-05-07
C00368,Mitali Pillay,Male,55+,Mysuru,Karnataka,Loyal,2025-07-23
C00369,Anay Ray,Female,18-24,Mysuru,Karnataka,Regular,2025-12-25
C00370,Amrita Bhatia,Female,55+,Mumbai,Maharashtra,Regular,2024-11-28
C00371,Ekaraj Mallick,Male,55+,Lucknow,Uttar Pradesh,Regular,2025-02-03
C00372,Ria Wadhwa,Male,35-44,Indore,Madhya Pradesh,Regular,2025-03-29
C00373,Ojasvi Vig,Female,45-54,Bhubaneswar,Odisha,Loyal,2025-03-13
C00374,Alka Batra,Female,25-34,Kolkata,West Bengal,Loyal,2025-09-10
C00375,David Bali,Male,35-44,Visakhapatnam,Andhra Pradesh,New,2023-09-29
C00376,Nitara Boase,Female,55+,Indore,Madhya Pradesh,Loyal,2024-10-30
C00377,Xavier Kuruvilla,Male,35-44,Bhopal,Madhya Pradesh,New,2024-03-12
C00378,Dakshesh Wali,Female,45-54,Mysuru,Karnataka,Loyal,2025-02-12
C00379,Anita Sekhon,Female,18-24,Bengaluru,Karnataka,Loyal,2025-12-28
C00380,Rajata Ravi,Female,35-44,Mumbai,Maharashtra,Loyal,2026-06-10
C00381,Manbir Bava,Male,45-54,Kochi,Kerala,Regular,2025-11-01
C00382,Girindra Pillay,Female,18-24,Mumbai,Maharashtra,Regular,2025-07-15
C00383,Fitan Khanna,Female,18-24,Chennai,Tamil Nadu,Loyal,2023-12-10
C00384,Jeevika Nayak,Male,25-34,Jaipur,Rajasthan,New,2026-01-11
C00385,Aarnav Tripathi,Male,45-54,Indore,Madhya Pradesh,Regular,2026-05-26
C00386,Pallavi Bawa,Male,18-24,Chennai,Tamil Nadu,Regular,2025-07-09
C00387,Dhriti Deep,Female,18-24,Bengaluru,Karnataka,Loyal,2023-10-23
C00388,Isha Banik,Female,18-24,Mumbai,Maharashtra,New,2024-02-18
C00389,Wriddhish Barman,Female,18-24,Kochi,Kerala,New,2026-07-01
C00390,Hritik Narasimhan,Male,55+,Indore,Madhya Pradesh,Regular,2023-09-17
C00391,Ekantika Badal,Female,45-54,Bengaluru,Karnataka,New,2024-04-14
C00392,Jasmit Batra,Male,55+,Ahmedabad,Gujarat,Regular,2025-04-02
C00393,Bhavani Doctor,Female,18-24,Madurai,Tamil Nadu,High Value,2024-12-14
C00394,Raksha Gara,Male,45-54,Patna,Bihar,Loyal,2024-07-04
C00395,Hritik Bhagat,Female,35-44,Coimbatore,Tamil Nadu,Regular,2025-04-10
C00396,Kamala Raju,Female,18-24,Chennai,Tamil Nadu,Regular,2024-05-04
C00397,Ekani Dhillon,Female,25-34,Trichy,Tamil Nadu,New,2026-03-28
C00398,Meghana Kota,Female,25-34,Patna,Bihar,Loyal,2023-12-05
C00399,Vasudha Randhawa,Female,25-34,Lucknow,Uttar Pradesh,Loyal,2026-04-26
C00400,Urvi Kothari,Female,18-24,Madurai,Tamil Nadu,Regular,2024-04-04
C00401,Omisha Nanda,Male,18-24,Coimbatore,Tamil Nadu,Regular,2025-09-24
C00402,David Kaur,Female,55+,Delhi,Delhi,Regular,2024-08-16
C00403,Faqid Sandhu,Male,35-44,Coimbatore,Tamil Nadu,Regular,2025-06-02
C00404,Laban Seshadri,Female,35-44,Coimbatore,Tamil Nadu,New,2024-07-25
C00405,Zehaan Dua,Female,45-54,Ahmedabad,Gujarat,Loyal,2024-09-14
C00406,Rajata Dada,Female,25-34,Kolkata,West Bengal,Regular,2026-07-10
C00407,Faqid Mitra,Female,55+,Indore,Madhya Pradesh,Regular,2025-09-12
C00408,Upma Mishra,Female,18-24,Madurai,Tamil Nadu,Regular,2025-11-20
C00409,Zansi Misra,Female,35-44,Mysuru,Karnataka,New,2024-08-30
C00410,Caleb Kaur,Female,35-44,Jaipur,Rajasthan,Regular,2024-07-04
C00411,Upasna Kapadia,Male,45-54,Kochi,Kerala,Regular,2026-04-05
C00412,Fariq Kunda,Female,55+,Coimbatore,Tamil Nadu,High Value,2025-09-05
C00413,Chandran Menon,Male,18-24,Pune,Maharashtra,Regular,2024-02-12
C00414,Ekani Setty,Female,55+,Kolkata,West Bengal,Loyal,2025-10-18
C00415,Mohammed Singh,Male,25-34,Mysuru,Karnataka,Loyal,2024-11-09
C00416,Bhavani Krishnan,Male,25-34,Lucknow,Uttar Pradesh,New,2024-07-10
C00417,Omisha Saxena,Female,45-54,Ahmedabad,Gujarat,Loyal,2025-10-15
C00418,Raghav Mammen,Male,45-54,Coimbatore,Tamil Nadu,Loyal,2024-07-02
C00419,Qabil Hegde,Female,18-24,Ahmedabad,Gujarat,Regular,2024-02-18
C00420,Tamanna Taneja,Female,45-54,Bhopal,Madhya Pradesh,Regular,2023-10-11
C00421,Waida Kapadia,Male,18-24,Pune,Maharashtra,New,2025-12-07
C00422,Aarnav Sahni,Female,55+,Mysuru,Karnataka,Regular,2024-01-14
C00423,Yahvi Srivastava,Male,35-44,Patna,Bihar,Loyal,2025-12-26
C00424,Sara Gade,Male,55+,Lucknow,Uttar Pradesh,Regular,2023-12-31
C00425,Raagini Dua,Male,18-24,Indore,Madhya Pradesh,New,2024-01-03
C00426,Mohammed Madan,Female,25-34,Madurai,Tamil Nadu,Loyal,2026-01-10
C00427,Ati Srivastava,Male,35-44,Lucknow,Uttar Pradesh,Regular,2025-03-06
C00428,Daniel Bhasin,Female,35-44,Madurai,Tamil Nadu,Loyal,2026-01-04
C00429,Rushil Shanker,Female,55+,Mysuru,Karnataka,Regular,2024-01-02
C00430,Amruta Patel,Male,25-34,Hyderabad,Telangana,Loyal,2024-08-13
C00431,Vritti Srivastava,Female,55+,Chennai,Tamil Nadu,Regular,2025-10-07
C00432,Andrew Rama,Male,55+,Lucknow,Uttar Pradesh,Loyal,2025-08-11
C00433,Azaan Hari,Female,45-54,Madurai,Tamil Nadu,High Value,2026-02-23
C00434,Ranbir Edwin,Female,45-54,Indore,Madhya Pradesh,Loyal,2025-06-08
C00435,Chasmum Keer,Male,35-44,Madurai,Tamil Nadu,Regular,2026-02-15
C00436,Alka Ahluwalia,Female,55+,Lucknow,Uttar Pradesh,Regular,2025-06-14
C00437,Shivansh Gupta,Male,25-34,Patna,Bihar,Regular,2023-10-30
C00438,Xiti Kibe,Male,55+,Coimbatore,Tamil Nadu,New,2024-08-05
C00439,Zaid Panchal,Male,35-44,Mysuru,Karnataka,Loyal,2024-08-26
C00440,Meghana Ramakrishnan,Female,55+,Mumbai,Maharashtra,Loyal,2025-07-05
C00441,Amara Gade,Female,25-34,Madurai,Tamil Nadu,Regular,2023-09-14
C00442,Hiral Shere,Female,25-34,Patna,Bihar,Regular,2024-03-21
C00443,Teerth Narasimhan,Male,55+,Visakhapatnam,Andhra Pradesh,Regular,2025-03-03
C00444,Max Deep,Male,25-34,Bhubaneswar,Odisha,Regular,2024-06-20
C00445,Jatin Basak,Female,55+,Visakhapatnam,Andhra Pradesh,New,2024-12-07
C00446,Ishita Puri,Male,18-24,Chennai,Tamil Nadu,Loyal,2023-11-06
C00447,Gabriel Upadhyay,Female,25-34,Bhubaneswar,Odisha,Loyal,2025-11-09
C00448,Yahvi Kibe,Male,45-54,Kochi,Kerala,Loyal,2025-09-26
C00449,Warda Ganesh,Female,35-44,Patna,Bihar,Regular,2024-07-18
C00450,Veda Walia,Female,45-54,Kolkata,West Bengal,New,2024-08-31
C00451,Sachi Sane,Male,45-54,Coimbatore,Tamil Nadu,Regular,2023-09-25
C00452,Tanay Rajan,Male,35-44,Lucknow,Uttar Pradesh,Regular,2023-11-26
C00453,Jyoti Saraf,Female,35-44,Jaipur,Rajasthan,High Value,2025-12-02
C00454,Ganga Ahluwalia,Female,55+,Bengaluru,Karnataka,Regular,2023-11-16
C00455,Jagdish Vora,Male,45-54,Jaipur,Rajasthan,New,2024-08-30
C00456,Meera Batra,Male,25-34,Lucknow,Uttar Pradesh,New,2024-01-17
C00457,Qushi Anand,Female,55+,Delhi,Delhi,Regular,2025-02-27
C00458,Rajeshri Bhatti,Female,55+,Mysuru,Karnataka,Loyal,2025-09-19
C00459,Mahika Sarna,Male,45-54,Hyderabad,Telangana,High Value,2025-07-29
C00460,Ucchal Pradhan,Female,35-44,Lucknow,Uttar Pradesh,Regular,2025-11-05
C00461,Dhriti Sodhi,Female,55+,Madurai,Tamil Nadu,Regular,2023-11-28
C00462,Divya Ghose,Male,55+,Mumbai,Maharashtra,Regular,2025-08-17
C00463,Damyanti Shan,Female,45-54,Coimbatore,Tamil Nadu,Regular,2024-05-01
C00464,Anay Chad,Female,55+,Indore,Madhya Pradesh,New,2025-05-31
C00465,Yoshita Dhaliwal,Female,25-34,Trichy,Tamil Nadu,Loyal,2025-03-13
C00466,Bhavini Kala,Female,35-44,Ahmedabad,Gujarat,New,2025-06-12
C00467,Gayathri Pal,Male,35-44,Coimbatore,Tamil Nadu,Regular,2024-08-13
C00468,Ishaan Soni,Female,55+,Madurai,Tamil Nadu,Regular,2024-07-03
C00469,Warda Vasa,Female,55+,Patna,Bihar,Regular,2024-02-04
C00470,Chakradev Minhas, MALE ,18-24,Trichy,Tamil Nadu,Regular,2024-01-07
C00471,Mugdha Sampath,Female,25-34,Jaipur,Rajasthan,New,2024-12-26
C00472,Xalak Peri,Female,55+,Bhopal,Madhya Pradesh,New,2024-08-15
C00473,Darpan Bajwa,Male,35-44,Coimbatore,Tamil Nadu,Loyal,2024-11-01
C00474,Yasti Tata,Female,25-34,Bhopal,Madhya Pradesh,Regular,2026-05-28
C00475,Bimala Tailor,Male,35-44,Bhopal,Madhya Pradesh,Loyal,2026-03-19
C00476,Vamakshi Pathak,Male,45-54,Jaipur,Rajasthan,High Value,2024-10-02
C00477,Oeshi Ramanathan,Female,55+,Delhi,Delhi,Loyal,2024-05-03
C00478,Ishanvi Sekhon,Female,55+,Patna,Bihar,Regular,2025-02-23
C00479,Geetika Naik,Female,35-44,Chennai,Tamil Nadu,Regular,2026-06-13
C00480,Jeremiah Krishnamurthy,Female,18-24,Kochi,Kerala,Regular,2025-04-23
C00481,Kala Buch,Male,18-24,Pune,Maharashtra,Regular,2026-06-15
C00482,Sanya Tata,Female,25-34,Mysuru,Karnataka,Loyal,2024-01-03
C00483,Baghyawati Natarajan,Male,55+,Mumbai,Maharashtra,Loyal,2026-01-06
C00484,Avni Ganesan,Male,18-24,Trichy,Tamil Nadu,Regular,2026-04-29
C00485,Ranbir Naik,Male,45-54,Kochi,Kerala,Regular,2025-12-13
C00486,Damyanti Atwal,Female,18-24,Kochi,Kerala,Loyal,2025-04-11
C00487,Ayaan Chadha,Male,55+,Bhopal,Madhya Pradesh,Regular,2025-07-29
C00488,Harini Bala,Female,35-44,Indore,Madhya Pradesh,High Value,2024-06-20
C00489,Zehaan Mittal,Female,55+,Lucknow,Uttar Pradesh,Regular,2024-09-20
C00490,Oscar Ray,Female,25-34,Pune,Maharashtra,High Value,2024-06-07
C00491,Lajita Borde,Female,25-34,Pune,Maharashtra,Loyal,2024-01-25
C00492,Niharika Sarraf,Female,25-34,Delhi,Delhi,Regular,2024-12-01
C00493,Ryan Kata,Female,45-54,Indore,Madhya Pradesh,Regular,2025-02-12
C00494,Timothy Dave,Female,18-24,Pune,Maharashtra,Regular,2026-04-03
C00495,William Madan,Female,45-54,Patna,Bihar,Loyal,2024-08-30
C00496,Yachana Sangha,Female,18-24,Bengaluru,Karnataka,Regular,2024-12-27
C00497,Sara Narayanan,Female,45-54,Madurai,Tamil Nadu,Regular,2024-05-19
C00498,Daksha Babu,Male,25-34,Indore,Madhya Pradesh,Loyal,2025-12-07
C00499,Manbir Dada,Female,25-34,Pune,Maharashtra,New,2025-11-22
C00500,Krish Dugal,Male,25-34,Bhubaneswar,Odisha,New,2024-06-29
C00501,Pranav Rana,Male,25-34,Bhopal,Madhya Pradesh,New,2023-12-20
C00502,Charles Samra,Female,45-54,Kochi,Kerala,New,2025-04-19
C00503,Unnati Kuruvilla,Male,55+,Bengaluru,Karnataka,High Value,2025-06-23
C00504,Aadi Dua,Female,45-54,Mysuru,Karnataka,Regular,2023-09-25
C00505,Mohini Kant,Female,35-44,Hyderabad,Telangana,Regular,2026-05-18
C00506,Meghana Thakur,Male,55+,Coimbatore,Tamil Nadu,Regular,2025-08-27
C00507,Henry Chaudry,Male,45-54,Coimbatore,Tamil Nadu,Loyal,2024-12-09
C00508,Hemangini Dayal,Male,45-54,Mysuru,Karnataka,Loyal,2025-09-26
C00509,Janani Ahuja,Female,18-24,Mysuru,Karnataka,New,2025-01-19
C00510,Ekaja Shroff,Male,35-44,Bhubaneswar,Odisha,Regular,2026-07-01
C00511,Ishani Gour,Female,25-34,Patna,Bihar,Loyal,2023-12-22
C00512,Maanav Contractor,Female,25-34,Lucknow,Uttar Pradesh,Loyal,2023-12-15
C00513,Ranveer Toor,Male,45-54,Jaipur,Rajasthan,Regular,2025-07-16
C00514,Pooja Rao,Male,35-44,Mysuru,Karnataka,Loyal,2025-01-09
C00515,Jagdish Kothari,Male,25-34,Bhubaneswar,Odisha,Regular,2025-03-27
C00516,Upasna Nori,Female,55+,Kolkata,West Bengal,Regular,2025-06-20
C00517,Bhavini Kalita,Male,25-34,Kolkata,West Bengal,High Value,2024-11-12
C00518,Dayamai Sen,Female,25-34,Indore,Madhya Pradesh,New,2025-10-21
C00519,Radha Sama,Male,45-54,Kolkata,West Bengal,Loyal,2023-12-22
C00520,Pavani Manne,Female,55+,Jaipur,Rajasthan,Loyal,2024-08-27
C00521,Agastya Bath,Female,35-44,Chennai,Tamil Nadu,Regular,2025-09-13
C00522,Azaan Gulati,Male,45-54,Coimbatore,Tamil Nadu,Regular,2025-10-02
C00523,Idika Reddy,Female,18-24,Kolkata,West Bengal,Regular,2026-03-14
C00524,Geetika Arora,Female,55+,Delhi,Delhi,Regular,2024-03-18
C00525,Max Khurana,Female,25-34,Bengaluru,Karnataka,Regular,2023-10-26
C00526,Warda Kothari,Female,45-54,Visakhapatnam,Andhra Pradesh,Loyal,2025-07-06
C00527,Theodore Chahal,Male,25-34,Indore,Madhya Pradesh,Regular,2024-02-15
C00528,Jagvi Madan,Male,55+,Visakhapatnam,Andhra Pradesh,Regular,2024-12-30
C00529,Anya Khosla,Male,55+,Ahmedabad,Gujarat,New,2024-05-20
C00530,Imaran Sandal,Male,55+,Patna,Bihar,Regular,2025-10-24
C00531,Urvashi Gera,Female,55+,Mysuru,Karnataka,Regular,2023-08-12
C00532,Sathvik Vohra,Female,18-24,Hyderabad,Telangana,Loyal,2026-04-24
C00533,Oeshi Bhatnagar,Male,45-54,Lucknow,Uttar Pradesh,New,2025-09-21
C00534,Sudiksha Nair,Female,55+,Kochi,Kerala,New,2024-06-10
C00535,Samarth Wadhwa,Female,18-24,Lucknow,Uttar Pradesh,Regular,2026-01-23
C00536,Omaja Chopra,Male,55+,Chennai,Tamil Nadu,New,2025-10-14
C00537,Azaan Majumdar,Female,18-24,Kochi,Kerala,Regular,2023-11-09
C00538,Avni Chaudhary,Male,45-54,Coimbatore,Tamil Nadu,New,2024-04-08
C00539,Darsh Tella,Male,25-34,Kochi,Kerala,Loyal,2023-12-20
C00540,Ikshita Sha,Female,45-54,Kochi,Kerala,Regular,2025-09-25
C00541,Rajata Vyas,Female,18-24,Kolkata,West Bengal,Regular,2024-07-17
C00542,Gagan Misra,Male,35-44,Patna,Bihar,New,2026-01-23
C00543,Ekani Gill,Female,55+,Patna,Bihar,New,2024-01-20
C00544,Sanaya Goda,Male,18-24,Mumbai,Maharashtra,High Value,2024-07-06
C00545,Meera Seth,Female,55+,Lucknow,Uttar Pradesh,Regular,2026-02-15
C00546,Rayaan Nagy,Male,45-54,Mumbai,Maharashtra,Regular,2024-10-30
C00547,Hemangini Kaur,Male,18-24,Pune,Maharashtra,New,2026-04-18
C00548,Bhavani Grewal,Male,25-34,Kochi,Kerala,Regular,2026-05-15
C00549,Anya Halder,Male,45-54,Trichy,Tamil Nadu,Regular,2024-02-06
C00550,Banjeet Prasad,Male,18-24,Coimbatore,Tamil Nadu,Regular,2025-10-09
C00551,Umang Shan,Male,18-24,Mumbai,Maharashtra,New,2023-08-16
C00552,Onkar Gara,Male,55+,Delhi,Delhi,Regular,2024-03-23
C00553,Ekavir Shan,Female,25-34,Visakhapatnam,Andhra Pradesh,Regular,2024-05-26
C00554,Priya Baria,Male,45-54,Bengaluru,Karnataka,Regular,2025-10-16
C00555,Udyati Nagy,Male,45-54,Coimbatore,Tamil Nadu,Regular,2025-06-29
C00556,Yahvi Nagy,Female,45-54,Coimbatore,Tamil Nadu,Loyal,2025-04-16
C00557,Chaman Srinivasan,Female,45-54,Jaipur,Rajasthan,New,2026-05-11
C00558,Wriddhish Bhat,Male,55+,Kolkata,West Bengal,Regular,2024-08-24
C00559,Qabil Srinivas,Female,25-34,Mumbai,Maharashtra,Loyal,2024-02-12
C00560,Nathan Kaur,Female,45-54,Coimbatore,Tamil Nadu,Regular,2024-10-26
C00561,Charvi Agrawal,Female,25-34,Bengaluru,Karnataka,Regular,2025-10-31
C00562,Peter Borah,Male,45-54,Jaipur,Rajasthan,Loyal,2023-10-19
C00563,Manthan Patil,Male,18-24,Madurai,Tamil Nadu,Regular,2023-10-02
C00564,Jagrati Datta,Male,18-24,Visakhapatnam,Andhra Pradesh,New,2026-06-18
C00565,Irya Bakshi,Male,45-54,Bhubaneswar,Odisha,Regular,2024-12-18
C00566,Patrick Divan,Female,18-24,Jaipur,Rajasthan,Regular,2025-04-20
C00567,Noah Jani,Male,45-54,Hyderabad,Telangana,Loyal,2024-09-04
C00568,Girish Kibe,Male,45-54,Visakhapatnam,Andhra Pradesh,Loyal,2023-11-25
C00569,Vihaan Oommen,Female,35-44,Patna,Bihar,Regular,2023-12-17
C00570,Zarna Majumdar,Female,35-44,Patna,Bihar,Regular,2024-07-08
C00571,Caleb Mann,Female,45-54,Bhopal,Madhya Pradesh,New,2025-09-23
C00572,Widisha Chad,Female,25-34,Indore,Madhya Pradesh,Regular,2025-12-17
C00573,Ijaya Subramanian,Male,55+,Kochi,Kerala,Loyal,2024-10-20
C00574,George Varghese,Male,35-44,Bengaluru,Karnataka,Regular,2026-06-08
C00575,Nachiket Goswami,Female,35-44,Bhubaneswar,Odisha,New,2024-08-03
C00576,Tanay Venkatesh,Male,45-54,Jaipur,Rajasthan,Regular,2023-11-28
C00577,Maya Misra,Female,55+,Mumbai,Maharashtra,Regular,2024-09-19
C00578,Ucchal Sood,Female,45-54,Jaipur,Rajasthan,High Value,2026-04-07
C00579,Charan Kota,Female,25-34,Indore,Madhya Pradesh,Loyal,2023-12-24
C00580,Rachita Bora,Male,25-34,Ahmedabad,Gujarat,Loyal,2025-01-18
C00581,Ekavir Chokshi,Male,55+,Indore,Madhya Pradesh,High Value,2024-01-10
C00582,Jeet Rao,Male,18-24,Coimbatore,Tamil Nadu,Loyal,2024-07-31
C00583,Arunima Sabharwal,Male,45-54,Coimbatore,Tamil Nadu,New,2023-12-04
C00584,Yatin Golla,Male,25-34,Mumbai,Maharashtra,New,2024-02-01
C00585,Shravya Som,Female,35-44,Bhopal,Madhya Pradesh,New,2026-07-01
C00586,Utkarsh Varghese,Female,45-54,Visakhapatnam,Andhra Pradesh,New,2025-09-21
C00587,Chaaya Basu,Female,18-24,Patna,Bihar,New,2024-01-26
C00588,Zaid Khanna,Female,18-24,Pune,Maharashtra,Regular,2026-06-20
C00589,Ekansh Bhargava,Male,18-24,Kochi,Kerala,Loyal,2025-12-28
C00590,Omisha Seth,Male,25-34,Bhopal,Madhya Pradesh,New,2026-02-25
C00591,Harshil Vala,Female,35-44,Bhopal,Madhya Pradesh,Regular,2023-08-31
C00592,Aarini Pandit,Male,35-44,Kolkata,West Bengal,High Value,2024-08-09
C00593,Sudiksha Nagi,Male,25-34,Lucknow,Uttar Pradesh,Regular,2024-02-26
C00594,Gaurika Nair,Male,18-24,Madurai,Tamil Nadu,Regular,2024-03-13
C00595,Yashawini Lata,Female,18-24,Kolkata,West Bengal,Regular,2024-04-22
C00596,Vasatika Bansal,Male,45-54,Mysuru,Karnataka,Loyal,2026-03-21
C00597,Pratyush Tank,Male,55+,Jaipur,Rajasthan,Loyal,2025-11-20
C00598,Kala Thakur,Male,55+,Mumbai,Maharashtra,Regular,2026-02-23
C00599,Ijaya Oommen,Male,35-44,Coimbatore,Tamil Nadu,Loyal,2023-11-30
C00600,Chandran Balasubramanian,Male,25-34,Bhubaneswar,Odisha,Loyal,2025-01-02
C00601,Ekansh Manda,Male,25-34,Jaipur,Rajasthan,Regular,2025-06-17
C00602,Praneel Kalla,Male,35-44,Kolkata,West Bengal,New,2024-04-18
C00603,Hema Bir,Female,55+,Mumbai,Maharashtra,Regular,2023-09-14
C00604,Nisha Rajagopal,Male,55+,Bengaluru,Karnataka,Loyal,2026-06-17
C00605,Dayamai Barman,Male,18-24,Ahmedabad,Gujarat,Regular,2024-09-22
C00606,Kevin Kakar,Female,55+,Madurai,Tamil Nadu,Loyal,2024-05-21
C00607,Megha Gour,Female,35-44,Visakhapatnam,Andhra Pradesh,New,2023-08-27
C00608,Jeremiah Mody,Female,45-54,Pune,Maharashtra,Regular,2025-07-18
C00609,Ayaan Kant,Female,45-54,Patna,Bihar,New,2024-01-02
C00610,Girindra Misra,Female,18-24,Bhubaneswar,Odisha,Loyal,2024-08-23
C00611,Girik Bhatti,Male,18-24,Delhi,Delhi,New,2025-02-04
C00612,Omya Mitra,Female,25-34,Bengaluru,Karnataka,Loyal,2026-02-19
C00613,Jackson Khatri,Female,18-24,Jaipur,Rajasthan,New,2025-03-17
C00614,Aayush Nagy,Female,35-44,Delhi,Delhi,Loyal,2025-09-24
C00615,Saanvi Mander,Male,18-24,Trichy,Tamil Nadu,New,2025-02-24
C00616,Ekbal Khanna,Female,18-24,Lucknow,Uttar Pradesh,New,2025-06-13
C00617,Upkaar Kalita,Male,55+,Ahmedabad,Gujarat,Regular,2024-01-28
C00618,Shivansh Pandey,Female,18-24,Jaipur,Rajasthan,Regular,2025-11-12
C00619,Adya Sami,Male,55+,Kolkata,West Bengal,Loyal,2024-09-30
C00620,Azad Tella,Male,45-54,Mumbai,Maharashtra,New,2025-12-10
C00621,Arya Dyal,Female,35-44,Pune,Maharashtra,Regular,2024-05-09
C00622,Ekani Kaul,Male,45-54,Madurai,Tamil Nadu,Regular,2025-02-05
C00623,Ikbal Apte,Female,18-24,Delhi,Delhi,Regular,2024-01-19
C00624,Chasmum Badal,Female,55+,Mumbai,Maharashtra,Regular,2025-08-02
C00625,Vivaan Atwal,Male,25-34,Lucknow,Uttar Pradesh,Regular,2025-10-13
C00626,George Tiwari,Female,55+,Kolkata,West Bengal,Regular,2024-04-17
C00627,Eesha Deshpande,Female,35-44,Jaipur,Rajasthan,Regular,2025-01-17
C00628,Udyati Kaul,Male,35-44,Visakhapatnam,Andhra Pradesh,Regular,2026-05-04
C00629,Frederick Ravel,Female,35-44,Hyderabad,Telangana,New,2024-01-17
C00630,Abdul Barad,Female,35-44,Kolkata,West Bengal,Loyal,2024-05-18
C00631,Oni Parsa,Male,35-44,Indore,Madhya Pradesh,Regular,2024-12-09
C00632,Maya Sha,Female,18-24,Kolkata,West Bengal,Loyal,2023-12-13
C00633,Yutika Bera,Male,55+,Hyderabad,Telangana,New,2025-01-01
C00634,Bina Gala,Male,45-54,Lucknow,Uttar Pradesh,Loyal,2025-12-20
C00635,Ranbir Krishnamurthy,Female,45-54,Madurai,Tamil Nadu,New,2024-02-03
C00636,Yashvi Tank,Male,35-44,Delhi,Delhi,Regular,2024-03-10
C00637,Wriddhish Ramachandran,Female,18-24,Kochi,Kerala,Regular,2024-04-30
C00638,Nikita Narain,Female,55+,Visakhapatnam,Andhra Pradesh,Regular,2024-06-06
C00639,Ranbir Rege,Female,55+,Bhopal,Madhya Pradesh,New,2024-09-26
C00640,Urishilla Basak,Male,18-24,Ahmedabad,Gujarat,Loyal,2026-06-25
C00641,Chandran Raj,Male,55+,Ahmedabad,Gujarat,New,2025-10-31
C00642,Alexander Sheth,Female,45-54,Kolkata,West Bengal,New,2025-09-18
C00643,Manan Madan,Female,25-34,Trichy,Tamil Nadu,Regular,2025-05-03
C00644,Urvashi Randhawa,Male,45-54,Bhopal,Madhya Pradesh,Regular,2024-02-26
C00645,Sai Agate,Male,35-44,Lucknow,Uttar Pradesh,High Value,2026-06-22
C00646,Jagvi Dora,Male,35-44,Indore,Madhya Pradesh,Regular,2026-04-15
C00647,Balvan Bahl,Male,25-34,Madurai,Tamil Nadu,Regular,2025-10-28
C00648,Zashil Thaker,Female,25-34,Jaipur,Rajasthan,Regular,2023-10-12
C00649,Barkha Johal,Female,18-24,Ahmedabad,Gujarat,Regular,2025-12-28
C00650,Waida Dutt,Female,18-24,Lucknow,Uttar Pradesh,Regular,2025-07-01
C00651,Jacob Lad,Male,35-44,Trichy,Tamil Nadu,Regular,2026-01-12
C00652,Robert Mishra,Male,55+,Mysuru,Karnataka,New,2024-10-19
C00653,Lucky Kunda,Female,55+,Mysuru,Karnataka,Regular,2024-10-06
C00654,Joshua Kar,Male,45-54,Lucknow,Uttar Pradesh,Regular,2025-11-28
C00655,Shivani Koshy,Female,45-54,Mysuru,Karnataka,New,2023-08-22
C00656,Aachal Chaudhry,Male,45-54,Visakhapatnam,Andhra Pradesh,Regular,2024-01-12
C00657,Charan Saran,Male,25-34,Kolkata,West Bengal,Regular,2024-01-12
C00658,Damini Ram,Male,55+,Madurai,Tamil Nadu,New,2025-09-16
C00659,Veda Anand,Male,45-54,Jaipur,Rajasthan,New,2026-04-23
C00660,Zansi Bhatnagar,Female,55+,Indore,Madhya Pradesh,Regular,2025-07-29
C00661,Caleb Char,Male,35-44,Kolkata,West Bengal,Regular,2025-08-13
C00662,Anjali Boase,Male,35-44,Lucknow,Uttar Pradesh,Loyal,2024-12-10
C00663,Krishna Bahri,Male,25-34,Bhubaneswar,Odisha,Regular,2026-03-05
C00664,Nirja Tara,Female,18-24,Mumbai,Maharashtra,New,2024-05-16
C00665,Balvan Venkataraman,Female,45-54,Bengaluru,Karnataka,Regular,2025-08-27
C00666,Hamsini Sinha,Female,45-54,Bhubaneswar,Odisha,New,2024-02-07
C00667,Darsh Muni,Male,55+,Patna,Bihar,New,2025-08-06
C00668,Faras Pingle,Male,25-34,Delhi,Delhi,Regular,2024-04-23
C00669,Mitali Lanka,Male,35-44,Lucknow,Uttar Pradesh,High Value,2024-10-09
C00670,Zaitra Sani,Male,25-34,Indore,Madhya Pradesh,Loyal,2025-04-07
C00671,Vasatika Oza,Female,45-54,Patna,Bihar,Regular,2026-06-05
C00672,Gopal Varkey,Female,45-54,Kochi,Kerala,New,2025-09-07
C00673,Zayyan Gola,Male,25-34,Bhubaneswar,Odisha,Regular,2023-10-12
C00674,Imaran Goyal,Male,55+,Pune,Maharashtra,Regular,2024-03-19
C00675,Harshil Johal,Female,55+,Lucknow,Uttar Pradesh,Regular,2026-03-19
C00676,Warinder Nadig,Male,35-44,Bhubaneswar,Odisha,Loyal,2026-04-19
C00677,Sachi Natt,Male,45-54,Ahmedabad,Gujarat,Regular,2026-01-26
C00678,Hemal Sagar,Male,25-34,Kochi,Kerala,Regular,2025-07-16
C00679,Zehaan Rau,Female,35-44,Coimbatore,Tamil Nadu,Regular,2024-07-26
C00680,Balendra Bhardwaj,Female,18-24,Madurai,Tamil Nadu,Loyal,2024-02-01
C00681,Charita Parikh,Male,55+,Mumbai,Maharashtra,Regular,2025-08-01
C00682,Falguni Sridhar,Female,25-34,Visakhapatnam,Andhra Pradesh,Regular,2025-09-05
C00683,Hema Tandon,Male,18-24,Hyderabad,Telangana,Regular,2024-07-28
C00684,Finn Barman,Female,55+,Patna,Bihar,Regular,2025-08-15
C00685,David Palla,Female,35-44,Jaipur,Rajasthan,Regular,2026-03-03
C00686,Priya Sehgal,Male,25-34,Bhopal,Madhya Pradesh,High Value,2025-04-26
C00687,Warjas Verma,Male,35-44,Kochi,Kerala,Loyal,2025-02-12
C00688,Aarav Kale,Male,25-34,Bengaluru,Karnataka,New,2024-05-07
C00689,Vansha Madan,Male,45-54,Jaipur,Rajasthan,Regular,2024-01-30
C00690,Tanish Wali,Female,45-54,Bhubaneswar,Odisha,Regular,2026-02-27
C00691,Zaid Sangha,Male,45-54,Madurai,Tamil Nadu,Regular,2026-06-19
C00692,Gavin Mand,Female,45-54,Pune,Maharashtra,High Value,2025-02-01
C00693,Nitesh Luthra,Male,18-24,Jaipur,Rajasthan,Loyal,2026-02-21
C00694,Zarna Suresh,Female,18-24,Lucknow,Uttar Pradesh,Loyal,2024-11-06
C00695,Theodore Mishra,Male,45-54,Kolkata,West Bengal,Loyal,2024-09-27
C00696,Saksham Sagar,Female,35-44,Indore,Madhya Pradesh,Loyal,2025-01-20
C00697,Odika Date,Male,55+,Jaipur,Rajasthan,Loyal,2024-11-26
C00698,Vinaya Dada,Male,18-24,Jaipur,Rajasthan,New,2026-01-15
C00699,Yashasvi Mann,Male,18-24,Lucknow,Uttar Pradesh,Loyal,2024-08-22
C00700,Tejas Buch,Female,45-54,Mysuru,Karnataka,New,2025-08-16
C00701,Aadi Kulkarni,Male,25-34,Kochi,Kerala,Loyal,2025-05-19
C00702,Tamanna Mannan,Male,35-44,Delhi,Delhi,New,2026-07-09
C00703,Bhanumati Walla,Female,18-24,Ahmedabad,Gujarat,Regular,2024-08-26
C00704,Sanya Mann,Male,45-54,Mysuru,Karnataka,Regular,2025-03-26
C00705,Hitesh Narang,Female,18-24,Mumbai,Maharashtra,Loyal,2024-03-29
C00706,Sachi Bora,Male,45-54,Chennai,Tamil Nadu,New,2025-01-23
C00707,Tanish Brahmbhatt,Male,55+,Bhubaneswar,Odisha,Regular,2026-06-08
C00708,Theodore Dalal,Male,35-44,Chennai,Tamil Nadu,Loyal,2025-12-15
C00709,Chanchal Bose,Male,45-54,Kochi,Kerala,New,2025-04-15
C00710,Pooja Borra,Male,18-24,Kolkata,West Bengal,New,2026-05-16
C00711,Umang Chaudhary,Female,25-34,Ahmedabad,Gujarat,Regular,2026-01-22
C00712,Jyoti Dora,Male,18-24,Bengaluru,Karnataka,Regular,2026-01-31
C00713,Kashish Dash,Male,45-54,Chennai,Tamil Nadu,Regular,2024-10-25
C00714,Chandran Agate,Male,45-54,Hyderabad,Telangana,Regular,2024-12-28
C00715,Hemal Borra,Male,18-24,Lucknow,Uttar Pradesh,Loyal,2024-09-30
C00716,Rajeshri Oza,Male,55+,Bengaluru,Karnataka,Loyal,2024-07-18
C00717,Jairaj Rama,Female,35-44,Ahmedabad,Gujarat,Loyal,2024-03-16
C00718,Yuvraj Guha,Female,18-24,Mumbai,Maharashtra,Regular,2025-03-16
C00719,Rajata Mangal,Female,18-24,Visakhapatnam,Andhra Pradesh,Loyal,2024-01-25
C00720,Nirja Vohra,Male,55+,Delhi,Delhi,Regular,2026-06-06
C00721,Charan Mukherjee,Female,35-44,Hyderabad,Telangana,Regular,2025-12-13
C00722,Priya Hayre,Female,45-54,Mumbai,Maharashtra,New,2024-05-03
C00723,Maanav Gopal,Male,55+,Indore,Madhya Pradesh,Loyal,2026-03-13
C00724,Chandran Chander,Female,35-44,Chennai,Tamil Nadu,New,2024-09-26
C00725,Yug Bains,Female,35-44,Bhubaneswar,Odisha,Regular,2026-03-08
C00726,Daksha Ranganathan,Female,18-24,Mysuru,Karnataka,New,2025-12-07
C00727,Reyansh Bir,Male,35-44,Madurai,Tamil Nadu,Regular,2025-03-09
C00728,Dipta Ganguly,Female,55+,Coimbatore,Tamil Nadu,Regular,2024-07-19
C00729,Mugdha Chhabra,Female,45-54,Bhopal,Madhya Pradesh,Loyal,2024-02-26
C00730,Finn Prakash,Male,35-44,Madurai,Tamil Nadu,New,2024-10-01
C00731,Gaurika Saxena,Male,25-34,Madurai,Tamil Nadu,Regular,2025-08-08
C00732,Vrinda Zachariah,Male,35-44,Kolkata,West Bengal,Regular,2024-09-08
C00733,Xavier Bhatt,Male,25-34,Mumbai,Maharashtra,New,2024-11-18
C00734,Frado Prashad,Male,45-54,Kochi,Kerala,Regular,2024-10-02
C00735,Isaiah Dewan,Female,25-34,Coimbatore,Tamil Nadu,New,2024-02-14
C00736,Upkaar Tiwari,Male,25-34,Bengaluru,Karnataka,Regular,2024-04-18
C00737,Anmol Cherian,Female,25-34,Ahmedabad,Gujarat,Regular,2026-04-09
C00738,Anya Thaman,Male,18-24,Pune,Maharashtra,Regular,2025-05-28
C00739,Ishita Nadkarni,Female,55+,Kochi,Kerala,New,2024-08-26
C00740,Dalaja Guha,Male,45-54,Bhubaneswar,Odisha,Regular,2024-01-17
C00741,Victor Gulati,Male,45-54,Ahmedabad,Gujarat,Loyal,2025-02-15
C00742,Ira Bhakta,Female,25-34,Mysuru,Karnataka,Regular,2024-04-13
C00743,Ishwar Srinivas,Male,25-34,Trichy,Tamil Nadu,Loyal,2026-02-22
C00744,Warinder Dhawan,Male,18-24,Chennai,Tamil Nadu,Regular,2025-07-07
C00745,Vincent Krishna,Female,45-54,Indore,Madhya Pradesh,Loyal,2026-03-02
C00746,Damini Saini,Male,55+,Mysuru,Karnataka,Loyal,2025-11-25
C00747,Janaki Goyal,Male,35-44,Kochi,Kerala,Regular,2025-05-11
C00748,Brijesh Nanda,Female,18-24,Jaipur,Rajasthan,Regular,2024-04-29
C00749,Zashil Pant,Male,25-34,Trichy,Tamil Nadu,Regular,2024-10-01
C00750,Jatin Goel,Male,45-54,Bhopal,Madhya Pradesh,New,2025-04-29
C00751,Charan Bakshi,Female,35-44,Lucknow,Uttar Pradesh,Regular,2024-03-19
C00752,Bachittar Choudhury,Female,18-24,Patna,Bihar,Regular,2023-12-17
C00753,Lipika Yogi,Female,55+,Delhi,Delhi,Regular,2025-10-25
C00754,Gaurangi Vig,Female,25-34,Ahmedabad,Gujarat,Loyal,2024-07-23
C00755,Baljiwan Khanna,Male,25-34,Patna,Bihar,New,2026-02-20
C00756,Garima Samra,Male,25-34,Kochi,Kerala,Regular,2023-08-25
C00757,Ucchal Golla,Female,18-24,Chennai,Tamil Nadu,Loyal,2024-11-26
C00758,Ikshita Khalsa,Female,18-24,Kolkata,West Bengal,Regular,2025-08-04
C00759,Niharika Srinivasan,Female,45-54,Mumbai,Maharashtra,High Value,2024-02-14
C00760,Jagvi Ramanathan,Female,18-24,Bengaluru,Karnataka,New,2023-11-30
C00761,Amol Dhaliwal,Female,35-44,Mumbai,Maharashtra,Regular,2024-11-26
C00762,Yashawini Seth,Male,55+,Madurai,Tamil Nadu,New,2025-03-22
C00763,Fitan Bandi,Male,55+,Kolkata,West Bengal,Regular,2024-01-07
C00764,Samesh Contractor,Male,25-34,Kochi,Kerala,Regular,2023-09-20
C00765,Nitesh Jaggi,Female,35-44,Jaipur,Rajasthan,Regular,2026-06-13
C00766,Mahika Chauhan,Male,18-24,Pune,Maharashtra,Loyal,2024-11-27
C00767,Leela Ranganathan,Male,25-34,Bengaluru,Karnataka,New,2024-03-03
C00768,Chandresh Chaudhary,Female,35-44,Lucknow,Uttar Pradesh,Regular,2026-06-15
C00769,Turvi Ratta,Female,25-34,,Bihar,Regular,2025-11-13
C00770,Rachit Bains,Female,18-24,Lucknow,Uttar Pradesh,New,2025-07-22
C00771,Yashvi Khosla,Male,25-34,Delhi,Delhi,Loyal,2026-01-03
C00772,Krisha Narayan,Male,18-24,Jaipur,Rajasthan,Loyal,2025-11-11
C00773,Upadhriti Gupta,Female,55+,Ahmedabad,Gujarat,New,2024-08-06
C00774,Mitali Warrior,Female,25-34,Delhi,Delhi,New,2024-01-15
C00775,Anika Bakshi,Female,55+,Kolkata,West Bengal,Loyal,2024-06-23
C00776,Kevin Hayre,Male,45-54,Mumbai,Maharashtra,New,2023-11-10
C00777,Janani Vig,Male,18-24,Bengaluru,Karnataka,New,2026-05-23
C00778,Siddharth Vala,Male,25-34,Mumbai,Maharashtra,Loyal,2024-02-23
C00779,Devansh Kapur,Male,55+,Ahmedabad,Gujarat,Regular,2025-03-29
C00780,Advik Ratta,Male,18-24,Madurai,Tamil Nadu,New,2026-02-24
C00781,Libni Saraf,Male,18-24,Lucknow,Uttar Pradesh,Loyal,2025-07-01
C00782,Yashoda Vig,Male,18-24,Jaipur,Rajasthan,Loyal,2023-12-03
C00783,Lakshmi Sani,Male,55+,Coimbatore,Tamil Nadu,Regular,2023-10-31
C00784,Samarth Patil,female,18-24,Kolkata,West Bengal,Regular,2025-01-28
C00785,Daksha Anand,Male,35-44,Kochi,Kerala,Regular,2025-12-02
C00786,Charles Sunder,Female,35-44,Mysuru,Karnataka,Regular,2025-10-20
C00787,Lohit Rana,Male,55+,Bengaluru,Karnataka,Regular,2026-02-22
C00788,Hemangini Rau,Female,45-54,Mumbai,Maharashtra,Regular,2025-10-01
C00789,Yashawini Bajaj,Female,18-24,Patna,Bihar,New,2026-06-28
C00790,Triveni Sarna,Male,45-54,Kolkata,West Bengal,New,2024-07-24
C00791,Krisha Lala,Male,55+,Bhopal,Madhya Pradesh,Loyal,2026-05-11
C00792,Ekapad Chand,Female,45-54,Kolkata,West Bengal,Regular,2026-04-30
C00793,Ubika Rajagopal,Female,55+,Indore,Madhya Pradesh,Regular,2023-11-09
C00794,Ganga Dutt,Female,25-34,Kolkata,West Bengal,New,2025-05-05
C00795,Ojas Subramanian,Male,18-24,Visakhapatnam,Andhra Pradesh,Loyal,2024-06-14
C00796,Ekta Radhakrishnan,Male,45-54,Pune,Maharashtra,Regular,2023-12-23
C00797,Jagvi Chawla,Male,25-34,Bhubaneswar,Odisha,New,2025-04-22
C00798,Wyatt Palla,Female,55+,Mumbai,Maharashtra,Loyal,2024-05-28
C00799,Vasatika Dhawan,Male,55+,Coimbatore,Tamil Nadu,Loyal,2026-06-17
C00800,Lajita Deshmukh,Female,25-34,Kolkata,West Bengal,New,2024-06-05
C00801,Praneel Sem,Female,35-44,Bhubaneswar,Odisha,Loyal,2025-09-03
C00802,Jalsa Gupta,Female,55+,Chennai,Tamil Nadu,Regular,2024-10-28
C00803,Sudiksha Gole,Male,45-54,Bhubaneswar,Odisha,Regular,2024-08-10
C00804,Chatresh Sood,Female,18-24,Mysuru,Karnataka,New,2026-05-01
C00805,Ikbal Patla,Male,18-24,Mumbai,Maharashtra,Regular,2026-03-12
C00806,Dhriti Hans,Female,55+,Chennai,Tamil Nadu,Regular,2023-08-30
C00807,Darpan Gade,Female,25-34,Bengaluru,Karnataka,Loyal,2025-01-03
C00808,Tarak Walia,Male,18-24,Jaipur,Rajasthan,New,2025-06-14
C00809,Kamala Minhas,Male,55+,Bengaluru,Karnataka,Loyal,2026-04-15
C00810,Luke Sood,Female,45-54,Madurai,Tamil Nadu,Regular,2024-01-09
C00811,Tripti Patla,Female,35-44,Jaipur,Rajasthan,New,2024-05-18
C00812,Vidhi Krish,Female,45-54,Mysuru,Karnataka,Regular,2024-03-23
C00813,Reva Narayan,Female,25-34,Mysuru,Karnataka,Regular,2026-01-23
C00814,Mugdha Vasa,Female,35-44,Mysuru,Karnataka,Loyal,2024-04-20
C00815,Dominic Rajagopalan,Male,25-34,Delhi,Delhi,Loyal,2025-01-05
C00816,Aashi Palan,Female,55+,Bhubaneswar,Odisha,New,2023-12-12
C00817,Vanya Prabhu, MALE ,55+,Visakhapatnam,Andhra Pradesh,Regular,2024-03-17
C00818,Yashawini Dhaliwal,Male,45-54,Bhubaneswar,Odisha,New,2025-10-27
C00819,Anirudh Soman,Male,35-44,Madurai,Tamil Nadu,High Value,2026-03-24
C00820,Praneel Krishna,Male,35-44,Mysuru,Karnataka,Regular,2024-01-30
C00821,Mahika Deo,Male,25-34,Pune,Maharashtra,Regular,2025-03-31
C00822,Nitesh Karnik,Female,18-24,Ahmedabad,Gujarat,Loyal,2023-10-13
C00823,Nimrat Ramakrishnan,Female,45-54,Coimbatore,Tamil Nadu,Loyal,2026-03-20
C00824,Jagdish Bhargava,Female,45-54,Mysuru,Karnataka,Loyal,2025-04-01
C00825,Udant Murthy,Female,18-24,Ahmedabad,Gujarat,Loyal,2026-01-21
C00826,Chaitaly Soman,Male,25-34,Bhubaneswar,Odisha,Regular,2024-01-10
C00827,Imaran Lala,Female,18-24,Coimbatore,Tamil Nadu,Regular,2025-05-24
C00828,Jeremiah Palla,Male,35-44,Trichy,Tamil Nadu,New,2024-04-06
C00829,Ekta Kapadia,Male,18-24,Kolkata,West Bengal,Regular,2025-06-03
C00830,Maya Reddy,Female,55+,Madurai,Tamil Nadu,High Value,2025-11-26
C00831,Darika Kala,Male,45-54,Indore,Madhya Pradesh,Loyal,2023-11-10
C00832,Geetika Setty,Female,25-34,Mysuru,Karnataka,New,2023-10-30
C00833,Robert Chandran,Male,25-34,Jaipur,Rajasthan,Regular,2025-06-26
C00834,Vaishnavi Pau,Female,35-44,Patna,Bihar,Regular,2024-03-24
C00835,Pranav Rajan,Male,45-54,Trichy,Tamil Nadu,Regular,2025-02-02
C00836,Bina Minhas,Male,18-24,Indore,Madhya Pradesh,Regular,2025-08-02
C00837,Joshua Butala,Male,35-44,Kochi,Kerala,Loyal,2024-12-23
C00838,Jagrati Patla,Female,25-34,Visakhapatnam,Andhra Pradesh,New,2024-09-08
C00839,Frederick Kala,Male,35-44,Hyderabad,Telangana,High Value,2025-06-14
C00840,Wriddhish Bains,Male,35-44,Indore,Madhya Pradesh,Loyal,2025-04-04
C00841,Jalsa Tailor,Female,35-44,Indore,Madhya Pradesh,New,2024-12-06
C00842,Pushti Edwin,Female,25-34,Patna,Bihar,Regular,2025-08-01
C00843,Chavvi Majumdar,Female,25-34,Kolkata,West Bengal,Regular,2025-06-23
C00844,Amara Singhal,Female,45-54,Pune,Maharashtra,Regular,2025-03-26
C00845,Aarnav Varkey,Male,25-34,Pune,Maharashtra,Loyal,2024-03-26
C00846,Unni Sachar,Male,35-44,Trichy,Tamil Nadu,Loyal,2026-03-21
C00847,Krishna Kapoor,Male,55+,Kochi,Kerala,New,2024-10-07
C00848,Sanaya Chaudhari,Female,55+,Kolkata,West Bengal,Regular,2024-05-26
C00849,Dhruv Sachdev,Male,45-54,Indore,Madhya Pradesh,Regular,2024-06-06
C00850,Tripti Mohan,Male,55+,Kolkata,West Bengal,Regular,2025-02-27
C00851,Chatresh Hari,Male,18-24,Bhopal,Madhya Pradesh,Loyal,2024-04-21
C00852,Yadavi Walla,Male,25-34,Lucknow,Uttar Pradesh,High Value,2023-11-02
C00853,Nicholas Johal,Male,18-24,Hyderabad,Telangana,Regular,2026-06-24
C00854,Atharv Hayre,Male,25-34,Kochi,Kerala,Loyal,2024-01-26
C00855,Panini Sem,Female,18-24,Pune,Maharashtra,New,2023-11-28
C00856,Luke Sen,Female,55+,Patna,Bihar,Regular,2024-09-23
C00857,Inaya Nagar,Female,18-24,Pune,Maharashtra,Loyal,2024-06-11
C00858,Ganga Yadav,Female,18-24,Visakhapatnam,Andhra Pradesh,Regular,2023-08-15
C00859,Wridesh Rajagopalan,Male,18-24,Bengaluru,Karnataka,Regular,2025-12-19
C00860,Urvi Ramaswamy,Female,55+,Trichy,Tamil Nadu,Loyal,2024-06-10
C00861,Januja Wali,Female,45-54,Kochi,Kerala,Regular,2025-07-05
C00862,Ayush Venkataraman,Female,18-24,Bhubaneswar,Odisha,New,2025-10-25
C00863,George Natt,Male,55+,Kolkata,West Bengal,Regular,2024-04-28
C00864,Oliver Chokshi,Male,45-54,Kolkata,West Bengal,Loyal,2024-05-20
C00865,Ria Chaudhuri,Male,18-24,Jaipur,Rajasthan,Loyal,2024-09-05
C00866,Vivaan Murthy,Female,18-24,Pune,Maharashtra,Regular,2024-02-21
C00867,Upasna Mall,Female,35-44,Delhi,Delhi,Loyal,2025-05-04
C00868,Ekansh Chakrabarti,Male,25-34,Trichy,Tamil Nadu,Regular,2023-09-09
C00869,Chanakya Zacharia,Female,35-44,Lucknow,Uttar Pradesh,Loyal,2025-04-10
C00870,Krish Chowdhury,Male,25-34,Visakhapatnam,Andhra Pradesh,Regular,2026-04-21
C00871,Zarna Nagarajan,Female,55+,Kochi,Kerala,Loyal,2026-01-01
C00872,Panini Sinha,Male,18-24,Coimbatore,Tamil Nadu,Regular,2024-02-03
C00873,Widisha Sachdev,Female,25-34,Bhopal,Madhya Pradesh,Loyal,2025-11-14
C00874,Joshua Uppal,Male,25-34,Bhopal,Madhya Pradesh,New,2024-11-06
C00875,Urishilla Reddy,Male,25-34,Hyderabad,Telangana,New,2026-01-30
C00876,Ikbal Radhakrishnan,Female,25-34,Coimbatore,Tamil Nadu,Regular,2024-11-11
C00877,Vrinda Agarwal,Female,18-24,Lucknow,Uttar Pradesh,Regular,2025-08-23
C00878,Yadavi Saini,Female,45-54,Mumbai,Maharashtra,Regular,2025-10-15
C00879,Tejas Buch,Female,55+,Mysuru,Karnataka,Regular,2025-04-21
C00880,Max Karan,Male,35-44,Ahmedabad,Gujarat,Loyal,2023-12-29
C00881,Ikbal Ravi,Female,18-24,Madurai,Tamil Nadu,Regular,2024-06-29
C00882,Laksh Dua,Male,25-34,Mysuru,Karnataka,Regular,2024-12-27
C00883,Kashvi Nanda,Female,45-54,Hyderabad,Telangana,Regular,2023-10-24
C00884,Oni Brar,Female,25-34,Chennai,Tamil Nadu,Regular,2026-07-03
C00885,Chandran Rama,Male,25-34,Visakhapatnam,Andhra Pradesh,Regular,2026-04-17
C00886,Advaith Padmanabhan,Female,45-54,Delhi,Delhi,Loyal,2026-06-03
C00887,Jack Bhasin,Female,35-44,Ahmedabad,Gujarat,Regular,2024-01-17
C00888,Avi Bora,Female,55+,Delhi,Delhi,New,2025-06-05
C00889,Yuvraj Dua,Female,55+,Bhopal,Madhya Pradesh,Regular,2024-05-07
C00890,Victor Subramaniam,Female,35-44,Visakhapatnam,Andhra Pradesh,Regular,2025-07-30
C00891,Deepa Rattan,Male,35-44,Indore,Madhya Pradesh,High Value,2024-04-19
C00892,Amruta Ahluwalia,Female,35-44,Jaipur,Rajasthan,Regular,2026-03-23
C00893,Oni Ganguly,Male,25-34,Delhi,Delhi,Regular,2025-09-11
C00894,Dhriti Saini,Male,55+,Mumbai,Maharashtra,Regular,2024-05-11
C00895,Garima Hayer,Male,18-24,Jaipur,Rajasthan,Regular,2024-07-29
C00896,Abdul Balakrishnan,Female,45-54,Delhi,Delhi,Regular,2025-07-13
C00897,Eshana Singh,Male,35-44,Coimbatore,Tamil Nadu,Loyal,2024-05-30
C00898,Ojas Toor,Female,35-44,Mumbai,Maharashtra,Regular,2026-04-26
C00899,Prisha Mukhopadhyay,Male,35-44,Mysuru,Karnataka,New,2025-02-14
C00900,Daksh Munshi,Female,55+,Bengaluru,Karnataka,Loyal,2025-05-13
C00901,Manan Seshadri,Female,18-24,Mysuru,Karnataka,Regular,2024-06-28
C00902,Kabir Muni,Female,45-54,Mumbai,Maharashtra,Loyal,2025-10-18
C00903,Kamya Kala,Female,35-44,Jaipur,Rajasthan,Regular,2025-08-11
C00904,Lipika Sodhi,Male,45-54,Lucknow,Uttar Pradesh,New,2026-04-15
C00905,Jeremiah Sheth,Male,45-54,Bhubaneswar,Odisha,Loyal,2026-01-04
C00906,Nilima Mahal,Male,45-54,Bhopal,Madhya Pradesh,Regular,2024-07-15
C00907,Onkar Dube,Male,25-34,Kochi,Kerala,New,2023-12-19
C00908,Nisha Karnik,Female,45-54,Hyderabad,Telangana,High Value,2024-08-02
C00909,Advaith De,Male,35-44,Lucknow,Uttar Pradesh,Loyal,2024-03-04
C00910,Sarthak Badami,Male,45-54,Mysuru,Karnataka,Regular,2026-05-01
C00911,Barkha Bedi,Female,18-24,Mysuru,Karnataka,New,2025-07-31
C00912,Yochana Bumb,Male,25-34,Pune,Maharashtra,Regular,2026-01-06
C00913,Urvi Kakar,Female,18-24,Mysuru,Karnataka,New,2025-03-25
C00914,Girik Sathe,Female,45-54,Kochi,Kerala,Regular,2023-09-07
C00915,Michael Dutta,Female,18-24,Indore,Madhya Pradesh,New,2024-12-06
C00916,Radha Yohannan,Female,18-24,Hyderabad,Telangana,Loyal,2026-06-12
C00917,Vrishti Brahmbhatt,Male,18-24,Bhopal,Madhya Pradesh,Regular,2024-12-23
C00918,Pallavi Rai,Male,35-44,Mumbai,Maharashtra,Regular,2024-02-11
C00919,Gopal Rama,Female,55+,Trichy,Tamil Nadu,Regular,2024-09-12
C00920,Shaurya Bhat,Male,18-24,Mysuru,Karnataka,Regular,2024-02-09
C00921,Oliver Bumb,Female,55+,Delhi,Delhi,Regular,2024-12-10
C00922,Patrick Pandey,Female,25-34,Jaipur,Rajasthan,Regular,2023-08-26
C00923,Aahana Ghosh,Female,25-34,Indore,Madhya Pradesh,New,2024-10-12
C00924,Triya Master,Male,25-34,Kolkata,West Bengal,Regular,2024-10-04
C00925,Shivansh Shetty,Male,18-24,Bengaluru,Karnataka,Regular,2026-05-01
C00926,Kashvi Banik,Male,35-44,Mysuru,Karnataka,Loyal,2023-12-21
C00927,Jonathan Iyengar,Female,35-44,Coimbatore,Tamil Nadu,Loyal,2026-04-29
C00928,Ekani Yohannan,Male,55+,Visakhapatnam,Andhra Pradesh,High Value,2025-01-29
C00929,Mohammed Tata,Male,18-24,Trichy,Tamil Nadu,Regular,2025-08-06
C00930,Jhalak Mishra,Female,45-54,Kochi,Kerala,New,2026-07-01
C00931,Januja Raman,Female,25-34,Pune,Maharashtra,Regular,2026-02-21
C00932,Balendra Sehgal,Female,45-54,Chennai,Tamil Nadu,Regular,2023-11-17
C00933,Aryan Thakur,Female,55+,Bhopal,Madhya Pradesh,Regular,2025-04-06
C00934,Geetika Mall,Female,18-24,Bengaluru,Karnataka,Regular,2026-05-10
C00935,Ishanvi Narula,Male,35-44,Visakhapatnam,Andhra Pradesh,New,2024-06-04
C00936,Shivani Om,Female,25-34,Trichy,Tamil Nadu,Regular,2025-03-30
C00937,Anya Shah,Male,35-44,Pune,Maharashtra,Loyal,2025-12-20
C00938,Bhavya Kalita,Male,18-24,Delhi,Delhi,Regular,2026-04-26
C00939,Amara Kala,Female,35-44,Hyderabad,Telangana,Regular,2024-05-30
C00940,Leena Krishna,Male,18-24,Chennai,Tamil Nadu,Loyal,2025-12-03
C00941,Hemangini Krishnamurthy,Male,18-24,Indore,Madhya Pradesh,Loyal,2024-03-02
C00942,Manya Bhasin,Male,35-44,Madurai,Tamil Nadu,Regular,2024-04-12
C00943,Ranbir Sodhi,Female,35-44,Lucknow,Uttar Pradesh,Regular,2025-10-01
C00944,Gayathri Bhagat,Male,18-24,Trichy,Tamil Nadu,Loyal,2025-04-10
C00945,Rudra Sinha,Female,45-54,Ahmedabad,Gujarat,Loyal,2025-05-04
C00946,Simon Sane,Male,18-24,Trichy,Tamil Nadu,Loyal,2025-04-29
C00947,Yachana Purohit,Female,35-44,Mysuru,Karnataka,Loyal,2025-03-03
C00948,Lajita Dhillon,Female,18-24,Visakhapatnam,Andhra Pradesh,Regular,2025-02-06
C00949,Dhruv Bhatia,Male,18-24,Jaipur,Rajasthan,Regular,2025-06-28
C00950,Krishna Rama,Female,45-54,Lucknow,Uttar Pradesh,Regular,2026-05-29
C00951,Forum Sharaf,Female,25-34,Indore,Madhya Pradesh,New,2026-05-15
C00952,Oviya Handa,Male,18-24,Coimbatore,Tamil Nadu,Regular,2026-01-02
C00953,Pavani Raj,Female,55+,Bhubaneswar,Odisha,Regular,2025-06-14
C00954,Naveen Kibe,Female,35-44,Mysuru,Karnataka,Regular,2023-12-30
C00955,Nihal Sahota,Female,45-54,Bengaluru,Karnataka,New,2025-05-25
C00956,Ranbir Puri,Female,18-24,Kochi,Kerala,New,2025-02-28
C00957,Maanas Prakash,Male,55+,Jaipur,Rajasthan,Loyal,2025-05-12
C00958,Lakshmi Taneja,Male,35-44,Bhubaneswar,Odisha,Regular,2026-01-01
C00959,Wahab Garde,Male,45-54,Visakhapatnam,Andhra Pradesh,Regular,2025-12-29
C00960,Balhaar Tara,Female,35-44,Mumbai,Maharashtra,Regular,2025-09-30
C00961,Raghav Kaur,Male,55+,Kolkata,West Bengal,Loyal,2026-05-06
C00962,Tanvi Rajagopalan,Male,18-24,Visakhapatnam,Andhra Pradesh,Regular,2024-12-08
C00963,Aarna Wadhwa,Female,45-54,Mysuru,Karnataka,Loyal,2025-11-12
C00964,Upkaar Tandon,Female,35-44,Madurai,Tamil Nadu,Regular,2023-11-02
C00965,Idika Vohra,Male,55+,Pune,Maharashtra,Regular,2023-08-19
C00966,Dalaja Maharaj,Female,25-34,Kolkata,West Bengal,New,2026-05-07
C00967,Balendra Dar,Female,18-24,Lucknow,Uttar Pradesh,Loyal,2023-12-17
C00968,Charles Bajwa,Female,18-24,Lucknow,Uttar Pradesh,High Value,2026-07-04
C00969,Janaki Lal,Male,45-54,Chennai,Tamil Nadu,Regular,2024-03-24
C00970,Jason Sastry,Male,18-24,Patna,Bihar,Loyal,2024-09-14
C00971,Devika Yohannan,Female,55+,Visakhapatnam,Andhra Pradesh,Regular,2023-12-25
C00972,Rohan Sidhu,Female,35-44,Lucknow,Uttar Pradesh,Loyal,2024-09-03
C00973,Urvi Radhakrishnan,Female,35-44,Mumbai,Maharashtra,Regular,2024-09-16
C00974,Anjali Doctor,Female,35-44,Visakhapatnam,Andhra Pradesh,Loyal,2025-09-01
C00975,Kavya Basu,Male,25-34,Trichy,Tamil Nadu,New,2025-04-28
C00976,Krish Purohit,Female,55+,Ahmedabad,Gujarat,Regular,2025-08-16
C00977,Meghana Dave,Male,25-34,Trichy,Tamil Nadu,Regular,2025-05-07
C00978,Samar Kibe,Male,35-44,Kochi,Kerala,Regular,2024-10-31
C00979,Madhavi Rama,Male,45-54,Hyderabad,Telangana,Regular,2025-12-31
C00980,Aarnav Vasa,Female,18-24,Hyderabad,Telangana,Loyal,2025-02-03
C00981,Tamanna Viswanathan,Male,45-54,Coimbatore,Tamil Nadu,Regular,2024-10-22
C00982,Tanmayi Buch,Male,45-54,Bhubaneswar,Odisha,New,2026-06-12
C00983,Chandresh Bhatnagar,Female,55+,Coimbatore,Tamil Nadu,Regular,2026-01-02
C00984,Daksh Ahuja,Male,55+,Bhopal,Madhya Pradesh,New,2023-08-11
C00985,Balhaar Nagy,Male,45-54,Bengaluru,Karnataka,Regular,2024-08-15
C00986,Simon Mody,Female,55+,Visakhapatnam,Andhra Pradesh,Loyal,2024-04-20
C00987,Unnati Konda,Male,35-44,Kochi,Kerala,Regular,2025-12-08
C00988,Robert Pillai,Female,45-54,Jaipur,Rajasthan,Loyal,2025-08-23
C00989,Frederick Rout,Female,55+,Bengaluru,Karnataka,Loyal,2024-05-08
C00990,Bahadurjit Lad,Female,55+,Bhopal,Madhya Pradesh,Loyal,2025-10-16
C00991,Arjun Dubey,Male,25-34,Patna,Bihar,Regular,2025-10-07
C00992,Ekantika Taneja,Female,25-34,Delhi,Delhi,High Value,2025-07-29
C00993,Maya Sabharwal,Female,18-24,Mysuru,Karnataka,Loyal,2025-04-11
C00994,Veda Sidhu,Female,55+,Patna,Bihar,Regular,2024-03-31
C00995,Omaja Chaudry,Female,45-54,Kochi,Kerala,Loyal,2024-03-11
C00996,Pratyush Chhabra,Male,18-24,Bhopal,Madhya Pradesh,Regular,2025-12-24
C00997,Guneet Mand,Male,25-34,Coimbatore,Tamil Nadu,Regular,2024-07-03
C00998,Brijesh Nadig,Female,35-44,Mysuru,Karnataka,New,2024-04-02
C00999,Ekaja Ramachandran,Female,25-34,Coimbatore,Tamil Nadu,Loyal,2023-09-28
C01000,Devika Kothari,Female,45-54,Coimbatore,Tamil Nadu,New,2024-04-30
C01001,Rudra Purohit,Male,55+,Patna,Bihar,Regular,2024-08-12
C01002,Joshua Parsa,Female,18-24,Bhopal,Madhya Pradesh,Loyal,2024-01-09
C01003,Jagdish Ratti,Female,35-44,Kolkata,West Bengal,High Value,2023-09-06
C01004,Avi Kaur,Male,35-44,Coimbatore,Tamil Nadu,Regular,2024-09-22
C01005,Samar Sarma,Male,35-44,Lucknow,Uttar Pradesh,Loyal,2026-05-21
C01006,Triveni Pal,Male,25-34,Patna,Bihar,Regular,2025-09-27
C01007,Kashvi Mistry,Male,25-34,Mysuru,Karnataka,High Value,2024-10-05
C01008,Omaja Kumer,Male,45-54,Bhopal,Madhya Pradesh,New,2024-03-22
C01009,Yagnesh Parmer,Female,25-34,Pune,Maharashtra,New,2025-11-19
C01010,Jason Chander,Male,35-44,Pune,Maharashtra,Regular,2024-09-07
C01011,Lohit Ranganathan,Male,25-34,Bengaluru,Karnataka,Loyal,2023-10-29
C01012,Raagini Dewan,Male,55+,Visakhapatnam,Andhra Pradesh,Loyal,2024-03-21
C01013,Dhriti Soman,Female,55+,Delhi,Delhi,Regular,2024-12-23
C01014,Anika Goda,Female,55+,Madurai,Tamil Nadu,Regular,2024-03-07
C01015,Baljiwan Lad,Male,55+,Mysuru,Karnataka,New,2023-10-02
C01016,Faris Rama,female,18-24,Patna,Bihar,Regular,2025-08-23
C01017,Warinder Goda,Female,35-44,Hyderabad,Telangana,Regular,2024-02-08
C01018,Geetika D’Alia,Female,55+,Hyderabad,Telangana,Loyal,2024-12-07
C01019,Krishna Mishra,Male,35-44,Chennai,Tamil Nadu,Regular,2025-02-01
C01020,Zansi Borra,Male,18-24,Visakhapatnam,Andhra Pradesh,Regular,2024-07-06
C01021,Jeet Balay,Female,18-24,Jaipur,Rajasthan,Regular,2025-08-27
C01022,Neel Iyengar,Female,18-24,Patna,Bihar,Loyal,2025-08-04
C01023,Bina Nagar,Female,45-54,Ahmedabad,Gujarat,New,2025-05-07
C01024,Ryan Chana,Female,55+,Hyderabad,Telangana,New,2024-06-12
C01025,Qarin Kapur,Male,55+,Trichy,Tamil Nadu,Regular,2025-11-01
C01026,Nakul Kala,Male,25-34,Madurai,Tamil Nadu,Loyal,2025-04-26
C01027,Chakrika Kanda,Male,25-34,Kochi,Kerala,Regular,2025-04-13
C01028,Wridesh Deshmukh,Male,25-34,Kochi,Kerala,New,2026-05-20
C01029,Kashvi Biswas,Male,18-24,Jaipur,Rajasthan,New,2024-03-05
C01030,Krish Nazareth,Female,55+,Mysuru,Karnataka,New,2026-02-09
C01031,Ishwar Pandya,Female,45-54,Mumbai,Maharashtra,Regular,2026-06-16
C01032,Jhalak Nagy,Female,35-44,Kolkata,West Bengal,New,2024-12-04
C01033,Isaiah Mangat,Male,55+,Trichy,Tamil Nadu,New,2025-03-07
C01034,Madhavi Khalsa,Male,18-24,Bhubaneswar,Odisha,Regular,2025-03-07
C01035,Orinder Brar,Male,35-44,Bhopal,Madhya Pradesh,Loyal,2025-11-20
C01036,Aditya Kari,Male,35-44,Delhi,Delhi,Loyal,2025-07-16
C01037,Triya Salvi,Female,45-54,Lucknow,Uttar Pradesh,Loyal,2026-03-06
C01038,Pratyush Nadig,Female,25-34,Chennai,Tamil Nadu,Regular,2025-08-13
C01039,Zaid Mohanty,Female,55+,Bengaluru,Karnataka,Regular,2025-03-23
C01040,Balhaar Baria,Female,35-44,Bengaluru,Karnataka,High Value,2024-12-17
C01041,Eesha Oak,Male,18-24,Chennai,Tamil Nadu,New,2026-06-14
C01042,Anirudh Bhat,Female,55+,Bhubaneswar,Odisha,Regular,2024-12-23
C01043,Gabriel Prakash,Female,25-34,Madurai,Tamil Nadu,Loyal,2025-07-17
C01044,Rudra Deol,Male,45-54,Ahmedabad,Gujarat,Loyal,2026-03-19
C01045,David Misra,Male,25-34,Bhopal,Madhya Pradesh,New,2026-06-09
C01046,Adweta Hari,Female,25-34,Visakhapatnam,Andhra Pradesh,New,2023-11-23
C01047,Ranbir Gulati,Male,55+,Bhubaneswar,Odisha,Regular,2024-10-28
C01048,Vasana Ghose,Male,35-44,Patna,Bihar,Regular,2024-02-15
C01049,Ojas Varty,Male,25-34,Pune,Maharashtra,Loyal,2025-12-07
C01050,Januja Tata,Female,35-44,Indore,Madhya Pradesh,New,2026-06-08
C01051,Hardik Din,Male,35-44,Mumbai,Maharashtra,Regular,2024-04-28
C01052,Kamya Iyengar,Female,45-54,Hyderabad,Telangana,Regular,2023-11-30
C01053,Aachal Patla,Female,55+,Visakhapatnam,Andhra Pradesh,New,2023-09-24
C01054,Gunbir Kaur,Female,35-44,Bhubaneswar,Odisha,High Value,2024-03-02
C01055,Ayush Kant,Male,35-44,Mysuru,Karnataka,Regular,2023-08-23
C01056,Chatresh Datta,Female,35-44,Mumbai,Maharashtra,Loyal,2026-04-19
C01057,Samuel Sanghvi,Female,45-54,Bengaluru,Karnataka,Regular,2024-03-19
C01058,Varsha Saxena,Female,45-54,Ahmedabad,Gujarat,Regular,2026-05-04
C01059,Yatan Sem,Male,35-44,Mysuru,Karnataka,Loyal,2024-08-24
C01060,Janani Chanda,Male,35-44,Bengaluru,Karnataka,Loyal,2025-05-31
C01061,Teerth Mani,Male,18-24,Madurai,Tamil Nadu,Loyal,2024-11-24
C01062,Nikita Nayak,Female,55+,Chennai,Tamil Nadu,Regular,2025-07-06
C01063,Hitesh Subramanian,Female,55+,Coimbatore,Tamil Nadu,Loyal,2025-04-05
C01064,Januja Om,Female,25-34,Patna,Bihar,Regular,2024-06-28
C01065,Bahadurjit Wason,Female,25-34,Mumbai,Maharashtra,Regular,2026-05-11
C01066,Yachana Morar,Male,45-54,Bhopal,Madhya Pradesh,Regular,2025-11-15
C01067,Benjamin Tella,Male,55+,Chennai,Tamil Nadu,Regular,2024-12-04
C01068,Dalaja Bandi,Male,45-54,Bhopal,Madhya Pradesh,New,2024-06-28
C01069,Yamini Gade,Male,45-54,Bhubaneswar,Odisha,Loyal,2026-05-29
C01070,Yashawini Pant,Male,45-54,Coimbatore,Tamil Nadu,Regular,2024-05-31
C01071,Zansi Borra,Female,25-34,Pune,Maharashtra,New,2026-03-10
C01072,Arya Krishnan,Female,45-54,Hyderabad,Telangana,Regular,2025-05-23
C01073,Ekaja Rau,Male,18-24,Lucknow,Uttar Pradesh,High Value,2025-06-30
C01074,Anthony Raja,Male,55+,Jaipur,Rajasthan,Regular,2025-12-06
C01075,Bishakha Prasad,Female,55+,Pune,Maharashtra,Regular,2023-09-20
C01076,Kamya Deo,Female,45-54,Mysuru,Karnataka,Regular,2026-03-15
C01077,Adya Bhatnagar,Female,45-54,Madurai,Tamil Nadu,High Value,2024-06-02
C01078,Frederick Raj,Female,35-44,Mumbai,Maharashtra,Loyal,2024-06-23
C01079,Tanay Chakrabarti,Female,45-54,Ahmedabad,Gujarat,Loyal,2024-01-19
C01080,Harshil Pandit,Male,45-54,Chennai,Tamil Nadu,New,2023-11-08
C01081,Urmi Chad,Female,25-34,Madurai,Tamil Nadu,New,2025-11-13
C01082,Ganga Ahluwalia,Female,55+,Mysuru,Karnataka,Loyal,2024-10-25
C01083,Rachana Sabharwal,Male,45-54,Trichy,Tamil Nadu,Loyal,2025-02-12
C01084,Rachit Purohit,Female,45-54,Trichy,Tamil Nadu,Regular,2024-09-05
C01085,Vincent Sarma,Male,45-54,Bhubaneswar,Odisha,New,2025-03-21
C01086,Andrew Ravi,Male,55+,Coimbatore,Tamil Nadu,Regular,2023-11-05
C01087,Mahika Chakrabarti,Male,55+,Bengaluru,Karnataka,New,2024-01-23
C01088,Chameli Johal,Female,25-34,Mysuru,Karnataka,Regular,2026-05-27
C01089,Charvi Bhatti,Male,35-44,Kolkata,West Bengal,Loyal,2025-05-22
C01090,Kabir Prasad,Female,55+,Hyderabad,Telangana,High Value,2025-07-22
C01091,Tanmayi Bora,Male,25-34,Indore,Madhya Pradesh,Loyal,2026-06-22
C01092,Tanvi Parmer,Male,55+,Visakhapatnam,Andhra Pradesh,Loyal,2024-02-18
C01093,Chakradev Khosla,Female,25-34,Mysuru,Karnataka,Loyal,2025-08-01
C01094,Zashil Nadkarni,Female,55+,Jaipur,Rajasthan,Regular,2025-07-30
C01095,Nimrat Bala,Female,45-54,Mumbai,Maharashtra,New,2025-01-12
C01096,Bhavya Dada,Male,55+,Chennai,Tamil Nadu,Loyal,2023-09-04
C01097,Nidra Murty,Female,25-34,Bhopal,Madhya Pradesh,Regular,2023-08-31
C01098,Mohini Sama,Female,55+,Mysuru,Karnataka,Regular,2024-04-11
C01099,Unnati Loke,Male,18-24,Patna,Bihar,Regular,2024-11-27
C01100,Yashica Vora,Male,45-54,Bengaluru,Karnataka,Regular,2025-05-25
C01101,Omaja Ghosh,Male,55+,Ahmedabad,Gujarat,Regular,2026-04-27
C01102,Aarav Khatri,Female,35-44,Indore,Madhya Pradesh,Regular,2025-07-22
C01103,Girik Sagar,Male,45-54,Bhubaneswar,Odisha,New,2023-12-19
C01104,Hemang Ahuja,Male,18-24,Indore,Madhya Pradesh,Regular,2024-04-15
C01105,Yadavi Kala,Female,35-44,Patna,Bihar,New,2024-01-19
C01106,Abhimanyu Pai,Male,55+,Chennai,Tamil Nadu,New,2024-05-01
C01107,Vedhika Chakraborty,Female,45-54,Hyderabad,Telangana,Regular,2024-08-04
C01108,Veda Handa,Female,55+,Bengaluru,Karnataka,Regular,2024-06-25
C01109,Ira Mukherjee,Female,55+,Patna,Bihar,Regular,2025-03-29
C01110,Abdul Divan,Female,25-34,Pune,Maharashtra,Regular,2024-06-05
C01111,Rehaan De,Female,25-34,Patna,Bihar,Regular,2025-05-13
C01112,Farhan Kohli,Female,35-44,Patna,Bihar,High Value,2025-06-19
C01113,Adweta Karpe,Female,45-54,Bhubaneswar,Odisha,Loyal,2025-08-01
C01114,Isha Khatri,Male,45-54,Trichy,Tamil Nadu,Loyal,2024-10-18
C01115,Ekani Chandran,Male,25-34,Mysuru,Karnataka,Regular,2023-09-05
C01116,Oni Bawa,Male,25-34,Jaipur,Rajasthan,Regular,2026-05-01
C01117,Bachittar Warrior,Male,25-34,Chennai,Tamil Nadu,Regular,2025-06-16
C01118,Laksh Dua,Female,18-24,Visakhapatnam,Andhra Pradesh,New,2025-03-16
C01119,Chakradhar Choudhary,Female,18-24,Mumbai,Maharashtra,Regular,2025-07-25
C01120,Diya Keer,Female,55+,Kolkata,West Bengal,Regular,2026-01-24
C01121,Gautami Srinivas,Male,25-34,Delhi,Delhi,Regular,2026-03-10
C01122,Radhika Venkatesh,Male,25-34,Lucknow,Uttar Pradesh,Loyal,2025-10-06
C01123,Nirja Divan,Female,25-34,Bhopal,Madhya Pradesh,New,2026-03-05
C01124,Devansh Kaur,Male,55+,Visakhapatnam,Andhra Pradesh,New,2026-02-09
C01125,Jason Bera,Female,25-34,Coimbatore,Tamil Nadu,Regular,2026-03-21
C01126,Nirja Nagarajan,Male,35-44,Mysuru,Karnataka,Loyal,2026-05-13
C01127,Mugdha Padmanabhan,Female,45-54,Ahmedabad,Gujarat,Regular,2025-09-25
C01128,Jacob Sarraf,Male,18-24,Bhopal,Madhya Pradesh,Loyal,2023-11-15
C01129,Zansi Biswas,Female,55+,Patna,Bihar,Loyal,2024-01-04
C01130,Timothy Din,Female,35-44,Ahmedabad,Gujarat,Regular,2023-09-27
C01131,Yashica Rama,Female,45-54,Hyderabad,Telangana,Regular,2025-02-13
C01132,Viraj Mani,Male,45-54,Pune,Maharashtra,Regular,2025-10-31
C01133,Veda Rai,Male,55+,Patna,Bihar,Regular,2026-06-05
C01134,Yash Kakar,Female,55+,Trichy,Tamil Nadu,Loyal,2024-09-07
C01135,Jonathan Kale,Female,45-54,Bhubaneswar,Odisha,High Value,2023-08-15
C01136,Indali Ram,Female,25-34,Bhubaneswar,Odisha,Loyal,2025-08-22
C01137,Faraj Anand,Female,55+,Lucknow,Uttar Pradesh,Loyal,2025-01-13
C01138,Watika Goel,Male,35-44,Indore,Madhya Pradesh,New,2024-09-14
C01139,Jalsa Sami,Male,35-44,Mumbai,Maharashtra,Regular,2025-09-24
C01140,Jasmit Narang,Male,35-44,Ahmedabad,Gujarat,Regular,2025-10-18
C01141,Dalbir Roy,Female,35-44,Madurai,Tamil Nadu,New,2025-05-09
C01142,Nikita Date,Female,35-44,Mysuru,Karnataka,Regular,2024-06-10
C01143,Vanya Mani,Female,25-34,Bhubaneswar,Odisha,Loyal,2024-04-16
C01144,Xiti Minhas,Female,25-34,Hyderabad,Telangana,Regular,2025-04-01
C01145,Jacob Ramakrishnan,Female,25-34,Mumbai,Maharashtra,Regular,2023-11-30
C01146,Sathvik Cheema,Female,25-34,Mumbai,Maharashtra,Loyal,2024-11-05
C01147,Caleb Mangal,Male,45-54,Trichy,Tamil Nadu,Regular,2024-02-18
C01148,Ladli Vora,Male,45-54,Patna,Bihar,Regular,2024-02-09
C01149,Ridhi Chanda,Female,55+,Jaipur,Rajasthan,Loyal,2023-12-27
C01150,Yashoda Chana,Male,55+,Indore,Madhya Pradesh,Regular,2025-06-14
C01151,Qabil Luthra,Male,18-24,Mumbai,Maharashtra,Regular,2023-09-15
C01152,Lakshmi Nazareth,Female,55+,Kochi,Kerala,New,2025-08-26
C01153,Ansh Kaur,Female,25-34,Ahmedabad,Gujarat,Regular,2025-04-09
C01154,Zarna Murthy,Female,35-44,Trichy,Tamil Nadu,Regular,2024-12-14
C01155,Hritik Parmar,Male,45-54,Chennai,Tamil Nadu,Regular,2025-11-27
C01156,Abdul Sheth,Female,55+,Jaipur,Rajasthan,Loyal,2025-03-21
C01157,Anita Bhatt,Female,25-34,Mysuru,Karnataka,Regular,2025-09-04
C01158,Naksh Kala,Female,35-44,Visakhapatnam,Andhra Pradesh,New,2025-05-14
C01159,Anthony Murthy,Male,45-54,Kochi,Kerala,Loyal,2025-08-29
C01160,Shivani Kaul,Female,45-54,Ahmedabad,Gujarat,Regular,2024-05-28
C01161,Gopal Parmar,Male,55+,Mysuru,Karnataka,Regular,2024-01-11
C01162,Samarth Sama,Female,25-34,Trichy,Tamil Nadu,Regular,2025-12-08
C01163,Sai Ramaswamy,Male,25-34,Kolkata,West Bengal,Loyal,2024-11-18
C01164,Widisha Zachariah,Female,18-24,Bengaluru,Karnataka,New,2026-05-08
C01165,Chanakya Gade,Male,55+,Indore,Madhya Pradesh,Regular,2025-06-13
C01166,Ayush Keer,Female,35-44,Jaipur,Rajasthan,Regular,2026-01-30
C01167,Tarak Pingle,Male,45-54,Bhubaneswar,Odisha,New,2023-10-29
C01168,Vivaan Bahri,Male,25-34,Mysuru,Karnataka,Loyal,2025-08-30
C01169,Yagnesh Upadhyay,Male,45-54,Indore,Madhya Pradesh,Loyal,2024-01-02
C01170,Onkar Krishna,Female,35-44,Pune,Maharashtra,Regular,2024-09-19
C01171,Niharika Rajagopal,Female,18-24,Pune,Maharashtra,Regular,2025-12-14
C01172,Veda Nagi,Male,55+,Ahmedabad,Gujarat,Regular,2024-08-21
C01173,Sachi Palla,Male,35-44,Patna,Bihar,Regular,2024-06-13
C01174,Aachal Vora,Female,45-54,Bhopal,Madhya Pradesh,Loyal,2025-03-06
C01175,Aradhana Lad,Female,45-54,Kolkata,West Bengal,Regular,2025-09-25
C01176,Vansha Wadhwa,Male,35-44,Bengaluru,Karnataka,Regular,2026-07-08
C01177,Gautam Nigam,Female,18-24,Visakhapatnam,Andhra Pradesh,New,2024-06-29
C01178,Hredhaan Chandran,Male,35-44,Jaipur,Rajasthan,Regular,2023-08-24
C01179,Ansh Narayan,Female,55+,Delhi,Delhi,Regular,2023-11-12
C01180,Ranveer Bhargava,Female,35-44,Pune,Maharashtra,Loyal,2023-09-26
C01181,Hemal Nanda,Female,45-54,Bhopal,Madhya Pradesh,New,2024-07-20
C01182,Eta Nanda,Male,25-34,Chennai,Tamil Nadu,Regular,2026-01-17
C01183,Anika Brahmbhatt,Male,25-34,Madurai,Tamil Nadu,Regular,2023-09-09
C01184,Rishi Balakrishnan,Male,45-54,Trichy,Tamil Nadu,Regular,2023-09-06
C01185,Dominic Bains,Female,55+,Chennai,Tamil Nadu,Loyal,2023-08-16
C01186,Matthew Rattan,Male,35-44,Madurai,Tamil Nadu,Regular,2026-06-28
C01187,Chaitaly Gill,Female,35-44,Madurai,Tamil Nadu,Regular,2026-05-25
C01188,Janani Gokhale,Female,25-34,Delhi,Delhi,New,2024-05-26
C01189,Krish Ramakrishnan,Male,18-24,Mysuru,Karnataka,Regular,2023-10-22
C01190,Ekbal Kulkarni,Female,45-54,Jaipur,Rajasthan,High Value,2026-02-28
C01191,Chameli Date,Female,55+,Patna,Bihar,Regular,2023-09-07
C01192,Kalpit Modi,Male,55+,Patna,Bihar,Regular,2024-05-16
C01193,Aayush Pandya,Female,55+,Bhubaneswar,Odisha,Regular,2025-11-25
C01194,Robert Khalsa,Female,35-44,Patna,Bihar,Regular,2024-11-01
C01195,Tanveer Kapadia,Male,45-54,Mumbai,Maharashtra,Regular,2026-06-06
C01196,Urmi Loyal,Female,25-34,Kochi,Kerala,Regular,2024-02-01
C01197,Nihal Hayer,Male,35-44,Chennai,Tamil Nadu,Regular,2026-01-31
C01198,Lajita Ahluwalia,Male,45-54,Patna,Bihar,Loyal,2025-04-12
C01199,Anvi Bhardwaj,Female,18-24,Indore,Madhya Pradesh,Loyal,2024-07-24
C01200,Advik Goel,Male,18-24,Delhi,Delhi,Regular,2023-11-15
C01201,Ayushman Dar,Female,55+,Hyderabad,Telangana,Regular,2025-08-11
C01202,Turvi Varkey,Male,45-54,Mumbai,Maharashtra,Loyal,2026-01-16
C01203,Hiral Parekh,Female,18-24,Mumbai,Maharashtra,Regular,2024-04-07
C01204,Lohit Balay,Female,35-44,Mumbai,Maharashtra,Regular,2026-03-17
C01205,Anusha Mand,Female,45-54,Patna,Bihar,New,2025-10-27
C01206,Ojas Kumar,Male,25-34,Madurai,Tamil Nadu,Regular,2024-11-11
C01207,Dev Venkatesh,Female,35-44,Lucknow,Uttar Pradesh,Loyal,2025-05-26
C01208,Anvi Raju,Male,35-44,Indore,Madhya Pradesh,New,2023-10-18
C01209,Sara Gulati,Male,25-34,Coimbatore,Tamil Nadu,High Value,2024-08-19
C01210,Sachi Reddy,Female,25-34,Delhi,Delhi,Loyal,2025-07-17
C01211,Aarini Das,Male,18-24,Chennai,Tamil Nadu,New,2024-09-06
C01212,Jhalak Solanki,Male,35-44,Indore,Madhya Pradesh,Regular,2025-05-15
C01213,Tanmayi Gopal,Female,45-54,Indore,Madhya Pradesh,Regular,2026-04-09
C01214,Balvan Borra,Female,18-24,Coimbatore,Tamil Nadu,Loyal,2024-12-07
C01215,Dhruv Chana,Male,35-44,Bengaluru,Karnataka,Loyal,2025-09-23
C01216,Shravya Chacko,Female,25-34,Madurai,Tamil Nadu,New,2026-06-17
C01217,Yash Palla,Female,18-24,Pune,Maharashtra,New,2024-08-21
C01218,Mason Sani,Female,45-54,Mumbai,Maharashtra,Regular,2026-02-12
C01219,Nathan Acharya,Male,45-54,Coimbatore,Tamil Nadu,Loyal,2025-11-24
C01220,Idika Bala,Male,45-54,Trichy,Tamil Nadu,Regular,2025-11-29
C01221,Nimrat Konda,Female,25-34,Delhi,Delhi,Regular,2024-10-27
C01222,Aishani Das,Male,35-44,Coimbatore,Tamil Nadu,Regular,2023-11-01
C01223,Charan Jha,Male,35-44,,Delhi,Loyal,2023-09-07
C01224,Wyatt Bhatnagar,Male,25-34,Hyderabad,Telangana,Regular,2024-06-16
C01225,Yug Kamdar,Male,25-34,Jaipur,Rajasthan,Loyal,2024-09-07
C01226,Ubika Soni,Male,45-54,Bhubaneswar,Odisha,Loyal,2024-08-18
C01227,Geetika Barman,Male,55+,Chennai,Tamil Nadu,Loyal,2024-01-01
C01228,Andrew Sandhu,Male,35-44,Indore,Madhya Pradesh,Loyal,2023-08-24
C01229,Meera Hegde,Male,45-54,Mumbai,Maharashtra,New,2024-04-27
C01230,Vasatika Raval,Female,18-24,Visakhapatnam,Andhra Pradesh,New,2024-09-12
C01231,Kabir Ganesan,Male,25-34,Bengaluru,Karnataka,Regular,2025-02-13
C01232,Jackson Sahni,Female,45-54,Jaipur,Rajasthan,Loyal,2024-04-25
C01233,Suhani Sehgal,Female,35-44,Chennai,Tamil Nadu,Loyal,2026-04-11
C01234,Maanav Wason,Male,45-54,Pune,Maharashtra,Loyal,2026-03-08
C01235,Quincy Narasimhan,Female,55+,Patna,Bihar,Regular,2025-09-14
C01236,Jairaj Ganesh,Male,55+,Hyderabad,Telangana,Regular,2023-11-13
C01237,Gayathri Rajan,Female,55+,Lucknow,Uttar Pradesh,Loyal,2025-05-18
C01238,Meghana Manda,Male,18-24,Patna,Bihar,Regular,2026-07-01
C01239,Chavvi Bhakta,Female,35-44,Lucknow,Uttar Pradesh,Regular,2023-11-26
C01240,Arya Babu,Male,55+,Lucknow,Uttar Pradesh,Regular,2025-03-08
C01241,Ganga Bansal,Male,55+,Mysuru,Karnataka,Loyal,2024-05-29
C01242,Rachana Bedi,Male,35-44,Visakhapatnam,Andhra Pradesh,Loyal,2024-11-27
C01243,Kashvi Bhalla,Female,25-34,Patna,Bihar,Regular,2025-07-01
C01244,Aashi Walia,Male,55+,Indore,Madhya Pradesh,Regular,2024-12-24
C01245,Aarnav Deshpande,Female,18-24,Kochi,Kerala,New,2025-12-01
C01246,Gabriel Bhatia,Male,25-34,Madurai,Tamil Nadu,New,2024-02-23
C01247,Eshana Ratta,Male,18-24,Coimbatore,Tamil Nadu,Regular,2025-07-09
C01248,Inaya Shere,Male,55+,Trichy,Tamil Nadu,Regular,2024-12-09
C01249,Ikbal Prabhakar,Female,55+,Kolkata,West Bengal,Regular,2026-02-02
C01250,Kamala Srivastava,Female,18-24,Bhubaneswar,Odisha,Regular,2023-10-04
C01251,Banjeet Krishna,Male,18-24,Visakhapatnam,Andhra Pradesh,Loyal,2024-06-12
C01252,Mitesh Ahluwalia,Female,18-24,Hyderabad,Telangana,Regular,2025-03-30
C01253,Daksh Ganesan,Female,55+,Coimbatore,Tamil Nadu,Loyal,2024-10-26
C01254,Lakshit Setty,Female,18-24,Kochi,Kerala,Loyal,2026-01-26
C01255,Rushil Rama,Male,18-24,Pune,Maharashtra,Loyal,2025-05-07
C01256,Sachi Purohit,Male,55+,Madurai,Tamil Nadu,New,2023-11-05
C01257,Darika Andra,Female,25-34,Mumbai,Maharashtra,New,2023-08-16
C01258,Bhavika Baral,Male,55+,Mumbai,Maharashtra,Loyal,2024-09-03
C01259,Balveer Aggarwal,Male,55+,Kochi,Kerala,Regular,2025-01-30
C01260,Sneha Agarwal,Female,18-24,Lucknow,Uttar Pradesh,New,2024-04-23
C01261,Upma Contractor,Female,55+,Mysuru,Karnataka,Regular,2025-05-31
C01262,Rachit Kibe,Female,35-44,Mysuru,Karnataka,Loyal,2025-05-04
C01263,Zinal Bhasin,Female,35-44,Patna,Bihar,Regular,2026-06-24
C01264,Harish Sani,Female,55+,Kochi,Kerala,Regular,2025-04-20
C01265,Indira Bhavsar,Male,45-54,Patna,Bihar,Loyal,2025-01-06
C01266,Girindra Shan,Female,45-54,Pune,Maharashtra,Regular,2026-04-09
C01267,Suhani Kari,Male,18-24,Kolkata,West Bengal,High Value,2025-11-11
C01268,Balveer Bhardwaj,Male,55+,Visakhapatnam,Andhra Pradesh,New,2024-04-30
C01269,Devansh Manne,Male,35-44,Delhi,Delhi,High Value,2026-06-13
C01270,Hritik Barad,Female,18-24,Hyderabad,Telangana,Loyal,2025-06-23
C01271,Jeet Issac,Male,18-24,Pune,Maharashtra,New,2024-02-21
C01272,Gaurav Pandit,Male,25-34,Ahmedabad,Gujarat,Regular,2025-12-13
C01273,Kala Menon,Male,25-34,Bhubaneswar,Odisha,Regular,2026-06-28
C01274,Indrajit Narayanan,Male,55+,Delhi,Delhi,Regular,2024-10-03
C01275,Idika Gaba,Male,35-44,Hyderabad,Telangana,Loyal,2024-02-27
C01276,Samesh Halder,Female,55+,Mysuru,Karnataka,Loyal,2025-05-08
C01277,Dhruv Nadig,Female,18-24,Trichy,Tamil Nadu,Loyal,2025-09-15
C01278,Vedhika Mohan,Female,18-24,Bhubaneswar,Odisha,Loyal,2025-02-18
C01279,Chandresh Chaudhuri,Female,45-54,Jaipur,Rajasthan,Regular,2025-02-15
C01280,Pranav Kadakia,Male,55+,Trichy,Tamil Nadu,Loyal,2024-11-16
C01281,Luke Naik,Male,35-44,Kolkata,West Bengal,Regular,2024-12-27
C01282,Jacob Aurora,Male,35-44,Jaipur,Rajasthan,Regular,2025-10-14
C01283,Libni Som,Male,18-24,Mumbai,Maharashtra,Regular,2024-08-24
C01284,Anay Ganesan,Female,55+,Kolkata,West Bengal,Regular,2024-05-23
C01285,Kabir Lala,Male,45-54,Madurai,Tamil Nadu,Regular,2024-12-22
C01286,Maanav Raval,Male,25-34,Kolkata,West Bengal,Regular,2026-03-28
C01287,Vritti Vig,Male,55+,Indore,Madhya Pradesh,Regular,2025-08-31
C01288,Manbir Virk,Female,55+,Madurai,Tamil Nadu,Regular,2025-02-28
C01289,Alka Kumar,Male,45-54,Bengaluru,Karnataka,Regular,2024-10-18
C01290,Umang Kunda,Female,55+,Indore,Madhya Pradesh,New,2025-10-16
C01291,Jyoti Pant,Male,25-34,Visakhapatnam,Andhra Pradesh,New,2025-01-31
C01292,Siddharth Ravel,Female,55+,Kochi,Kerala,New,2023-11-13
C01293,Pratyush Bedi,Female,35-44,Kochi,Kerala,Regular,2024-08-18
C01294,Ronith Memon,Female,55+,Jaipur,Rajasthan,Regular,2024-09-05
C01295,Gagan Subramaniam,Male,35-44,Delhi,Delhi,Regular,2025-11-09
C01296,Tanvi Srinivas,Male,45-54,Lucknow,Uttar Pradesh,New,2023-09-01
C01297,Akshay Sidhu,Male,35-44,Mumbai,Maharashtra,New,2025-07-24
C01298,Anya Aggarwal,Male,18-24,Madurai,Tamil Nadu,Regular,2024-10-03
C01299,Eiravati Dada,Male,35-44,Visakhapatnam,Andhra Pradesh,New,2024-11-21
C01300,Chaitaly Guha,Female,45-54,Trichy,Tamil Nadu,Regular,2025-06-09
C01301,Sarthak Dutt,Male,55+,Jaipur,Rajasthan,Regular,2026-01-22
C01302,Diya Chaudhary,Female,55+,Patna,Bihar,Regular,2025-07-14
C01303,Siya Ranganathan,Male,45-54,Bengaluru,Karnataka,Regular,2025-09-09
C01304,Sudiksha Sagar,Male,35-44,Bhopal,Madhya Pradesh,New,2023-12-24
C01305,Chandran Savant,Male,55+,Delhi,Delhi,Regular,2025-08-20
C01306,Ekantika Pingle,Male,18-24,Lucknow,Uttar Pradesh,Regular,2025-10-19
C01307,Alexander Brar,Female,18-24,Pune,Maharashtra,New,2025-09-25
C01308,Anita Sridhar,Male,45-54,Kolkata,West Bengal,Regular,2023-10-05
C01309,Wridesh Bora,Female,45-54,Trichy,Tamil Nadu,Loyal,2026-04-28
C01310,Gunbir Borah,Male,25-34,Patna,Bihar,New,2024-09-18
C01311,Irya Krishnan,Male,18-24,Lucknow,Uttar Pradesh,Regular,2024-06-30
C01312,Anita Bhandari,Female,35-44,Bhopal,Madhya Pradesh,Regular,2025-05-14
C01313,Kalpit Dhillon,Male,35-44,Mysuru,Karnataka,Regular,2024-03-09
C01314,Neel Konda,Female,25-34,Ahmedabad,Gujarat,High Value,2025-12-12
C01315,Sanya Edwin,Female,18-24,Bhopal,Madhya Pradesh,Regular,2025-04-13
C01316,Chaitaly Luthra,Male,55+,Kolkata,West Bengal,Loyal,2025-07-08
C01317,Samaksh Deep,Male,35-44,Mumbai,Maharashtra,Loyal,2025-01-28
C01318,Irya Ranganathan,Male,45-54,Bengaluru,Karnataka,Regular,2024-05-15
C01319,Jasmit Virk,Male,45-54,Visakhapatnam,Andhra Pradesh,Regular,2024-02-28
C01320,Yashvi Nadig,Female,35-44,Bengaluru,Karnataka,Loyal,2026-04-13
C01321,Pratyush Babu,Female,55+,Jaipur,Rajasthan,New,2025-06-14
C01322,Vedant Das,Male,25-34,Bengaluru,Karnataka,Regular,2024-02-12
C01323,Saksham Korpal,Male,45-54,Bhopal,Madhya Pradesh,High Value,2026-04-01
C01324,Shaurya Bakshi,Male,35-44,Bengaluru,Karnataka,New,2026-03-29
C01325,Udarsh Shroff,Male,25-34,Patna,Bihar,Regular,2025-06-19
C01326,Veer Sarma,Male,35-44,Bengaluru,Karnataka,Loyal,2026-05-18
C01327,Mohini Sachdev,Female,35-44,Kochi,Kerala,Regular,2024-12-31
C01328,Shivansh Krishnan,Male,25-34,Pune,Maharashtra,New,2025-04-24
C01329,Rachita Sankar,Male,55+,Mysuru,Karnataka,Regular,2024-07-30
C01330,Jyoti Bir,Male,55+,Visakhapatnam,Andhra Pradesh,Regular,2024-05-17
C01331,Pallavi Wason,Female,18-24,Chennai,Tamil Nadu,Regular,2025-03-15
C01332,Pushti Rout,Male,55+,Indore,Madhya Pradesh,Loyal,2026-06-14
C01333,Harish Mandal,Female,25-34,Indore,Madhya Pradesh,Loyal,2024-05-11
C01334,Adya Dasgupta,Female,25-34,Indore,Madhya Pradesh,New,2024-11-18
C01335,Samuel Balan,Male,45-54,Mumbai,Maharashtra,Loyal,2025-07-30
C01336,Udant Swamy,Female,45-54,Chennai,Tamil Nadu,Regular,2025-04-10
C01337,Maanas Ben,Male,18-24,Hyderabad,Telangana,New,2024-10-08
C01338,Lavanya Koshy,Female,35-44,Lucknow,Uttar Pradesh,Loyal,2024-10-06
C01339,Gaurangi Jayaraman,Female,45-54,Mumbai,Maharashtra,Loyal,2025-03-02
C01340,Nathan Mani,Female,35-44,Visakhapatnam,Andhra Pradesh,Regular,2024-04-08
C01341,Kashvi Raj,Male,55+,Bhubaneswar,Odisha,New,2023-11-13
C01342,Saanvi Konda,Male,25-34,Lucknow,Uttar Pradesh,Regular,2023-11-06
C01343,Maanas Dhawan,Male,55+,Kolkata,West Bengal,Regular,2024-06-20
C01344,Harish Prabhakar,Male,35-44,Coimbatore,Tamil Nadu,Regular,2025-02-08
C01345,Indrajit Doctor,Female,45-54,Delhi,Delhi,New,2025-05-03
C01346,Patrick Singh,Male,55+,Delhi,Delhi,Loyal,2025-02-04
C01347,Henry Kothari,Female,18-24,Lucknow,Uttar Pradesh,Loyal,2025-08-03
C01348,Bishakha Kata,Male,55+,Trichy,Tamil Nadu,Loyal,2025-09-16
C01349,Bakhshi Parmer,Male,45-54,Patna,Bihar,Regular,2025-06-11
C01350,Geetika Ganesan,Male,25-34,Lucknow,Uttar Pradesh,Regular,2025-05-10
C01351,Panini Deo,Female,18-24,Hyderabad,Telangana,Regular,2025-09-20
C01352,Zansi Oommen,Male,18-24,Mysuru,Karnataka,New,2026-01-31
C01353,Neel Chad,Female,18-24,Lucknow,Uttar Pradesh,Regular,2024-10-15
C01354,Nidra Bakshi,Male,45-54,Kolkata,West Bengal,Regular,2025-12-19
C01355,Wazir Narula,Male,35-44,Coimbatore,Tamil Nadu,Regular,2025-03-28
C01356,Abeer Tripathi,Male,25-34,Bengaluru,Karnataka,New,2026-05-17
C01357,Dayita Tara,Female,35-44,Coimbatore,Tamil Nadu,Regular,2024-07-27
C01358,Watika Karan,Female,25-34,Lucknow,Uttar Pradesh,New,2026-04-19
C01359,Yochana Verma,Male,18-24,Bengaluru,Karnataka,Regular,2025-05-29
C01360,Chatura Sule,Male,45-54,Pune,Maharashtra,Regular,2023-10-11
C01361,Vihaan Dave,Male,55+,Indore,Madhya Pradesh,Loyal,2026-01-02
C01362,Bahadurjit Kashyap,Male,55+,Mumbai,Maharashtra,Regular,2024-03-21
C01363,Neelima Babu,Female,45-54,Lucknow,Uttar Pradesh,New,2025-06-07
C01364,Patrick Deo,Male,25-34,Visakhapatnam,Andhra Pradesh,Loyal,2025-08-22
C01365,Manan Apte,Male,18-24,Pune,Maharashtra,New,2026-05-22
C01366,Ati Saxena,Female,18-24,Coimbatore,Tamil Nadu,New,2025-05-09
C01367,Finn Sathe,Female,35-44,Coimbatore,Tamil Nadu,Loyal,2024-01-14
C01368,Qushi Kumar,Male,45-54,Coimbatore,Tamil Nadu,High Value,2023-09-15
C01369,Zaitra Bajaj,Female,55+,Mysuru,Karnataka,Regular,2025-12-24
C01370,Lila Sundaram,Male,45-54,Visakhapatnam,Andhra Pradesh,Loyal,2025-10-22
C01371,Bhanumati Gala,Male,18-24,Ahmedabad,Gujarat,Loyal,2024-04-01
C01372,Sudiksha Issac,Female,45-54,Jaipur,Rajasthan,Loyal,2025-05-01
C01373,Eta Aggarwal,Male,35-44,Kochi,Kerala,Regular,2025-11-14
C01374,Yasti Krishnan,Female,35-44,Trichy,Tamil Nadu,Regular,2025-12-22
C01375,Sudiksha Khanna,Male,25-34,Bhopal,Madhya Pradesh,Regular,2024-10-29
C01376,Simon Pall,Male,45-54,Trichy,Tamil Nadu,Loyal,2025-01-10
C01377,Yatan Nadkarni,Female,45-54,Visakhapatnam,Andhra Pradesh,Regular,2024-05-15
C01378,Yauvani Sama,Female,55+,Jaipur,Rajasthan,Regular,2024-04-23
C01379,Michael Kalla,Female,25-34,Visakhapatnam,Andhra Pradesh,Regular,2025-12-07
C01380,Lajita Date,Female,45-54,Indore,Madhya Pradesh,Loyal,2026-07-07
C01381,Chandresh Soman,Male,35-44,Visakhapatnam,Andhra Pradesh,High Value,2025-12-13
C01382,Leela Rajan,Male,18-24,Chennai,Tamil Nadu,Regular,2026-05-12
C01383,Lipika Dugar,Male,55+,Trichy,Tamil Nadu,High Value,2025-02-19
C01384,Yug Manne,Male,35-44,Kochi,Kerala,Regular,2024-09-15
C01385,Vivaan Narasimhan,Male,25-34,Hyderabad,Telangana,Regular,2023-09-14
C01386,Advaith Bedi,Male,35-44,Pune,Maharashtra,Regular,2026-01-02
C01387,Edhitha Master,Female,18-24,Patna,Bihar,New,2024-06-10
C01388,Manan Sarkar,Female,45-54,Jaipur,Rajasthan,Loyal,2026-06-19
C01389,Qadim Khalsa,Male,25-34,Visakhapatnam,Andhra Pradesh,New,2025-02-09
C01390,Yauvani Tata,Female,45-54,Jaipur,Rajasthan,Loyal,2023-10-01
C01391,Sathvik Bhatt,Female,25-34,Bengaluru,Karnataka,Regular,2024-03-04
C01392,Omya Gandhi,Female,45-54,Patna,Bihar,Loyal,2025-02-07
C01393,Yagnesh Hayer,Male,55+,Kochi,Kerala,Regular,2026-06-04
C01394,Janani Mane,Male,25-34,Jaipur,Rajasthan,Regular,2025-06-01
C01395,Aahana Amble,Female,18-24,Jaipur,Rajasthan,High Value,2025-04-23
C01396,Vanya Barman,Male,35-44,Pune,Maharashtra,High Value,2025-10-05
C01397,Meghana Prasad,Male,55+,Patna,Bihar,Regular,2023-11-24
C01398,Aryan Dhillon,Male,35-44,Mysuru,Karnataka,Loyal,2025-01-20
C01399,Nicholas Apte,Male,35-44,Jaipur,Rajasthan,Regular,2026-04-05
C01400,Faqid Mann,Male,35-44,Indore,Madhya Pradesh,Regular,2026-03-24
C01401,Aachal Bail,Male,55+,Delhi,Delhi,Regular,2025-10-18
C01402,Daniel Bhavsar,Female,18-24,Trichy,Tamil Nadu,Loyal,2026-04-16
C01403,Ikshita Grover,Female,55+,Madurai,Tamil Nadu,New,2024-09-26
C01404,Saumya Bajwa,Male,25-34,Indore,Madhya Pradesh,Regular,2025-12-18
C01405,Imaran Lanka,Female,35-44,Indore,Madhya Pradesh,New,2024-11-11
C01406,Reva Shankar,Male,25-34,Trichy,Tamil Nadu,Loyal,2024-02-09
C01407,Zaitra Morar,Female,55+,Lucknow,Uttar Pradesh,New,2023-12-30
C01408,Fitan Shere,Male,55+,Delhi,Delhi,Loyal,2023-12-12
C01409,Madhav Kannan,Female,18-24,Jaipur,Rajasthan,New,2024-08-27
C01410,Veer Ghosh,Male,55+,Delhi,Delhi,Loyal,2023-08-20
C01411,Rachita Baral,Female,25-34,Hyderabad,Telangana,New,2025-08-01
C01412,Oni Bal,Female,45-54,Pune,Maharashtra,Regular,2024-01-04
C01413,Yatin Ramanathan,Male,25-34,Pune,Maharashtra,Regular,2026-06-24
C01414,Bhanumati Rattan,Male,25-34,Chennai,Tamil Nadu,Regular,2026-02-14
C01415,Shivansh Kale,Female,35-44,Patna,Bihar,New,2024-10-28
C01416,Prisha Barad,Male,25-34,Delhi,Delhi,New,2025-10-03
C01417,Vyanjana Dubey,Female,55+,Visakhapatnam,Andhra Pradesh,Regular,2025-04-24
C01418,Chasmum Bansal,Male,45-54,Bengaluru,Karnataka,Loyal,2023-10-22
C01419,Charita Agate,Male,45-54,Coimbatore,Tamil Nadu,New,2025-07-21
C01420,Oviya Vohra,Female,25-34,Kochi,Kerala,Loyal,2023-12-14
C01421,Ridhi Mutti,Female,55+,Bhubaneswar,Odisha,Regular,2025-06-29
C01422,Bhanumati Vyas,Male,55+,Jaipur,Rajasthan,New,2025-09-04
C01423,Hredhaan Balasubramanian,Male,18-24,Lucknow,Uttar Pradesh,Loyal,2023-12-10
C01424,Sarthak Chada,Male,45-54,Lucknow,Uttar Pradesh,Regular,2025-06-18
C01425,Hamsini Agrawal,Female,25-34,Lucknow,Uttar Pradesh,Loyal,2024-10-27
C01426,Nachiket Singh,Female,35-44,Bengaluru,Karnataka,Regular,2025-06-09
C01427,Warhi Tailor,Female,45-54,Jaipur,Rajasthan,Regular,2025-06-28
C01428,Advik Brar, MALE ,18-24,Madurai,Tamil Nadu,Regular,2024-06-15
C01429,Vedika Kurian,Male,35-44,Lucknow,Uttar Pradesh,Loyal,2024-05-23
C01430,Yahvi Sridhar,Male,55+,Visakhapatnam,Andhra Pradesh,New,2025-01-02
C01431,Joshua Cherian,Female,55+,Trichy,Tamil Nadu,Regular,2025-06-19
C01432,Ayushman Ramachandran,Female,45-54,Delhi,Delhi,Regular,2023-10-12
C01433,Ati Sood,Male,55+,Mumbai,Maharashtra,New,2026-02-24
C01434,Baljiwan Sachdeva,Female,18-24,Indore,Madhya Pradesh,Regular,2024-01-15
C01435,Eiravati Deo,Female,45-54,Bhubaneswar,Odisha,Regular,2025-01-05
C01436,Vritti Shere,Male,25-34,Jaipur,Rajasthan,Regular,2026-02-19
C01437,Nathan Mammen,Female,18-24,Madurai,Tamil Nadu,Regular,2024-11-16
C01438,Tristan Ganesh,Female,55+,Lucknow,Uttar Pradesh,New,2024-02-24
C01439,Isaac Kumar,Male,35-44,Lucknow,Uttar Pradesh,High Value,2026-04-05
C01440,Aadi Ram,Male,55+,Madurai,Tamil Nadu,Loyal,2026-01-24
C01441,Champak Merchant,Female,45-54,Kolkata,West Bengal,Regular,2026-01-31
C01442,Brijesh Badami,Male,25-34,Coimbatore,Tamil Nadu,Loyal,2025-04-09
C01443,Forum Sinha,Male,25-34,Bhubaneswar,Odisha,Regular,2025-02-22
C01444,Unni Rout,Female,45-54,Lucknow,Uttar Pradesh,Regular,2023-08-27
C01445,Vaishnavi Chowdhury,Male,25-34,Lucknow,Uttar Pradesh,Regular,2025-07-29
C01446,Radha Bala,Female,55+,Jaipur,Rajasthan,Loyal,2025-11-09
C01447,Samar Reddy,Female,35-44,Delhi,Delhi,High Value,2025-01-27
C01448,Jeet Atwal,Male,55+,Bhubaneswar,Odisha,High Value,2024-03-05
C01449,Aryan Trivedi,Male,35-44,Kolkata,West Bengal,New,2026-03-15
C01450,Azad Grover,Male,18-24,Patna,Bihar,Loyal,2025-10-02
C01451,Damini Roy,Male,35-44,Ahmedabad,Gujarat,Loyal,2024-06-13
C01452,Veda Anand,Female,55+,Mumbai,Maharashtra,Regular,2026-05-11
C01453,Dipta Chawla,Female,45-54,Jaipur,Rajasthan,Regular,2023-12-24
C01454,Oviya Hegde,Male,25-34,Patna,Bihar,Regular,2025-11-28
C01455,Daksha Iyer,Female,35-44,Hyderabad,Telangana,Loyal,2024-08-22
C01456,Pallavi Yogi,Female,25-34,Bengaluru,Karnataka,New,2025-12-09
C01457,Thomas Ganguly,Male,25-34,,Tamil Nadu,Loyal,2024-07-02
C01458,Omaja Mallick,Female,25-34,Indore,Madhya Pradesh,New,2025-02-15
C01459,Vyanjana Dayal,Female,55+,Kochi,Kerala,Loyal,2024-10-16
C01460,Yamini Ravi,Male,45-54,Visakhapatnam,Andhra Pradesh,Regular,2026-05-29
C01461,Caleb Modi,Female,45-54,Patna,Bihar,Regular,2024-05-12
C01462,Aashi Saha,Female,55+,Mysuru,Karnataka,New,2024-05-22
C01463,Manbir Patla,Male,55+,Indore,Madhya Pradesh,Regular,2024-07-13
C01464,Zinal Basak,Female,18-24,Patna,Bihar,High Value,2024-02-12
C01465,Farhan Sundaram,Female,35-44,Bhubaneswar,Odisha,New,2026-04-02
C01466,Jagvi Madan,Male,25-34,Indore,Madhya Pradesh,Loyal,2025-11-15
C01467,Sathvik Deol,Female,45-54,Bhopal,Madhya Pradesh,Regular,2024-11-08
C01468,Ayushman Manda,Male,25-34,Bhopal,Madhya Pradesh,Regular,2025-09-20
C01469,Gaurav Bail,Female,55+,Madurai,Tamil Nadu,New,2025-02-28
C01470,Nisha Sha,Male,45-54,Jaipur,Rajasthan,Regular,2026-03-27
C01471,Vidhi Mane,Female,45-54,Indore,Madhya Pradesh,Regular,2024-06-27
C01472,Krisha Kar,Female,25-34,Delhi,Delhi,New,2025-07-20
C01473,Bina Gala,Female,55+,Visakhapatnam,Andhra Pradesh,Regular,2023-10-14
C01474,Alexander Swamy,Male,55+,Indore,Madhya Pradesh,New,2025-01-23
C01475,Daniel Kapoor,Male,35-44,Delhi,Delhi,Regular,2025-04-10
C01476,Udyati Gill,Male,35-44,Bengaluru,Karnataka,Regular,2023-10-31
C01477,Daniel Sachdev,Female,35-44,Visakhapatnam,Andhra Pradesh,Loyal,2026-05-30
C01478,Mekhala Badal,Male,55+,Chennai,Tamil Nadu,New,2025-11-17
C01479,Zayyan Maharaj,Male,45-54,Bhubaneswar,Odisha,Regular,2025-03-27
C01480,Praneel Vohra,Female,25-34,Mysuru,Karnataka,Regular,2025-10-16
C01481,Christopher Balan,Male,35-44,Bhopal,Madhya Pradesh,High Value,2026-06-05
C01482,Vasudha Dada,Male,45-54,Bengaluru,Karnataka,Loyal,2025-12-07
C01483,Dayita Kashyap,Female,25-34,Kochi,Kerala,Regular,2025-04-12
C01484,Jack Chaudhary,Male,55+,Mysuru,Karnataka,Loyal,2026-07-06
C01485,Lakshit Bhatt,Male,35-44,Ahmedabad,Gujarat,Loyal,2025-06-11
C01486,Vamakshi Borah,Male,25-34,Trichy,Tamil Nadu,Regular,2023-12-16
C01487,Rachana Gour,Female,45-54,Indore,Madhya Pradesh,Loyal,2026-06-20
C01488,Hamsini Walia,Male,45-54,Patna,Bihar,Regular,2025-04-20
C01489,Yamini Gaba,Female,35-44,Kolkata,West Bengal,New,2023-11-11
C01490,Jhalak Sant,Male,35-44,Kochi,Kerala,Loyal,2024-07-20
C01491,Hitesh Bhasin,Female,35-44,Lucknow,Uttar Pradesh,High Value,2024-03-13
C01492,Niharika Dua,Male,55+,Coimbatore,Tamil Nadu,Regular,2023-11-23
C01493,Laksh Kamdar,Female,35-44,Kochi,Kerala,Regular,2023-10-13
C01494,Yachana Kala,Female,55+,Trichy,Tamil Nadu,Regular,2023-08-18
C01495,Leena Misra,Male,55+,Mumbai,Maharashtra,Regular,2025-12-04
C01496,Advika Agrawal,Female,55+,Mysuru,Karnataka,New,2024-01-25
C01497,Reva Ramaswamy,Male,18-24,Chennai,Tamil Nadu,Regular,2025-04-22
C01498,Oscar Narayanan,Male,45-54,Bhopal,Madhya Pradesh,Regular,2025-06-13
C01499,Champak Sarin,Female,25-34,Delhi,Delhi,New,2024-09-01
C01500,Praneel Roy,Male,18-24,Visakhapatnam,Andhra Pradesh,Loyal,2024-12-27
C01501,Daksha Srivastava,Male,18-24,Hyderabad,Telangana,New,2026-06-19
C01502,Diya Viswanathan,Male,45-54,Visakhapatnam,Andhra Pradesh,Regular,2024-10-28
C01503,Zaitra Patel,Male,18-24,Bhubaneswar,Odisha,Regular,2024-09-20
C01504,Lila Kalla,Female,45-54,Pune,Maharashtra,Regular,2023-09-17
C01505,Champak Sidhu,Female,35-44,Madurai,Tamil Nadu,Loyal,2025-07-08
C01506,Nakul Basak,Female,25-34,Jaipur,Rajasthan,Loyal,2023-10-19
C01507,Bahadurjit Bhasin,Male,45-54,Pune,Maharashtra,Regular,2025-12-11
C01508,Charan Nanda,Female,35-44,Coimbatore,Tamil Nadu,New,2023-12-14
C01509,Faqid Ganguly,Female,25-34,Madurai,Tamil Nadu,Regular,2026-06-23
C01510,Jagvi Tella,Female,18-24,Mysuru,Karnataka,New,2023-12-24
C01511,Harshil Rama,Male,55+,Kochi,Kerala,Regular,2026-02-12
C01512,Pallavi Modi,Female,18-24,Lucknow,Uttar Pradesh,New,2024-05-27
C01513,Jagrati Shankar,Female,45-54,Madurai,Tamil Nadu,New,2023-09-30
C01514,Leela Kakar,Male,18-24,Indore,Madhya Pradesh,Loyal,2025-05-15
C01515,Gauri Munshi,Female,25-34,Kolkata,West Bengal,Loyal,2024-06-05
C01516,Aarini Mukhopadhyay,Male,55+,Kolkata,West Bengal,Loyal,2026-04-28
C01517,Hitesh Natt,Female,45-54,Indore,Madhya Pradesh,Regular,2024-02-21
C01518,Elijah Bir,Male,18-24,Madurai,Tamil Nadu,Regular,2024-02-01
C01519,Netra Pandit,Male,55+,Indore,Madhya Pradesh,Regular,2026-03-30
C01520,Niharika Vig,Female,35-44,Ahmedabad,Gujarat,Regular,2026-04-06
C01521,Om Saran,Female,55+,Madurai,Tamil Nadu,Loyal,2024-06-02
C01522,Farhan Dora,Male,45-54,Jaipur,Rajasthan,Loyal,2023-11-08
C01523,Chasmum Gara,Male,25-34,Delhi,Delhi,Regular,2026-05-01
C01524,Oscar Khatri,Male,35-44,Kolkata,West Bengal,Regular,2026-04-18
C01525,Yashawini Acharya,Female,45-54,Trichy,Tamil Nadu,New,2024-10-12
C01526,Falak Dey,Male,25-34,Lucknow,Uttar Pradesh,New,2026-05-14
C01527,Ira Gole,Male,45-54,Chennai,Tamil Nadu,Regular,2023-11-28
C01528,Qarin Raja,Female,45-54,Patna,Bihar,Regular,2025-09-03
C01529,Anvi Rout,Male,18-24,Lucknow,Uttar Pradesh,Regular,2024-10-22
C01530,Xavier Behl,Male,45-54,Jaipur,Rajasthan,New,2026-02-07
C01531,Radha Boase,Female,55+,Bhopal,Madhya Pradesh,New,2026-06-17
C01532,Watika Buch,Male,18-24,Bhubaneswar,Odisha,New,2026-01-15
C01533,George Sur,Female,18-24,Bengaluru,Karnataka,Regular,2024-11-24
C01534,Ayush Mody,Male,25-34,Visakhapatnam,Andhra Pradesh,Loyal,2025-07-10
C01535,Lila Thaman,Male,25-34,Bengaluru,Karnataka,Regular,2023-10-08
C01536,Darsh Mital,Male,45-54,Delhi,Delhi,Regular,2025-08-17
C01537,Lohit Jha,Male,18-24,Bhubaneswar,Odisha,New,2024-10-25
C01538,Keya Buch,Male,18-24,Visakhapatnam,Andhra Pradesh,Loyal,2026-01-04
C01539,Aayush Sinha,Female,45-54,Kochi,Kerala,Regular,2025-12-26
C01540,Eta Kade,Male,35-44,Bhubaneswar,Odisha,Loyal,2024-10-14
C01541,Yuvraj Chhabra,Male,55+,,Telangana,New,2026-03-27
C01542,Falak Sodhi,Male,35-44,Madurai,Tamil Nadu,New,2023-12-28
C01543,Yauvani Varghese,Male,35-44,Kochi,Kerala,Regular,2024-07-13
C01544,Gautami Subramanian,Male,55+,Lucknow,Uttar Pradesh,New,2025-03-05
C01545,Daksha Ramachandran,Female,25-34,Trichy,Tamil Nadu,New,2025-09-28
C01546,Sai Raja,Male,18-24,Indore,Madhya Pradesh,New,2025-06-19
C01547,Nandini Pau,Female,45-54,Madurai,Tamil Nadu,Regular,2025-01-27
C01548,Zansi Badal,Male,25-34,Indore,Madhya Pradesh,New,2024-03-21
C01549,Benjamin Bandi,Female,45-54,Pune,Maharashtra,Regular,2026-06-24
C01550,Chanchal De,Male,55+,Mysuru,Karnataka,New,2024-12-08
C01551,Hamsini Murthy,Male,35-44,Indore,Madhya Pradesh,Regular,2025-08-26
C01552,Rajeshri Raghavan,Male,25-34,Chennai,Tamil Nadu,New,2023-08-12
C01553,Advik Bhatia,female,55+,Bhopal,Madhya Pradesh,Regular,2026-05-30
C01554,Mohini Dar,Male,45-54,Patna,Bihar,Loyal,2023-12-25
C01555,Qarin Borra,Female,18-24,Hyderabad,Telangana,New,2025-09-02
C01556,Chandran Bora,Female,45-54,Bengaluru,Karnataka,New,2024-06-09
C01557,Bachittar Chaudhuri,Male,35-44,Coimbatore,Tamil Nadu,Regular,2024-06-11
C01558,Ekaja Mahal,Female,35-44,Kochi,Kerala,Regular,2024-06-17
C01559,Teerth Tara,Male,18-24,Lucknow,Uttar Pradesh,Loyal,2026-03-05
C01560,Falak Mitra,Male,25-34,Patna,Bihar,Loyal,2024-05-03
C01561,Zashil Roy,Male,18-24,Indore,Madhya Pradesh,Loyal,2025-12-22
C01562,Sanaya Balay,Female,45-54,Lucknow,Uttar Pradesh,New,2026-01-15
C01563,Chakrika Pal,Male,18-24,Jaipur,Rajasthan,Regular,2025-05-06
C01564,Anusha Dave,Male,45-54,Trichy,Tamil Nadu,Loyal,2025-05-08
C01565,Aarna Karnik,Male,18-24,Kolkata,West Bengal,Regular,2024-06-30
C01566,Adweta Basak,Male,45-54,Indore,Madhya Pradesh,New,2023-09-11
C01567,Vritti Singhal,Female,25-34,Visakhapatnam,Andhra Pradesh,Regular,2024-06-30
C01568,Yoshita Chandra,Female,25-34,Bengaluru,Karnataka,Regular,2024-10-30
C01569,Xalak De,Male,35-44,Pune,Maharashtra,New,2025-05-17
C01570,Inaya Sha,Male,35-44,Bhubaneswar,Odisha,New,2026-02-17
C01571,Advaith Walla,Female,45-54,Lucknow,Uttar Pradesh,New,2026-04-12
C01572,Gaurika Bhalla,Male,35-44,Jaipur,Rajasthan,Regular,2025-09-12
C01573,Zilmil Radhakrishnan,Male,55+,Visakhapatnam,Andhra Pradesh,High Value,2024-10-18
C01574,Yoshita Ganguly,Male,45-54,Mumbai,Maharashtra,Loyal,2025-12-26
C01575,Ekanta Samra,Male,55+,Indore,Madhya Pradesh,Regular,2025-06-22
C01576,Arjun Das,Female,18-24,Lucknow,Uttar Pradesh,Loyal,2024-05-07
C01577,Kalpit Mukherjee, MALE ,35-44,Mumbai,Maharashtra,Regular,2024-12-12
C01578,Hemangini Patla,Male,55+,Mumbai,Maharashtra,Loyal,2024-03-18
C01579,Gauri Sangha,Male,18-24,Kochi,Kerala,High Value,2024-07-06
C01580,Hredhaan Dubey,Male,45-54,Bhopal,Madhya Pradesh,Regular,2025-05-17
C01581,Jagvi Bahri,Male,45-54,Indore,Madhya Pradesh,Regular,2026-04-14
C01582,Chaaya Basu,Male,45-54,Madurai,Tamil Nadu,Loyal,2025-12-05
C01583,Zansi Banerjee,Female,35-44,Bengaluru,Karnataka,Regular,2025-03-13
C01584,Omkaar Borah,Male,45-54,Madurai,Tamil Nadu,Regular,2025-10-24
C01585,Falguni Rau,Female,55+,Mysuru,Karnataka,Loyal,2026-04-19
C01586,Vinaya Vora,Female,45-54,Chennai,Tamil Nadu,Loyal,2023-09-11
C01587,Harrison Vaidya,Male,35-44,Kolkata,West Bengal,Regular,2024-01-16
C01588,Meera Bhandari,Male,45-54,Chennai,Tamil Nadu,Loyal,2025-03-11
C01589,Chatresh Chaudry,Male,35-44,Jaipur,Rajasthan,Regular,2026-01-18
C01590,Siya Chopra,Male,18-24,Pune,Maharashtra,Regular,2026-06-27
C01591,Nitara Dhawan,Male,55+,Jaipur,Rajasthan,Loyal,2025-03-03
C01592,Daksha Borah,Male,18-24,Ahmedabad,Gujarat,Regular,2024-02-20
C01593,Patrick Bhargava,Male,35-44,Lucknow,Uttar Pradesh,Regular,2025-05-10
C01594,Eshana Deshpande,Male,55+,Patna,Bihar,Loyal,2024-11-18
C01595,Widisha Nath,Male,35-44,Hyderabad,Telangana,Regular,2024-04-19
C01596,Hemangini Tara,Female,55+,Trichy,Tamil Nadu,Loyal,2024-09-25
C01597,Vasudha Dutta,Male,35-44,Hyderabad,Telangana,Regular,2024-05-19
C01598,Oni Srivastava,Female,35-44,Pune,Maharashtra,New,2024-06-27
C01599,Mohini Mahajan,Female,45-54,Ahmedabad,Gujarat,Regular,2025-01-28
C01600,Vedant Jhaveri,Male,45-54,Bhopal,Madhya Pradesh,Loyal,2025-06-08
C01601,Gayathri Kanda,Female,45-54,Patna,Bihar,Regular,2024-08-29
C01602,Siddharth Sarin,Male,45-54,Madurai,Tamil Nadu,New,2026-03-05
C01603,Advik Jaggi,Male,35-44,Kolkata,West Bengal,High Value,2026-04-23
C01604,Netra Chahal,Male,25-34,Madurai,Tamil Nadu,Regular,2024-01-08
C01605,Yashica Singh,Female,25-34,Bengaluru,Karnataka,Loyal,2024-07-28
C01606,Aashi Deshpande,Male,35-44,Bhopal,Madhya Pradesh,Regular,2023-09-14
C01607,Ayushman Dani,Male,45-54,Patna,Bihar,Regular,2023-10-30
C01608,Kashvi Goyal,Male,35-44,Lucknow,Uttar Pradesh,New,2025-10-04
C01609,Suhani Natt,Male,55+,Chennai,Tamil Nadu,Regular,2024-01-02
C01610,Jeet Soman,Female,35-44,Kochi,Kerala,Regular,2025-09-29
C01611,Kiaan Dada,Female,45-54,Bhopal,Madhya Pradesh,Regular,2025-03-18
C01612,Vedika Ganguly,Female,25-34,Bengaluru,Karnataka,Loyal,2024-04-13
C01613,Michael Dube,Female,35-44,Mumbai,Maharashtra,High Value,2024-03-18
C01614,Chatura Kant,Male,35-44,Coimbatore,Tamil Nadu,Regular,2024-10-07
C01615,Sara Char,Male,55+,Mysuru,Karnataka,Regular,2025-05-19
C01616,Ubika Kumar,Male,25-34,Mysuru,Karnataka,Regular,2024-06-20
C01617,Jacob Jani,Female,55+,Coimbatore,Tamil Nadu,New,2024-03-23
C01618,Dominic Kaur,Female,25-34,Pune,Maharashtra,Regular,2026-04-12
C01619,Brinda Buch,Female,35-44,Coimbatore,Tamil Nadu,New,2025-09-23
C01620,Isha Dugar,Male,55+,Lucknow,Uttar Pradesh,Regular,2026-01-07
C01621,Rayaan Brahmbhatt,Female,45-54,Chennai,Tamil Nadu,Loyal,2024-05-26
C01622,Dhriti Krishnan,Female,25-34,Lucknow,Uttar Pradesh,New,2026-06-18
C01623,Irya Mallick,Female,35-44,Patna,Bihar,Regular,2025-11-20
C01624,Anita Subramaniam,Male,55+,Delhi,Delhi,Loyal,2025-06-08
C01625,Omisha Nazareth,Female,18-24,Lucknow,Uttar Pradesh,Loyal,2024-10-24
C01626,Nisha Lall,Male,55+,Coimbatore,Tamil Nadu,New,2025-01-13
C01627,Chakradev Trivedi,Female,55+,Chennai,Tamil Nadu,Loyal,2026-01-11
C01628,Meera Gaba,Female,18-24,Lucknow,Uttar Pradesh,Regular,2025-11-18
C01629,Frederick Chaudhari,Male,55+,Visakhapatnam,Andhra Pradesh,Regular,2024-01-30
C01630,Aditya Pradhan,Male,18-24,Pune,Maharashtra,New,2026-01-15
C01631,Riya Rajan,Male,55+,Lucknow,Uttar Pradesh,Regular,2023-08-13
C01632,Dayamai Pant,Female,55+,Indore,Madhya Pradesh,Regular,2024-04-01
C01633,Ekiya Borah,Female,45-54,Coimbatore,Tamil Nadu,New,2025-10-03
C01634,Yadavi Kohli,Female,45-54,Kochi,Kerala,Regular,2024-09-02
C01635,Omaja Master,Female,35-44,Delhi,Delhi,Regular,2024-09-04
C01636,Atharv Rastogi,Male,25-34,Lucknow,Uttar Pradesh,Loyal,2023-08-13
C01637,Joshua Deol,Female,45-54,Lucknow,Uttar Pradesh,Regular,2025-11-17
C01638,Kashvi Patel,Female,25-34,Kochi,Kerala,Loyal,2025-11-01
C01639,Ucchal Raval,Male,25-34,Visakhapatnam,Andhra Pradesh,Regular,2025-08-15
C01640,Zinal Sheth,Female,18-24,Indore,Madhya Pradesh,Loyal,2024-07-27
C01641,Chaitaly Iyer,Female,18-24,Bhubaneswar,Odisha,New,2024-03-11
C01642,Dakshesh Lanka,Female,25-34,Pune,Maharashtra,Regular,2024-12-25
C01643,Gunbir Dash,Male,25-34,Bhubaneswar,Odisha,New,2024-03-09
C01644,Anusha Babu,Female,55+,Kolkata,West Bengal,Regular,2024-09-18
C01645,Noah Kala,Female,45-54,Delhi,Delhi,Regular,2026-02-12
C01646,Yochana Kala,Male,18-24,Lucknow,Uttar Pradesh,Loyal,2024-06-13
C01647,Yutika Bedi,Female,35-44,Bengaluru,Karnataka,High Value,2025-10-16
C01648,Eta Bath,Male,35-44,Indore,Madhya Pradesh,Regular,2023-09-14
C01649,Samaksh Verma,Male,18-24,Indore,Madhya Pradesh,New,2024-06-10
C01650,Dayamai Sarkar,Female,18-24,Pune,Maharashtra,Regular,2026-05-06
C01651,Samuel Ganguly,Female,55+,Ahmedabad,Gujarat,Regular,2025-11-23
C01652,Jason Naidu,Female,18-24,Pune,Maharashtra,Regular,2024-08-06
C01653,Hritik Nadkarni,Male,35-44,Bhubaneswar,Odisha,New,2025-11-30
C01654,Peter Pandey,Male,35-44,Coimbatore,Tamil Nadu,Regular,2024-04-01
C01655,Vyanjana Wable,Female,25-34,Bengaluru,Karnataka,New,2024-07-28
C01656,Wishi Narasimhan,Female,35-44,Ahmedabad,Gujarat,New,2026-06-19
C01657,Neha Roy,Male,55+,Delhi,Delhi,New,2024-02-24
C01658,Bhanumati Kata,Male,55+,Mysuru,Karnataka,Loyal,2024-01-10
C01659,Anamika Shankar,Female,35-44,Patna,Bihar,Loyal,2026-01-06
C01660,Rehaan Lad,Female,35-44,Delhi,Delhi,New,2023-12-25
C01661,Kalpit Lal,Female,25-34,Bhubaneswar,Odisha,New,2025-08-22
C01662,Warinder Bose,Female,35-44,Bhopal,Madhya Pradesh,Loyal,2024-02-27
C01663,Alexander Kade,Female,25-34,Kochi,Kerala,New,2026-06-05
C01664,Chasmum Muni,Male,25-34,Bengaluru,Karnataka,Loyal,2024-12-15
C01665,Jagrati Yogi,Male,45-54,Patna,Bihar,Regular,2025-11-08
C01666,Aayush Vohra,Male,25-34,Madurai,Tamil Nadu,Loyal,2026-06-04
C01667,Jack Varma,Female,35-44,Indore,Madhya Pradesh,Regular,2025-07-30
C01668,Samuel Dar,Female,55+,Bengaluru,Karnataka,Regular,2025-06-16
C01669,Gayathri Babu,Male,35-44,Jaipur,Rajasthan,New,2025-07-11
C01670,Rohan Hans,Male,25-34,Trichy,Tamil Nadu,Loyal,2026-04-19
C01671,Aarush Apte,Male,35-44,Bengaluru,Karnataka,New,2024-10-09
C01672,Manbir Goswami,Male,45-54,Bengaluru,Karnataka,Regular,2023-09-14
C01673,Max Bajaj,Male,18-24,Trichy,Tamil Nadu,Loyal,2023-10-24
C01674,Leena Wason,Male,25-34,Kochi,Kerala,New,2026-01-28
C01675,Dalaja Cherian,Male,45-54,Bhopal,Madhya Pradesh,New,2025-11-05
C01676,Dalbir Batra,Male,18-24,Pune,Maharashtra,Regular,2025-05-14
C01677,Zilmil Chand,Male,18-24,Chennai,Tamil Nadu,Loyal,2025-05-07
C01678,Imaran Hans,Male,25-34,Hyderabad,Telangana,Regular,2024-07-04
C01679,Abhimanyu Anne,Male,25-34,Chennai,Tamil Nadu,Loyal,2026-05-23
C01680,Chavvi Sane,Female,35-44,Pune,Maharashtra,New,2024-11-17
C01681,Neelima Shanker,Male,55+,Bhopal,Madhya Pradesh,Regular,2023-08-22
C01682,Kavya Kuruvilla,Male,55+,Trichy,Tamil Nadu,Regular,2026-01-12
C01683,Maanav Bora,Female,25-34,Hyderabad,Telangana,Loyal,2024-10-11
C01684,Lucky Kalita,Male,18-24,Patna,Bihar,Loyal,2025-11-01
C01685,Yashvi Bhatti,Female,35-44,Bhopal,Madhya Pradesh,Regular,2026-01-31
C01686,Gunbir Kala,Female,18-24,Mysuru,Karnataka,New,2025-05-01
C01687,Harshil Dyal,Female,45-54,Ahmedabad,Gujarat,Regular,2026-03-27
C01688,Aditya Mohanty,Female,18-24,Mumbai,Maharashtra,Loyal,2024-04-22
C01689,Eshana Sundaram,Male,45-54,Jaipur,Rajasthan,New,2024-10-15
C01690,Brinda Sama,Female,35-44,Bengaluru,Karnataka,Loyal,2024-09-14
C01691,Reyansh Patil,Male,18-24,Patna,Bihar,Regular,2023-09-29
C01692,Aarush Dayal,Female,35-44,Trichy,Tamil Nadu,Regular,2025-06-18
C01693,Devansh Bala,Female,25-34,Delhi,Delhi,Regular,2023-10-25
C01694,Harrison Dutta,Female,25-34,Delhi,Delhi,Loyal,2024-09-09
C01695,Bahadurjit Chatterjee,Female,25-34,Indore,Madhya Pradesh,New,2026-04-19
C01696,Hemal Bhasin,Male,45-54,Indore,Madhya Pradesh,Regular,2025-02-28
C01697,Darpan Tandon,Male,25-34,Madurai,Tamil Nadu,Regular,2025-04-12
C01698,Zilmil Rattan,Male,25-34,Bhubaneswar,Odisha,New,2023-11-09
C01699,Arya Kibe,Female,25-34,Hyderabad,Telangana,Regular,2024-01-10
C01700,Chaaya Prabhakar,Male,25-34,Kolkata,West Bengal,Loyal,2025-06-05
C01701,Eiravati Karan,Female,55+,Indore,Madhya Pradesh,Regular,2024-11-07
C01702,Krisha Brahmbhatt,Female,45-54,Kolkata,West Bengal,Regular,2023-08-16
C01703,Lipika Kannan,Female,55+,Kolkata,West Bengal,Regular,2025-02-26
C01704,Mason Shanker,Male,18-24,Lucknow,Uttar Pradesh,Regular,2024-11-15
C01705,Omya Dayal,Male,25-34,Indore,Madhya Pradesh,New,2026-06-20
C01706,Zaid Anand,Male,45-54,Coimbatore,Tamil Nadu,Regular,2024-02-15
C01707,Zarna Aurora,Female,55+,Mysuru,Karnataka,Regular,2024-07-30
C01708,Anjali Master,Female,55+,Bengaluru,Karnataka,Regular,2025-07-11
C01709,Ekiya Virk,Female,45-54,Madurai,Tamil Nadu,Regular,2025-08-08
C01710,Bimala Bhagat,Female,55+,Indore,Madhya Pradesh,Regular,2025-02-16
C01711,Laban Ramanathan,Male,18-24,Jaipur,Rajasthan,High Value,2025-01-15
C01712,Odika Parmer,Female,45-54,Trichy,Tamil Nadu,Regular,2025-11-05
C01713,Dalaja Sur,Female,45-54,Kolkata,West Bengal,New,2024-02-13
C01714,Raagini Pillay,Female,25-34,Mysuru,Karnataka,Regular,2023-12-13
C01715,Bishakha Som,Female,45-54,Bengaluru,Karnataka,Regular,2024-01-18
C01716,Shravya Chaudhry,Female,55+,Trichy,Tamil Nadu,Regular,2026-05-04
C01717,Dhriti Sankaran,Female,45-54,Bhubaneswar,Odisha,Regular,2024-07-13
C01718,Arya Baral,Male,45-54,Mysuru,Karnataka,Regular,2026-01-08
C01719,Laksh Deshpande,Female,55+,Bhubaneswar,Odisha,Regular,2024-02-16
C01720,Ekta Randhawa,Female,18-24,Delhi,Delhi,New,2026-01-18
C01721,Charvi Issac,Male,35-44,Coimbatore,Tamil Nadu,Regular,2025-09-10
C01722,Azaan Kunda,Male,35-44,Bhubaneswar,Odisha,Regular,2025-07-25
C01723,Maya Shah,Female,35-44,Kochi,Kerala,Regular,2024-02-07
C01724,Hemal Amble,Male,25-34,Coimbatore,Tamil Nadu,Regular,2024-01-05
C01725,Yadavi Tak,Male,18-24,Delhi,Delhi,Loyal,2024-03-17
C01726,Rushil Chowdhury,Female,25-34,Trichy,Tamil Nadu,New,2024-07-19
C01727,Zehaan Sura,Male,45-54,Jaipur,Rajasthan,Regular,2023-12-07
C01728,Panini Gera,Female,35-44,Kochi,Kerala,New,2026-05-03
C01729,Nirja Shah,Male,35-44,Indore,Madhya Pradesh,Regular,2025-06-19
C01730,Aarush Rana,Female,55+,Kolkata,West Bengal,New,2025-07-01
C01731,Vedant Pal,Male,25-34,Indore,Madhya Pradesh,Regular,2026-03-20
C01732,Siya Zachariah,Female,25-34,Bhopal,Madhya Pradesh,Regular,2024-08-21
C01733,Rehaan Palan,Female,25-34,Ahmedabad,Gujarat,Regular,2025-10-18
C01734,Viraj Narain,Male,35-44,Madurai,Tamil Nadu,Regular,2024-09-03
C01735,Hema Naidu,Female,25-34,Delhi,Delhi,Regular,2024-09-25
C01736,Madhav Sandal,Male,55+,Madurai,Tamil Nadu,Regular,2023-09-29
C01737,Zilmil Rastogi,Female,45-54,Madurai,Tamil Nadu,Regular,2024-09-15
C01738,Logan Murthy,Female,55+,Madurai,Tamil Nadu,Loyal,2025-02-28
C01739,Vincent Dutt,Female,25-34,Kochi,Kerala,Regular,2026-01-21
C01740,Vedika Mallick,Female,55+,Pune,Maharashtra,New,2024-06-04
C01741,Idika Munshi,Male,55+,Chennai,Tamil Nadu,Regular,2026-01-25
C01742,Gautami Kakar,Female,55+,Lucknow,Uttar Pradesh,Loyal,2025-11-13
C01743,Luke Natarajan,Male,55+,Kochi,Kerala,Regular,2024-05-10
C01744,Avni Kalla,Male,25-34,Lucknow,Uttar Pradesh,New,2025-10-20
C01745,Jacob Dua,Female,45-54,Delhi,Delhi,Regular,2026-05-01
C01746,Chakradhar Dhillon,Male,45-54,Madurai,Tamil Nadu,Regular,2023-12-15
C01747,Falak Tiwari,Male,35-44,Delhi,Delhi,Regular,2024-12-28
C01748,Karan Dash,Female,25-34,Mumbai,Maharashtra,New,2025-07-23
C01749,Jatin Wagle,Male,25-34,Hyderabad,Telangana,Loyal,2026-04-07
C01750,Vritti Parmar,Female,45-54,Delhi,Delhi,Regular,2025-08-08
C01751,Dhriti Mall,Female,18-24,Kochi,Kerala,Regular,2023-12-28
C01752,Isha Gour,Male,18-24,Pune,Maharashtra,Regular,2024-01-30
C01753,Gopal Shan,Male,18-24,Pune,Maharashtra,High Value,2025-06-03
C01754,Nisha Patel,Male,18-24,Indore,Madhya Pradesh,Loyal,2026-03-16
C01755,Mohini Tiwari,Female,55+,Madurai,Tamil Nadu,Regular,2025-03-28
C01756,Raghav Handa,Female,35-44,Madurai,Tamil Nadu,Regular,2024-08-08
C01757,Damyanti Srinivasan,Female,25-34,Madurai,Tamil Nadu,Regular,2025-01-27
C01758,Ganga Jani,Male,55+,Bhubaneswar,Odisha,Regular,2024-09-25
C01759,Jai Kakar,Female,45-54,Bhubaneswar,Odisha,Loyal,2024-10-06
C01760,Rajata Kapoor,Male,35-44,Mumbai,Maharashtra,Regular,2026-03-04
C01761,Chatresh Sura,Female,25-34,Bhubaneswar,Odisha,Loyal,2025-10-10
C01762,Eshana Bera,Male,18-24,Hyderabad,Telangana,New,2025-12-17
C01763,Ekaraj Ravel,Female,45-54,Pune,Maharashtra,Regular,2024-05-27
C01764,Chatresh Raman,Male,45-54,Bhubaneswar,Odisha,Regular,2025-11-20
C01765,Bahadurjit Borde,Female,55+,Trichy,Tamil Nadu,Regular,2025-12-17
C01766,Yatin Das,Female,25-34,Mumbai,Maharashtra,Regular,2025-08-10
C01767,Keya Bose,Female,18-24,Ahmedabad,Gujarat,Regular,2026-04-22
C01768,Bhanumati Bawa,Male,18-24,Visakhapatnam,Andhra Pradesh,Regular,2024-05-17
C01769,Peter Chander,Female,55+,Mumbai,Maharashtra,Regular,2024-01-16
C01770,Amrita Vyas,Male,55+,Ahmedabad,Gujarat,Loyal,2025-09-09
C01771,Riya Murthy,Female,18-24,Lucknow,Uttar Pradesh,Loyal,2025-07-31
C01772,Ijaya Sura,Female,35-44,Kolkata,West Bengal,New,2025-09-20
C01773,Gaurang Pingle,Female,25-34,Mumbai,Maharashtra,Loyal,2023-11-06
C01774,Yamini Sahota,Female,35-44,Mysuru,Karnataka,Loyal,2025-08-04
C01775,Maanas Chaudhari,Male,35-44,Kochi,Kerala,Loyal,2026-02-27
C01776,Jeremiah Agate,Female,45-54,Indore,Madhya Pradesh,Loyal,2025-02-03
C01777,Pooja Kalla,Female,18-24,Jaipur,Rajasthan,Loyal,2024-01-10
C01778,Bhanumati Cherian,Male,35-44,Pune,Maharashtra,Regular,2026-06-17
C01779,Veer Bhatia,Female,45-54,Patna,Bihar,Regular,2024-01-02
C01780,Saanvi Oza,Male,45-54,Coimbatore,Tamil Nadu,Loyal,2024-05-31
C01781,Watika Mistry,Male,45-54,Bengaluru,Karnataka,Regular,2023-12-16
C01782,Anita Bhatti,Female,55+,Delhi,Delhi,New,2024-04-03
C01783,Ishanvi Dhawan,Male,55+,Mysuru,Karnataka,Loyal,2024-07-14
C01784,Aditya Dara,Female,35-44,Bengaluru,Karnataka,Regular,2024-11-26
C01785,Xiti Kara,Female,25-34,Bengaluru,Karnataka,Regular,2024-05-04
C01786,Wakeeta Sethi,Female,25-34,Jaipur,Rajasthan,New,2025-11-21
C01787,Chavvi Sachdeva,Male,45-54,Ahmedabad,Gujarat,Loyal,2025-01-17
C01788,Jeevika Master,Male,18-24,Bhubaneswar,Odisha,Loyal,2025-10-19
C01789,Ishani Memon,Male,18-24,Patna,Bihar,High Value,2023-10-10
C01790,Dipta Sarkar,Female,25-34,Hyderabad,Telangana,New,2026-07-05
C01791,Zansi Choudhary,Female,55+,Visakhapatnam,Andhra Pradesh,Regular,2025-11-04
C01792,Kritika Patel,Female,25-34,Madurai,Tamil Nadu,Loyal,2025-09-30
C01793,Hemal Chaudry,Male,55+,Trichy,Tamil Nadu,Regular,2025-12-30
C01794,Aayush Borah,Female,18-24,Lucknow,Uttar Pradesh,Regular,2025-11-10
C01795,Darsh Venkatesh,Male,35-44,Hyderabad,Telangana,Regular,2024-03-19
C01796,Ria Walia,Female,25-34,Indore,Madhya Pradesh,Regular,2024-09-11
C01797,Fitan Saha,Male,35-44,Hyderabad,Telangana,Loyal,2026-03-16
C01798,Abhiram Anne,Female,25-34,Hyderabad,Telangana,Regular,2024-02-14
C01799,Edhitha Shan,Male,35-44,Bengaluru,Karnataka,High Value,2024-03-01
C01800,Lipika Rege,Female,25-34,Mumbai,Maharashtra,Regular,2026-03-07
C01801,Omisha Khare,Male,18-24,Lucknow,Uttar Pradesh,Regular,2025-10-07
C01802,Quincy Venkataraman,Female,25-34,Jaipur,Rajasthan,Loyal,2023-12-14
C01803,Tarak Narain,Female,18-24,Kochi,Kerala,New,2026-05-31
C01804,Tanveer Chana,Male,35-44,Coimbatore,Tamil Nadu,Loyal,2025-10-08
C01805,Samaksh Kanda,Female,55+,Indore,Madhya Pradesh,Loyal,2023-10-24
C01806,Nachiket Seth,Male,18-24,Visakhapatnam,Andhra Pradesh,Regular,2026-06-15
C01807,Harrison Gupta,Female,35-44,Visakhapatnam,Andhra Pradesh,High Value,2025-09-09
C01808,Yashoda Garde,Male,55+,Ahmedabad,Gujarat,New,2025-11-26
C01809,Aditya Oza,Female,25-34,Mysuru,Karnataka,Regular,2023-09-04
C01810,Naksh Bhakta,Female,25-34,Jaipur,Rajasthan,New,2023-10-24
C01811,Yatin Wason,Female,25-34,Bhopal,Madhya Pradesh,Regular,2025-03-15
C01812,Charan Manne,Male,25-34,Jaipur,Rajasthan,Regular,2025-05-27
C01813,Harsh Uppal,Female,45-54,Pune,Maharashtra,Regular,2024-06-12
C01814,Samaksh Varty,Female,55+,Pune,Maharashtra,Regular,2026-02-22
C01815,Falan Trivedi,Female,45-54,Mysuru,Karnataka,Loyal,2023-12-22
C01816,Isaac Peri,Female,18-24,Bengaluru,Karnataka,New,2023-08-27
C01817,Anjali Sen,Male,25-34,Coimbatore,Tamil Nadu,New,2023-09-09
C01818,Ira Warrior,Male,45-54,,Maharashtra,Regular,2025-03-29
C01819,Vasana Aurora,Male,45-54,Indore,Madhya Pradesh,Regular,2026-02-10
C01820,Ekantika Krishnamurthy,Female,45-54,Patna,Bihar,Regular,2025-11-21
C01821,Zaitra Pall,Male,35-44,Bengaluru,Karnataka,New,2024-05-30
C01822,Avi Chadha,Male,25-34,Delhi,Delhi,Loyal,2026-05-11
C01823,Bahadurjit Deep,Male,55+,Pune,Maharashtra,High Value,2024-03-08
C01824,Kavya Ghosh,Male,45-54,Chennai,Tamil Nadu,Loyal,2024-03-16
C01825,Yashvi Amble,Female,18-24,Mumbai,Maharashtra,Loyal,2026-04-01
C01826,Hritik Aggarwal,Female,18-24,Chennai,Tamil Nadu,Regular,2023-12-17
C01827,Ira Krishna,Male,35-44,Bhubaneswar,Odisha,New,2023-10-04
C01828,Aayush Ramachandran,Female,45-54,Madurai,Tamil Nadu,Regular,2024-12-29
C01829,Vinaya Chaudry,Male,35-44,Pune,Maharashtra,High Value,2025-04-01
C01830,Warjas Bhandari,Female,35-44,Visakhapatnam,Andhra Pradesh,Loyal,2026-05-31
C01831,Chameli Jani,Male,25-34,Bhubaneswar,Odisha,Loyal,2024-11-16
C01832,Darsh Brahmbhatt,Female,18-24,Delhi,Delhi,Loyal,2023-12-19
C01833,Ojas Ratti,Female,18-24,Patna,Bihar,Regular,2023-08-13
C01834,Edhitha Kala,Male,45-54,Mysuru,Karnataka,New,2024-05-01
C01835,Harini Bath,Male,45-54,Hyderabad,Telangana,Loyal,2026-05-08
C01836,Tristan Shetty,Male,18-24,Delhi,Delhi,Regular,2024-04-05
C01837,Orinder Guha,Female,55+,Kochi,Kerala,New,2024-03-05
C01838,Tanvi More,Female,55+,Trichy,Tamil Nadu,New,2026-05-23
C01839,Dhruv Kari,Female,45-54,Lucknow,Uttar Pradesh,Regular,2026-01-09
C01840,Urmi Tripathi,Female,18-24,Visakhapatnam,Andhra Pradesh,Loyal,2024-06-09
C01841,Warda Srivastava,Male,45-54,Ahmedabad,Gujarat,Regular,2026-03-07
C01842,Vivaan Sura,Male,55+,Madurai,Tamil Nadu,Regular,2024-04-27
C01843,Gautami Chokshi,Male,25-34,Lucknow,Uttar Pradesh,Loyal,2024-02-20
C01844,Arjun Om,Male,35-44,Bhopal,Madhya Pradesh,Regular,2025-08-29
C01845,Zayyan Ghose,Female,35-44,Madurai,Tamil Nadu,New,2026-02-25
C01846,Upasna Bhatti,Female,25-34,Bengaluru,Karnataka,Regular,2026-03-25
C01847,Manan Gill,Male,55+,Delhi,Delhi,New,2023-09-23
C01848,Vidhi Yogi,Male,55+,Coimbatore,Tamil Nadu,Regular,2026-04-05
C01849,Barkha Maharaj,Female,55+,Trichy,Tamil Nadu,Loyal,2025-02-08
C01850,Sanya Korpal,Female,55+,Ahmedabad,Gujarat,New,2025-08-10
C01851,Atharv Talwar,Male,18-24,Bhopal,Madhya Pradesh,Loyal,2024-02-01
C01852,Chaitaly Sen,Male,25-34,Lucknow,Uttar Pradesh,Loyal,2025-04-04
C01853,Ati Ganesh,Male,45-54,Coimbatore,Tamil Nadu,Loyal,2024-05-03
C01854,Ayushman Sangha,Female,55+,Delhi,Delhi,Loyal,2025-07-19
C01855,Balendra Grover,Female,35-44,Lucknow,Uttar Pradesh,High Value,2023-08-17
C01856,Zinal Peri,Male,25-34,Mysuru,Karnataka,New,2024-04-18
C01857,Lakshit De,Female,18-24,Visakhapatnam,Andhra Pradesh,Regular,2025-06-22
C01858,Nikita Goswami,Male,45-54,Chennai,Tamil Nadu,New,2026-03-08
C01859,Hemangini Saran,Female,45-54,Mysuru,Karnataka,Regular,2024-07-25
C01860,Panini Kohli,Female,35-44,Visakhapatnam,Andhra Pradesh,Regular,2025-04-01
C01861,Chakradev Joshi,Female,45-54,Visakhapatnam,Andhra Pradesh,Loyal,2026-06-16
C01862,Leena Prasad,Male,25-34,Madurai,Tamil Nadu,New,2023-09-01
C01863,Arya Chander,Male,25-34,Trichy,Tamil Nadu,Loyal,2024-08-18
C01864,Varsha Pant,Female,25-34,Hyderabad,Telangana,Regular,2024-11-12
C01865,Anirudh Sarin,Male,18-24,Kochi,Kerala,Regular,2026-03-31
C01866,Patrick Char,Male,45-54,Lucknow,Uttar Pradesh,Regular,2023-11-17
C01867,Anirudh Rama,Male,25-34,Trichy,Tamil Nadu,Loyal,2025-03-16
C01868,Aarush Bhargava,Female,45-54,Lucknow,Uttar Pradesh,New,2025-08-10
C01869,Warhi Wable,Male,25-34,Lucknow,Uttar Pradesh,Regular,2026-04-04
C01870,Vasana Sawhney,Male,35-44,Kolkata,West Bengal,New,2024-04-05
C01871,Hiral Morar,Female,45-54,Kochi,Kerala,Loyal,2024-02-12
C01872,Gauri Raghavan,Female,18-24,Visakhapatnam,Andhra Pradesh,Regular,2025-09-12
C01873,Ekaraj Ramachandran,Female,25-34,Indore,Madhya Pradesh,Loyal,2023-08-19
C01874,Vaishnavi Madan,Male,45-54,Bhopal,Madhya Pradesh,Regular,2026-04-24
C01875,Theodore Khanna,Male,35-44,Patna,Bihar,Loyal,2025-01-13
C01876,Nimrat Loyal,Female,18-24,Kochi,Kerala,Regular,2026-07-02
C01877,Vedant Parmer,Female,45-54,Ahmedabad,Gujarat,New,2023-10-11
C01878,Ryan Bahl,Male,45-54,Delhi,Delhi,Regular,2024-02-27
C01879,Mahika Parsa,Male,55+,Mumbai,Maharashtra,Loyal,2024-04-25
C01880,Prisha Mahajan,Female,25-34,Jaipur,Rajasthan,Loyal,2025-02-20
C01881,Veer Baral,Female,35-44,Kolkata,West Bengal,Loyal,2025-11-30
C01882,Krishna Nori,Male,35-44,Mysuru,Karnataka,Regular,2025-10-15
C01883,Harrison Vala,Female,25-34,Madurai,Tamil Nadu,New,2025-10-14
C01884,Shravya Sengupta,Female,18-24,Mysuru,Karnataka,Loyal,2024-06-24
C01885,Manya Raghavan,Female,25-34,Indore,Madhya Pradesh,Regular,2023-10-05
C01886,Krish Swamy,Male,35-44,Coimbatore,Tamil Nadu,Loyal,2025-02-10
C01887,Bhavini Bala,Male,25-34,Ahmedabad,Gujarat,Loyal,2026-06-28
C01888,Saanvi Mammen,Male,18-24,Bhopal,Madhya Pradesh,Regular,2024-05-23
C01889,Ishani Varkey,Male,18-24,Trichy,Tamil Nadu,Regular,2025-12-08
C01890,Fariq Mitter,Female,35-44,Indore,Madhya Pradesh,Loyal,2025-09-25
C01891,Manya Pillai,Female,25-34,Coimbatore,Tamil Nadu,Loyal,2024-12-10
C01892,Guneet Chokshi,Male,18-24,Bhopal,Madhya Pradesh,Loyal,2025-05-25
C01893,Vrinda Gala,Female,18-24,Lucknow,Uttar Pradesh,High Value,2026-05-21
C01894,Gautam Sachar,Male,55+,Visakhapatnam,Andhra Pradesh,New,2023-12-22
C01895,Ekantika Subramaniam,Male,18-24,Trichy,Tamil Nadu,Loyal,2025-04-17
C01896,Laksh Bajaj,Male,35-44,Ahmedabad,Gujarat,Loyal,2023-09-05
C01897,Ekaraj Toor,Female,18-24,Bhopal,Madhya Pradesh,New,2024-07-09
C01898,Nimrat Bal,Female,25-34,Ahmedabad,Gujarat,New,2024-03-05
C01899,Pallavi Memon,Female,45-54,Hyderabad,Telangana,Loyal,2026-05-14
C01900,Vrishti Sawhney,Male,45-54,Chennai,Tamil Nadu,Regular,2026-04-29
C01901,Avi Natarajan,Male,18-24,Bhopal,Madhya Pradesh,Regular,2023-11-12
C01902,Veer Tandon,Female,25-34,Kochi,Kerala,New,2026-07-04
C01903,Krish Biswas,Female,25-34,Bhopal,Madhya Pradesh,New,2025-08-26
C01904,Mitali Sekhon,Female,45-54,Kochi,Kerala,Loyal,2024-04-19
C01905,Wridesh Ramachandran,Female,18-24,Bhopal,Madhya Pradesh,Regular,2025-08-14
C01906,Dayamai Venkatesh,Male,18-24,Chennai,Tamil Nadu,Regular,2025-09-08
C01907,Ishani Munshi,Male,45-54,Kolkata,West Bengal,New,2025-04-02
C01908,Maya Halder,Male,55+,Coimbatore,Tamil Nadu,New,2024-08-26
C01909,Yachana Issac,Female,45-54,Bhopal,Madhya Pradesh,Regular,2025-11-01
C01910,Ekani Gola,Female,35-44,Patna,Bihar,Loyal,2024-06-21
C01911,Amaira Ravi,Female,55+,Chennai,Tamil Nadu,Regular,2025-12-24
C01912,Maanas Kulkarni,Female,45-54,Bengaluru,Karnataka,Regular,2025-12-31
C01913,Vedika Shetty,Female,35-44,Patna,Bihar,Loyal,2025-02-12
C01914,Raagini Narang,Male,35-44,Kolkata,West Bengal,New,2025-01-17
C01915,Hemangini Mall,Female,45-54,Patna,Bihar,Loyal,2025-10-28
C01916,Praneel Sachdeva,Female,25-34,Bengaluru,Karnataka,New,2025-10-03
C01917,Faqid Boase,Female,55+,Patna,Bihar,Regular,2025-08-07
C01918,Gaurika Venkataraman,Male,18-24,Mysuru,Karnataka,Loyal,2024-05-27
C01919,Robert Wali,Female,25-34,Patna,Bihar,Loyal,2025-11-22
C01920,Charvi Chopra,Female,55+,Delhi,Delhi,New,2026-07-05
C01921,Indrajit Joshi,Female,35-44,Coimbatore,Tamil Nadu,Regular,2024-02-13
C01922,Chandresh Ratti,Male,18-24,Ahmedabad,Gujarat,Loyal,2024-03-15
C01923,Kritika Ahuja,Female,35-44,Trichy,Tamil Nadu,Regular,2025-10-16
C01924,Balendra Upadhyay,Female,35-44,Chennai,Tamil Nadu,High Value,2025-05-31
C01925,Onveer Savant,Male,35-44,Bhubaneswar,Odisha,Regular,2025-07-09
C01926,Madhavi Mitra,Male,45-54,Bhubaneswar,Odisha,Regular,2024-10-22
C01927,Ijaya Sampath,Male,35-44,Mumbai,Maharashtra,Regular,2024-10-08
C01928,Chakradev Pai,Female,45-54,Hyderabad,Telangana,New,2023-12-14
C01929,Madhav Sharma,Female,18-24,Kochi,Kerala,New,2025-08-01
C01930,Hema Hegde,Male,45-54,Kochi,Kerala,Regular,2025-03-08
C01931,Nachiket Dhaliwal,Female,55+,Madurai,Tamil Nadu,Regular,2025-12-20
C01932,Abha Oak,Female,35-44,Patna,Bihar,Regular,2025-10-13
C01933,Vasana Mani,Female,45-54,Kochi,Kerala,Loyal,2023-09-08
C01934,Nicholas Contractor,Male,25-34,Kochi,Kerala,Regular,2025-09-19
C01935,Indira Aurora,Female,25-34,Indore,Madhya Pradesh,High Value,2024-01-29
C01936,Siddharth Joshi,Male,25-34,Bhopal,Madhya Pradesh,Regular,2024-02-27
C01937,Urvi Deep,Male,55+,Coimbatore,Tamil Nadu,Regular,2025-04-22
C01938,Aahana Sachdeva,Female,18-24,Trichy,Tamil Nadu,New,2025-12-16
C01939,Mohini Khalsa,Female,18-24,Bhubaneswar,Odisha,Regular,2025-09-30
C01940,Irya Dewan,Female,35-44,Trichy,Tamil Nadu,High Value,2024-12-10
C01941,Ishwar Radhakrishnan,Female,45-54,Delhi,Delhi,New,2025-08-23
C01942,Hiral Sani,Male,55+,Bengaluru,Karnataka,Regular,2023-10-24
C01943,Wishi Loyal,Female,25-34,Delhi,Delhi,New,2026-03-17
C01944,Suhani Sani,Male,18-24,Indore,Madhya Pradesh,Regular,2025-03-09
C01945,Zashil Chada,Male,45-54,Madurai,Tamil Nadu,Regular,2025-06-03
C01946,Harsh Krishnamurthy,Female,35-44,Delhi,Delhi,Loyal,2024-01-11
C01947,Nisha Oommen,Male,25-34,Indore,Madhya Pradesh,Regular,2024-04-15
C01948,Harsh Bath,Female,45-54,Lucknow,Uttar Pradesh,New,2024-10-18
C01949,Joshua Chaudhari,Male,55+,Jaipur,Rajasthan,Regular,2024-08-10
C01950,Jacob Badami,Female,25-34,Kochi,Kerala,Loyal,2026-03-25
C01951,Oviya Khurana,Male,45-54,Jaipur,Rajasthan,Loyal,2025-01-16
C01952,Yahvi Arora,Male,18-24,Madurai,Tamil Nadu,Regular,2025-06-26
C01953,Yoshita Rout,Male,55+,Delhi,Delhi,New,2024-02-11
C01954,Baljiwan Manne,Male,55+,Visakhapatnam,Andhra Pradesh,Regular,2025-09-12
C01955,Janani Mukherjee,Male,18-24,Indore,Madhya Pradesh,Regular,2025-05-07
C01956,Pallavi Bhatt,Male,18-24,Patna,Bihar,Regular,2026-02-03
C01957,Azad Sandal,Male,55+,Hyderabad,Telangana,Regular,2023-12-04
C01958,Warhi Loyal,Female,45-54,Patna,Bihar,Regular,2025-05-03
C01959,Nirja Kamdar,Male,35-44,Indore,Madhya Pradesh,Regular,2024-08-30
C01960,Harrison Ravel,Male,55+,Kochi,Kerala,Regular,2025-09-07
C01961,Yagnesh Pant,Male,18-24,Pune,Maharashtra,High Value,2025-08-08
C01962,Advay Bava,Male,35-44,Patna,Bihar,New,2023-08-20
C01963,Harita Agrawal,Male,25-34,Pune,Maharashtra,Regular,2024-08-19
C01964,Reva Mand,Male,18-24,Kochi,Kerala,Regular,2025-02-03
C01965,Ishanvi Devan,Male,18-24,Jaipur,Rajasthan,Loyal,2025-02-24
C01966,Manthan Kaur,Female,18-24,Delhi,Delhi,Regular,2023-08-13
C01967,Faqid Talwar,Female,35-44,Kochi,Kerala,Regular,2026-03-06
C01968,Yauvani Vig,Male,25-34,Trichy,Tamil Nadu,Regular,2023-11-30
C01969,Rehaan Varty,Male,45-54,Visakhapatnam,Andhra Pradesh,Regular,2024-09-12
C01970,Xalak Hayer,Female,18-24,Bhopal,Madhya Pradesh,Regular,2024-06-05
C01971,Balhaar Viswanathan,Female,55+,Jaipur,Rajasthan,Regular,2026-05-10
C01972,Anvi Hayer,Male,45-54,Indore,Madhya Pradesh,Regular,2023-10-27
C01973,Onveer Atwal,Female,55+,Chennai,Tamil Nadu,High Value,2024-04-21
C01974,Chakrika Krishnamurthy,Male,55+,Trichy,Tamil Nadu,Regular,2025-08-23
C01975,Aarnav Anne,Female,55+,Bengaluru,Karnataka,Regular,2025-10-16
C01976,Onveer Kannan,Male,25-34,Madurai,Tamil Nadu,Regular,2023-11-17
C01977,Yashvi Gour,Male,55+,Mysuru,Karnataka,High Value,2023-12-17
C01978,Gagan Mutti,Female,18-24,Patna,Bihar,New,2024-10-07
C01979,Rachita Krishnamurthy,Female,25-34,Lucknow,Uttar Pradesh,New,2024-08-11
C01980,Jagvi Ramesh,Female,55+,Indore,Madhya Pradesh,Regular,2025-04-17
C01981,Samarth Chadha,Female,25-34,Kolkata,West Bengal,Regular,2024-03-12
C01982,Samarth Reddy,Female,18-24,Bhopal,Madhya Pradesh,New,2023-09-03
C01983,Megha Rau,Male,35-44,Patna,Bihar,New,2024-08-03
C01984,Ucchal Behl,Male,55+,Trichy,Tamil Nadu,High Value,2024-03-15
C01985,Ishwar Dasgupta,Male,55+,Kochi,Kerala,Regular,2026-06-12
C01986,Madhav Verma,Female,35-44,Jaipur,Rajasthan,High Value,2025-09-16
C01987,Sachi Ravi,Female,25-34,Lucknow,Uttar Pradesh,Regular,2025-05-10
C01988,Ryan Bhalla,Female,25-34,Jaipur,Rajasthan,Regular,2024-12-04
C01989,Devansh Cheema,Female,18-24,Visakhapatnam,Andhra Pradesh,Loyal,2024-08-12
C01990,Ekaraj Varughese,Male,55+,Bengaluru,Karnataka,Regular,2023-10-02
C01991,Advika Venkatesh,Male,45-54,Chennai,Tamil Nadu,Regular,2026-06-30
C01992,Dhriti Thaker,Female,55+,Indore,Madhya Pradesh,New,2026-04-05
C01993,Ekantika Prabhakar,Male,45-54,Madurai,Tamil Nadu,Regular,2024-08-18
C01994,Zansi Kanda,Female,55+,Ahmedabad,Gujarat,Regular,2025-01-11
C01995,Darsh Arya,Male,18-24,Mysuru,Karnataka,Regular,2023-12-07
C01996,Leela Chand,Female,18-24,Hyderabad,Telangana,Regular,2025-08-08
C01997,Anika Bhatt,Female,35-44,Chennai,Tamil Nadu,New,2023-11-20
C01998,Darpan Parmar,Female,25-34,Visakhapatnam,Andhra Pradesh,Regular,2025-08-24
C01999,Daniel Dhingra,Female,18-24,Indore,Madhya Pradesh,Regular,2024-11-19
C02000,Ansh Kumer,Male,18-24,Visakhapatnam,Andhra Pradesh,New,2023-10-25
C02001,Hemani Luthra,Male,35-44,Kolkata,West Bengal,Regular,2026-02-11
C02002,Sneha Dey,Male,55+,Indore,Madhya Pradesh,New,2025-03-28
C02003,Dakshesh Balan,Male,18-24,Bhubaneswar,Odisha,Regular,2024-06-26
C02004,Vincent Raj,Male,35-44,Madurai,Tamil Nadu,Loyal,2024-04-27
C02005,Falak Mallick,Female,25-34,Mumbai,Maharashtra,Loyal,2026-04-03
C02006,Aishani Rout,Female,55+,Chennai,Tamil Nadu,Loyal,2025-08-09
C02007,Tanmayi Prabhu,Female,18-24,Chennai,Tamil Nadu,Loyal,2025-08-10
C02008,Ishanvi Zachariah,Female,45-54,Jaipur,Rajasthan,Regular,2026-02-11
C02009,Anita Varghese,Female,45-54,Bhopal,Madhya Pradesh,Regular,2025-03-30
C02010,Saanvi Rajagopal,Male,18-24,Coimbatore,Tamil Nadu,Regular,2024-09-27
C02011,Neel Narang,Female,35-44,Kochi,Kerala,New,2024-02-22
C02012,Avni Kalita,Female,18-24,Hyderabad,Telangana,Loyal,2026-06-09
C02013,Meghana Kuruvilla,Male,45-54,Chennai,Tamil Nadu,High Value,2026-03-04
C02014,Eesha Mitter,Male,25-34,Mumbai,Maharashtra,Regular,2025-02-24
C02015,Vritti Kashyap,Male,18-24,Madurai,Tamil Nadu,Regular,2025-11-12
C02016,Urmi Hegde,Female,35-44,Chennai,Tamil Nadu,Regular,2024-06-06
C02017,Tara Sachdeva,Male,35-44,Indore,Madhya Pradesh,Loyal,2024-04-23
C02018,Jai Chada,Male,18-24,Jaipur,Rajasthan,Loyal,2026-06-28
C02019,Ishani Mital,Female,18-24,Visakhapatnam,Andhra Pradesh,Regular,2025-12-28
C02020,Jatin Bobal,Male,18-24,Bhubaneswar,Odisha,High Value,2024-03-28
C02021,Ekapad Koshy,Female,35-44,Coimbatore,Tamil Nadu,Loyal,2023-08-30
C02022,Ekiya Gulati,Male,18-24,Madurai,Tamil Nadu,Loyal,2024-08-18
C02023,Tanvi Kakar,Male,35-44,Lucknow,Uttar Pradesh,Regular,2025-07-30
C02024,Yatin Hayer,Male,18-24,Kochi,Kerala,Regular,2024-11-13
C02025,Oeshi Brar,Male,35-44,Patna,Bihar,Loyal,2025-05-10
C02026,Megha Hora,Male,55+,Kolkata,West Bengal,Loyal,2024-02-16
C02027,Utkarsh Bora,Male,45-54,Mumbai,Maharashtra,Regular,2025-07-25
C02028,Chaitaly Bajaj,Male,35-44,Kochi,Kerala,Regular,2023-12-06
C02029,Rayaan Hora,Female,55+,Chennai,Tamil Nadu,Regular,2024-06-13
C02030,Vedika Ganguly,Male,18-24,Hyderabad,Telangana,New,2025-12-13
C02031,Gauri Sundaram,Male,55+,Madurai,Tamil Nadu,New,2025-05-01
C02032,Osha Gade,Female,35-44,Bhopal,Madhya Pradesh,Regular,2023-12-06
C02033,Nimrat Deshpande,Female,25-34,Visakhapatnam,Andhra Pradesh,Regular,2026-01-11
C02034,Falguni Mani,Male,25-34,Coimbatore,Tamil Nadu,Regular,2026-05-21
C02035,Fariq Buch,Female,35-44,Kochi,Kerala,Regular,2023-11-22
C02036,Lekha Venkatesh,Male,25-34,Patna,Bihar,Regular,2024-07-17
C02037,Veer Rastogi,Female,35-44,Visakhapatnam,Andhra Pradesh,Regular,2023-11-09
C02038,Harrison Zacharia,Male,18-24,Chennai,Tamil Nadu,Regular,2024-06-23
C02039,Andrew Saxena,Male,45-54,Patna,Bihar,Regular,2025-12-07
C02040,Fitan Saini,Male,18-24,Hyderabad,Telangana,Regular,2023-08-14
C02041,Pranav Dani,Female,55+,Indore,Madhya Pradesh,Regular,2024-10-20
C02042,Upasna Magar,Female,55+,Bhubaneswar,Odisha,Regular,2025-12-23
C02043,Chavvi Patla,Male,18-24,Jaipur,Rajasthan,Regular,2025-12-30
C02044,Vanya Narasimhan,Female,25-34,Coimbatore,Tamil Nadu,Loyal,2024-11-16
C02045,Pallavi Korpal,Male,45-54,Mumbai,Maharashtra,Regular,2025-07-17
C02046,Panini Rajagopal,Female,35-44,Mumbai,Maharashtra,Loyal,2026-03-11
C02047,Mason Barad,Male,45-54,Kolkata,West Bengal,New,2023-11-18
C02048,Barkha Dar,Female,18-24,Chennai,Tamil Nadu,New,2026-07-07
C02049,Januja Bhardwaj,Male,25-34,Chennai,Tamil Nadu,Regular,2025-10-11
C02050,Yauvani Kumer,Female,18-24,Hyderabad,Telangana,High Value,2025-10-21
C02051,Chasmum Sawhney,Male,35-44,Hyderabad,Telangana,New,2024-04-09
C02052,Falan Balakrishnan,Male,35-44,Pune,Maharashtra,Loyal,2023-08-22
C02053,Devansh Som,Male,25-34,Mumbai,Maharashtra,New,2025-05-27
C02054,Aayush Chanda,Male,18-24,Pune,Maharashtra,Loyal,2025-12-09
C02055,Nakul Wali,Female,18-24,Bengaluru,Karnataka,Regular,2026-01-17
C02056,Indira Raja,Female,45-54,Hyderabad,Telangana,Regular,2025-01-15
C02057,Zarna Memon,Male,55+,Ahmedabad,Gujarat,High Value,2024-05-04
C02058,Harini Johal,Female,18-24,Visakhapatnam,Andhra Pradesh,New,2024-07-07
C02059,Madhavi Venkatesh,Male,25-34,Bengaluru,Karnataka,Regular,2024-10-24
C02060,Aarush Sami,Female,55+,Ahmedabad,Gujarat,Regular,2025-04-15
C02061,Irya Memon,Male,55+,Mumbai,Maharashtra,Regular,2024-04-23
C02062,Jagdish Raghavan,Female,25-34,Patna,Bihar,Regular,2025-03-15
C02063,Urmi Prasad,Female,25-34,Coimbatore,Tamil Nadu,Loyal,2025-08-22
C02064,Arin Bassi,Female,25-34,Bhubaneswar,Odisha,Loyal,2024-03-23
C02065,Shivansh Mander,Male,25-34,Indore,Madhya Pradesh,Regular,2025-05-16
C02066,Ethan Kata,Female,45-54,Bhopal,Madhya Pradesh,Regular,2024-11-19
C02067,Sai Mandal,Female,35-44,Mysuru,Karnataka,Regular,2024-01-27
C02068,Aarini Sani,Female,45-54,Indore,Madhya Pradesh,Regular,2025-02-17
C02069,Radhika Kar,Male,25-34,Kolkata,West Bengal,Regular,2026-07-06
C02070,Urvashi Lad,Female,25-34,Hyderabad,Telangana,Regular,2026-03-30
C02071,Eshana Sengupta,Female,45-54,Delhi,Delhi,Regular,2025-10-18
C02072,Zansi Rout,Female,55+,Ahmedabad,Gujarat,New,2025-09-23
C02073,Harini Sarma,Female,45-54,Madurai,Tamil Nadu,Regular,2023-10-31
C02074,Gavin Dutta,Male,45-54,Mumbai,Maharashtra,Regular,2024-07-15
C02075,Rayaan Menon,Female,45-54,Jaipur,Rajasthan,Regular,2026-01-27
C02076,Nitesh Sani,Female,45-54,Kochi,Kerala,Regular,2024-09-04
C02077,Aryan Behl,Male,25-34,Kolkata,West Bengal,Regular,2025-03-19
C02078,Leela Rajagopalan,Male,35-44,Pune,Maharashtra,Loyal,2023-09-11
C02079,Hredhaan Krishnamurthy,Male,35-44,Delhi,Delhi,Loyal,2025-05-17
C02080,Fiyaz Hari,Male,18-24,Trichy,Tamil Nadu,Regular,2024-01-08
C02081,Gunbir Devan,Male,35-44,Patna,Bihar,New,2025-11-26
C02082,Neel Upadhyay,Female,35-44,Jaipur,Rajasthan,Loyal,2026-04-26
C02083,Urishilla Dube,Male,55+,Pune,Maharashtra,High Value,2025-09-19
C02084,Jalsa Chaudry,Female,18-24,Patna,Bihar,Loyal,2025-03-31
C02085,Garima Kaul,female,45-54,Delhi,Delhi,Loyal,2024-03-11
C02086,Lucky Khosla,Male,45-54,Bhubaneswar,Odisha,Regular,2024-05-04
C02087,Zarna Sibal,Female,25-34,Bengaluru,Karnataka,Regular,2024-04-17
C02088,Guneet Saraf,Female,25-34,Hyderabad,Telangana,Regular,2025-10-18
C02089,Sara Chaudhry,Female,45-54,Patna,Bihar,Regular,2024-02-16
C02090,Girish Amble,Female,25-34,Madurai,Tamil Nadu,Regular,2023-12-22
C02091,Forum Bora,Male,45-54,Kochi,Kerala,Regular,2025-10-01
C02092,Jhalak Sachdeva,Male,35-44,Patna,Bihar,New,2025-01-09
C02093,Simon Mittal,Female,18-24,Bengaluru,Karnataka,Regular,2026-02-26
C02094,Damini Chana,Female,25-34,Ahmedabad,Gujarat,Regular,2024-02-05
C02095,Vedika Dar,Female,35-44,Kolkata,West Bengal,Regular,2023-09-26
C02096,Manya Ratti,Male,25-34,Bhubaneswar,Odisha,New,2025-11-19
C02097,Utkarsh Dalal,Female,45-54,Jaipur,Rajasthan,Regular,2025-07-17
C02098,Lila Andra,Male,55+,Kolkata,West Bengal,Regular,2024-01-14
C02099,Wahab Nath,Male,35-44,Indore,Madhya Pradesh,Regular,2026-04-13
C02100,Yashawini Kota,Female,18-24,Lucknow,Uttar Pradesh,New,2026-07-03
C02101,Chakradhar Dada,Male,18-24,Patna,Bihar,Loyal,2026-01-17
C02102,Radha Keer,Female,18-24,Visakhapatnam,Andhra Pradesh,New,2024-08-13
C02103,Gavin Madan,Female,35-44,Madurai,Tamil Nadu,Regular,2023-11-13
C02104,Avni Ben,Male,45-54,Delhi,Delhi,New,2024-09-08
C02105,Zashil Dhar,Male,25-34,Bhopal,Madhya Pradesh,Regular,2025-01-31
C02106,Rudra Parikh,Female,25-34,Kochi,Kerala,High Value,2023-09-14
C02107,Hardik Bhagat,Female,45-54,Bengaluru,Karnataka,Loyal,2024-08-27
C02108,Hitesh Vasa,Male,25-34,Kolkata,West Bengal,Loyal,2024-05-10
C02109,Abeer Raju,Female,45-54,Delhi,Delhi,New,2026-03-30
C02110,Owen Raval,Female,55+,Bhubaneswar,Odisha,Regular,2024-02-16
C02111,Yashawini Devi,Female,25-34,Lucknow,Uttar Pradesh,New,2025-02-18
C02112,Gauri Jayaraman,Female,18-24,Bengaluru,Karnataka,Loyal,2025-08-05
C02113,Ekbal Pal,Male,55+,Visakhapatnam,Andhra Pradesh,Regular,2024-05-26
C02114,Aarna Parikh,Female,45-54,Bhubaneswar,Odisha,Regular,2025-07-13
C02115,Nisha Nayar,Male,35-44,Coimbatore,Tamil Nadu,Regular,2026-06-06
C02116,George Nayar,Female,35-44,Lucknow,Uttar Pradesh,Regular,2025-08-18
C02117,Upma Kala,Female,25-34,Mysuru,Karnataka,New,2025-10-29
C02118,Kamala Bera,Female,45-54,Visakhapatnam,Andhra Pradesh,Regular,2026-02-01
C02119,Damini Kunda,Male,45-54,Mysuru,Karnataka,Regular,2025-03-17
C02120,Christopher Borah,Male,25-34,Coimbatore,Tamil Nadu,Regular,2025-01-23
C02121,Jyoti Gaba,Female,18-24,Patna,Bihar,Regular,2025-06-20
C02122,Chanchal Sundaram,Female,45-54,Hyderabad,Telangana,High Value,2025-01-16
C02123,Ishani Murty,Male,35-44,Patna,Bihar,New,2025-09-25
C02124,Lekha Date,Female,45-54,Trichy,Tamil Nadu,Regular,2026-02-06
C02125,Kritika Rajan,Male,55+,Pune,Maharashtra,New,2026-06-11
C02126,Chanakya Sehgal,Male,45-54,Chennai,Tamil Nadu,Regular,2026-02-08
C02127,Daksh Khalsa,Male,45-54,Kolkata,West Bengal,New,2024-10-08
C02128,Udarsh Krishnamurthy,Male,25-34,Pune,Maharashtra,Regular,2024-02-12
C02129,Balendra Shukla,Female,45-54,Lucknow,Uttar Pradesh,New,2024-10-29
C02130,Amol Contractor,Male,45-54,Patna,Bihar,New,2024-07-14
C02131,Aditya Dugar,Male,25-34,Pune,Maharashtra,Loyal,2023-08-20
C02132,Girish Din,Male,25-34,Visakhapatnam,Andhra Pradesh,Regular,2026-05-31
C02133,Urvashi Khanna,Female,25-34,Patna,Bihar,New,2025-09-04
C02134,Unnati Rout,Female,25-34,Chennai,Tamil Nadu,Regular,2023-09-14
C02135,Pallavi Bala,Male,18-24,Mysuru,Karnataka,Loyal,2024-02-15
C02136,Vihaan Kakar,Male,45-54,Patna,Bihar,Regular,2025-11-28
C02137,Veer Mutti,Male,45-54,Bhopal,Madhya Pradesh,Regular,2024-12-09
C02138,Kevin Raj,Male,55+,Lucknow,Uttar Pradesh,New,2025-08-14
C02139,Noah Datta,Male,25-34,Kolkata,West Bengal,Regular,2024-12-09
C02140,Siya Subramanian,Male,18-24,Mumbai,Maharashtra,New,2026-06-03
C02141,Lakshit Rao,Male,35-44,Chennai,Tamil Nadu,Loyal,2025-04-23
C02142,Imaran Dutta,Male,18-24,Madurai,Tamil Nadu,Loyal,2026-01-24
C02143,Keya Mahajan,Male,18-24,Mysuru,Karnataka,Regular,2026-01-09
C02144,Gunbir Sarraf,Female,35-44,Trichy,Tamil Nadu,Regular,2025-05-18
C02145,Jeremiah Kata,Male,55+,Hyderabad,Telangana,Regular,2024-05-06
C02146,Faraj Gandhi,Male,25-34,Kochi,Kerala,Regular,2026-04-13
C02147,Girindra Ray,Female,25-34,Ahmedabad,Gujarat,New,2025-01-25
C02148,Bina Kashyap,Male,45-54,Jaipur,Rajasthan,Regular,2026-02-26
C02149,Anamika Chana,Male,35-44,Mumbai,Maharashtra,Regular,2024-06-30
C02150,Ishanvi Pall,Male,18-24,Ahmedabad,Gujarat,Loyal,2024-04-05
C02151,Niharika Varghese,Female,55+,Kochi,Kerala,Regular,2023-12-19
C02152,Omisha Sem,Male,35-44,Trichy,Tamil Nadu,High Value,2024-07-26
C02153,Jhalak Ravi,Female,45-54,Visakhapatnam,Andhra Pradesh,Regular,2024-09-24
C02154,Devansh Puri,Female,25-34,Bengaluru,Karnataka,Regular,2025-05-10
C02155,Vritti Dixit,Female,18-24,Jaipur,Rajasthan,Regular,2023-10-24
C02156,Gautam Mukherjee,Female,45-54,Visakhapatnam,Andhra Pradesh,Regular,2026-07-10
C02157,Udarsh Som,Male,25-34,Mumbai,Maharashtra,New,2025-12-24
C02158,Forum Kadakia,Female,25-34,Trichy,Tamil Nadu,Loyal,2026-02-16
C02159,Logan Rout,Male,18-24,Mumbai,Maharashtra,New,2023-09-16
C02160,Luke Sundaram,Female,25-34,Indore,Madhya Pradesh,New,2024-05-18
C02161,Anthony Ganesh,Male,25-34,Hyderabad,Telangana,Loyal,2024-12-07
C02162,Chanchal Deol,Female,35-44,Visakhapatnam,Andhra Pradesh,New,2026-03-27
C02163,Watika Puri,Male,55+,Jaipur,Rajasthan,Loyal,2025-10-22
C02164,Henry Sura,Female,18-24,Kochi,Kerala,Regular,2026-02-26
C02165,Darsh Parmer,Female,25-34,Jaipur,Rajasthan,Regular,2026-03-26
C02166,Patrick Swaminathan,Male,25-34,Coimbatore,Tamil Nadu,Regular,2024-10-29
C02167,Advik Narasimhan,Female,25-34,Kolkata,West Bengal,Regular,2025-08-31
C02168,Rudra Sur,Male,45-54,Chennai,Tamil Nadu,New,2024-07-20
C02169,Reva Vora,Male,25-34,Hyderabad,Telangana,Loyal,2023-12-20
C02170,Jason Dutta,Male,25-34,Bengaluru,Karnataka,Regular,2025-10-10
C02171,Widisha Loyal,Male,55+,Hyderabad,Telangana,New,2024-08-29
C02172,Siddharth Palla,Female,25-34,Lucknow,Uttar Pradesh,Loyal,2024-08-12
C02173,Qarin Bhatia,Female,25-34,Mumbai,Maharashtra,Regular,2024-08-31
C02174,Dhruv Sundaram,Female,55+,Delhi,Delhi,Regular,2023-10-19
C02175,Balvan Lal,Female,45-54,Hyderabad,Telangana,New,2023-10-30
C02176,Ishita Gill,Female,45-54,Ahmedabad,Gujarat,New,2025-09-03
C02177,Yashodhara Shere,Female,55+,Lucknow,Uttar Pradesh,Regular,2023-09-28
C02178,Devika Sane,Male,45-54,Kochi,Kerala,New,2024-04-26
C02179,Garima Kanda,Female,18-24,Kolkata,West Bengal,Loyal,2025-01-18
C02180,Forum Rajan,Male,55+,Delhi,Delhi,Loyal,2023-10-15
C02181,Hredhaan Sethi,Female,45-54,Pune,Maharashtra,Regular,2024-07-22
C02182,Eesha Dar,Female,55+,Delhi,Delhi,Regular,2024-04-25
C02183,Noah Sarraf,Female,25-34,Madurai,Tamil Nadu,Loyal,2023-10-19
C02184,Damyanti Deep,Male,25-34,Hyderabad,Telangana,New,2024-11-16
C02185,Ekantika Bala,Female,45-54,Bhopal,Madhya Pradesh,Regular,2024-07-22
C02186,Yug Choudhry,Female,35-44,Kochi,Kerala,Regular,2024-10-24
C02187,Sanya Varghese,Male,45-54,Delhi,Delhi,Loyal,2025-10-02
C02188,Yuvraj Parsa,Female,55+,Trichy,Tamil Nadu,New,2023-12-27
C02189,Qarin Dutta,Female,35-44,Kochi,Kerala,Regular,2024-11-28
C02190,Nirja Aurora,Female,18-24,Indore,Madhya Pradesh,Regular,2025-09-17
C02191,Chanchal Chadha,Male,25-34,Kochi,Kerala,Regular,2024-03-21
C02192,Turvi Bava,Male,25-34,Ahmedabad,Gujarat,Regular,2025-09-02
C02193,Nachiket Chaudhary,Male,35-44,Lucknow,Uttar Pradesh,Regular,2024-10-29
C02194,Kai Wason,Male,18-24,Bhubaneswar,Odisha,New,2025-12-29
C02195,Jeevika Bajaj,Female,45-54,Madurai,Tamil Nadu,Loyal,2024-10-22
C02196,Hitesh Dewan,Male,45-54,Madurai,Tamil Nadu,New,2026-04-30
C02197,Quincy Din,Female,35-44,Kochi,Kerala,Regular,2025-07-30
C02198,Lila Mital,Female,55+,Patna,Bihar,Regular,2025-10-07
C02199,Banjeet Prasad,Male,18-24,Kochi,Kerala,Regular,2025-05-14
C02200,Manan Ranganathan,Male,35-44,Ahmedabad,Gujarat,Loyal,2023-10-20
C02201,Falguni Desai,Female,18-24,Kolkata,West Bengal,High Value,2024-09-18
C02202,Jatin Zachariah,Male,18-24,Indore,Madhya Pradesh,New,2026-05-15
C02203,Siya Chaudry,Female,35-44,Kochi,Kerala,Loyal,2025-12-08
C02204,Laksh Hans,Male,35-44,Mysuru,Karnataka,New,2023-12-12
C02205,Yasti Venkataraman,Male,45-54,Bengaluru,Karnataka,New,2024-12-15
C02206,Akshay Vyas,Female,55+,Trichy,Tamil Nadu,Loyal,2025-02-24
C02207,Harinakshi Verma,Male,18-24,Mysuru,Karnataka,Loyal,2025-04-29
C02208,Nikita Gara,Female,45-54,Hyderabad,Telangana,Regular,2023-09-08
C02209,Yatan Varty,Male,25-34,Visakhapatnam,Andhra Pradesh,New,2024-11-13
C02210,Yagnesh Sarraf,Female,18-24,Madurai,Tamil Nadu,Regular,2025-01-16
C02211,Jagdish Narang,Male,55+,Jaipur,Rajasthan,Regular,2026-06-30
C02212,Michael Goda,Male,18-24,Indore,Madhya Pradesh,New,2024-10-01
C02213,Ekansh Arya,Male,18-24,Chennai,Tamil Nadu,Regular,2025-06-22
C02214,Keya Vasa,Female,55+,Chennai,Tamil Nadu,Regular,2025-06-18
C02215,Wridesh Khare,Female,45-54,Pune,Maharashtra,Loyal,2026-03-12
C02216,Tanay Misra,Female,35-44,Visakhapatnam,Andhra Pradesh,Regular,2024-10-15
C02217,Abha Kapadia,Female,25-34,Jaipur,Rajasthan,Loyal,2026-03-21
C02218,Turvi Nigam,Female,55+,Kolkata,West Bengal,New,2025-11-01
C02219,Bhavna Apte,Female,18-24,Ahmedabad,Gujarat,New,2026-06-22
C02220,Ekaja Saraf,Male,18-24,Kolkata,West Bengal,Regular,2024-10-09
C02221,Nicholas Kohli,Female,25-34,Bhopal,Madhya Pradesh,Regular,2024-06-29
C02222,Ati Dube,Female,55+,Visakhapatnam,Andhra Pradesh,Regular,2024-08-31
C02223,Charvi Rana,Male,35-44,Hyderabad,Telangana,New,2025-01-06
C02224,Madhavi Pandit,Male,35-44,Ahmedabad,Gujarat,Regular,2026-06-21
C02225,Max Chowdhury,Female,45-54,Mumbai,Maharashtra,Loyal,2025-04-07
C02226,Zayyan Suri,Female,45-54,Madurai,Tamil Nadu,Loyal,2024-06-10
C02227,Tara Kaur,Male,45-54,Indore,Madhya Pradesh,Regular,2024-01-18
C02228,Xiti Gupta,Male,55+,Hyderabad,Telangana,Loyal,2023-10-28
C02229,Viraj Tara,Male,25-34,Bhopal,Madhya Pradesh,Regular,2023-11-29
C02230,Gayathri Devi,Female,55+,Madurai,Tamil Nadu,High Value,2023-08-27
C02231,Vedant Dara,Male,45-54,Lucknow,Uttar Pradesh,High Value,2024-06-16
C02232,Lopa Kant,Male,25-34,Indore,Madhya Pradesh,Regular,2023-10-29
C02233,Kavya Goel,Male,45-54,Madurai,Tamil Nadu,High Value,2024-11-23
C02234,Patrick Chawla,Male,35-44,Chennai,Tamil Nadu,Loyal,2024-11-28
C02235,Bimala Mukhopadhyay,Male,35-44,Pune,Maharashtra,Regular,2025-06-05
C02236,Warhi Sampath,Male,55+,Trichy,Tamil Nadu,Regular,2023-10-12
C02237,Onkar Muni,Male,35-44,Indore,Madhya Pradesh,Loyal,2026-05-07
C02238,Inaya Deshpande,Male,35-44,Bhubaneswar,Odisha,Regular,2024-05-25
C02239,Abhimanyu More,Female,25-34,Kolkata,West Bengal,Regular,2023-09-29
C02240,Samuel Kapur,Female,18-24,Trichy,Tamil Nadu,New,2025-04-23
C02241,Charan Rana,Male,18-24,Jaipur,Rajasthan,Regular,2025-10-16
C02242,Frederick Arya,Female,45-54,Bengaluru,Karnataka,Regular,2025-12-28
C02243,Umang Bhagat,Female,18-24,Chennai,Tamil Nadu,Regular,2024-12-28
C02244,Ira Yadav,Female,45-54,Hyderabad,Telangana,Regular,2024-01-28
C02245,Onveer Prabhakar,Male,55+,Ahmedabad,Gujarat,Regular,2024-01-16
C02246,Hredhaan Dhingra,Male,18-24,Bhubaneswar,Odisha,Regular,2024-07-07
C02247,Vaishnavi Mand,Female,35-44,Patna,Bihar,New,2026-05-14
C02248,Jatin Pandit,Male,45-54,Delhi,Delhi,Regular,2025-10-07
C02249,Dhruv Ravel,Female,25-34,Bengaluru,Karnataka,Loyal,2025-05-10
C02250,Ryan Brar,Female,35-44,Coimbatore,Tamil Nadu,Regular,2024-01-21
C02251,Azad Seshadri,Female,55+,Trichy,Tamil Nadu,Regular,2025-10-30
C02252,Sneha Sabharwal,Female,35-44,Hyderabad,Telangana,Loyal,2026-01-04
C02253,Yashica Soman,Male,35-44,Kolkata,West Bengal,New,2025-04-17
C02254,Ekantika Ganguly,Male,18-24,Hyderabad,Telangana,Loyal,2025-04-23
C02255,Chanchal Vyas,Female,45-54,Mysuru,Karnataka,Regular,2023-11-08
C02256,Gabriel Shere,Male,55+,Mysuru,Karnataka,Regular,2025-07-08
C02257,Vansha Setty,Female,35-44,Kochi,Kerala,Loyal,2024-12-01
C02258,Saumya Dasgupta,Male,55+,Kolkata,West Bengal,Loyal,2023-08-23
C02259,Ekaraj Mannan,Male,55+,Delhi,Delhi,Regular,2024-12-02
C02260,Gavin Agate,Female,55+,Bengaluru,Karnataka,Loyal,2023-11-08
C02261,Benjamin Gera,Female,45-54,Coimbatore,Tamil Nadu,Regular,2025-02-16
C02262,Upma Mangat,Male,45-54,Bhubaneswar,Odisha,Regular,2026-07-08
C02263,Upadhriti Lanka,Male,25-34,Delhi,Delhi,Regular,2024-06-30
C02264,Bishakha Muni,Male,35-44,Hyderabad,Telangana,Loyal,2025-06-29
C02265,Unni Bassi,Male,25-34,Bhubaneswar,Odisha,Regular,2025-10-12
C02266,Hemangini Varty,Male,18-24,Kochi,Kerala,New,2025-02-11
C02267,Raksha Kota,Male,18-24,Indore,Madhya Pradesh,New,2026-01-23
C02268,Dayita Yogi,Female,55+,Bhopal,Madhya Pradesh,Regular,2025-07-19
C02269,Nachiket Kumar,Female,25-34,Bengaluru,Karnataka,New,2025-02-21
C02270,Gavin Sagar,Female,45-54,Mumbai,Maharashtra,Regular,2025-10-17
C02271,Ishaan Lall,Male,45-54,Visakhapatnam,Andhra Pradesh,Loyal,2024-03-21
C02272,Reva Bera,Female,45-54,Madurai,Tamil Nadu,Regular,2025-09-07
C02273,Odika Tata,Female,18-24,Lucknow,Uttar Pradesh,New,2023-11-22
C02274,Meghana Gandhi,Male,45-54,Madurai,Tamil Nadu,Regular,2025-07-01
C02275,Chaitanya Brar,Male,18-24,Bhopal,Madhya Pradesh,Regular,2025-08-31
C02276,Baljiwan Kala,Female,35-44,Bhubaneswar,Odisha,Regular,2023-11-12
C02277,Harita Mani,Male,45-54,Trichy,Tamil Nadu,Regular,2024-07-25
C02278,Guneet Luthra,Female,55+,Kochi,Kerala,New,2025-06-22
C02279,Gauri Kannan,Male,55+,Jaipur,Rajasthan,New,2024-05-29
C02280,Ekansh Agate,Female,55+,Chennai,Tamil Nadu,Loyal,2024-02-19
C02281,Sneha Mohanty,Female,18-24,Bhopal,Madhya Pradesh,Regular,2025-09-10
C02282,Vansha Sachdeva,Male,25-34,Bhubaneswar,Odisha,High Value,2026-06-10
C02283,Chandresh Butala,Male,55+,Trichy,Tamil Nadu,Regular,2025-06-16
C02284,Manbir Shere,Female,35-44,Chennai,Tamil Nadu,New,2024-12-23
C02285,Urishilla Koshy,Male,25-34,Bengaluru,Karnataka,New,2023-08-20
C02286,Yagnesh Char,Male,18-24,Pune,Maharashtra,High Value,2025-11-29
C02287,Caleb Mistry,Female,35-44,Bhopal,Madhya Pradesh,High Value,2025-08-28
C02288,Akshay Mohanty,Female,18-24,Mysuru,Karnataka,Regular,2025-07-29
C02289,Arjun Lad,Female,55+,Coimbatore,Tamil Nadu,Regular,2024-07-14
C02290,Chaaya Lalla,Female,35-44,Bhubaneswar,Odisha,Regular,2024-06-12
C02291,Wakeeta Gole,Male,18-24,Ahmedabad,Gujarat,Regular,2024-03-11
C02292,Faris Magar,Male,18-24,Coimbatore,Tamil Nadu,New,2024-08-09
C02293,Tripti Kar,Male,25-34,Delhi,Delhi,Regular,2024-04-24
C02294,Parth Srivastava,Female,35-44,Hyderabad,Telangana,New,2024-05-16
C02295,Edhitha Sekhon,Female,18-24,Visakhapatnam,Andhra Pradesh,Regular,2024-07-01
C02296,Andrew Nayak,Female,25-34,Pune,Maharashtra,Regular,2023-09-16
C02297,Frederick Deol,Female,45-54,Madurai,Tamil Nadu,Loyal,2025-06-05
C02298,Lopa Loyal,Male,18-24,Bengaluru,Karnataka,Regular,2024-03-18
C02299,Aayush Krish,Male,35-44,Pune,Maharashtra,Regular,2024-10-13
C02300,Vamakshi Roy,Male,45-54,Bhopal,Madhya Pradesh,Loyal,2025-08-25
C02301,Advika Singh,Female,45-54,Jaipur,Rajasthan,New,2026-01-24
C02302,Lekha Dhar,Male,18-24,Visakhapatnam,Andhra Pradesh,Regular,2025-07-08
C02303,Zansi Koshy,Male,55+,Patna,Bihar,Regular,2024-07-06
C02304,Zayan Gokhale,Male,35-44,Jaipur,Rajasthan,Loyal,2023-10-03
C02305,Vansha Minhas,Male,25-34,Pune,Maharashtra,Regular,2026-06-26
C02306,Jhalak Gandhi,Female,25-34,Trichy,Tamil Nadu,Regular,2025-09-17
C02307,Jagat Kala,Male,25-34,Trichy,Tamil Nadu,Regular,2025-12-21
C02308,Tanish Lad,Female,18-24,Delhi,Delhi,Regular,2024-06-13
C02309,Hemal Dyal,Female,55+,Bhubaneswar,Odisha,Regular,2024-08-25
C02310,Oliver Saini,Male,25-34,Trichy,Tamil Nadu,Regular,2026-07-10
C02311,Deepa Tara,Male,35-44,Kolkata,West Bengal,Loyal,2023-08-11
C02312,Anmol Kohli,Female,45-54,Patna,Bihar,Regular,2026-02-26
C02313,Ikbal Manda,Male,55+,Pune,Maharashtra,Loyal,2026-05-21
C02314,Ryan Pal,Male,45-54,Bengaluru,Karnataka,Regular,2026-07-09
C02315,Ijaya Patel,Male,35-44,Pune,Maharashtra,Loyal,2023-10-01
C02316,Nidra Raj,Female,45-54,Mumbai,Maharashtra,New,2023-11-23
C02317,Rushil Misra,Female,55+,Ahmedabad,Gujarat,Regular,2023-10-03
C02318,Hritik Gola,Male,35-44,Kochi,Kerala,Regular,2024-03-01
C02319,Bhavini Karnik,Female,45-54,Madurai,Tamil Nadu,Loyal,2026-06-27
C02320,Aditya Dua,Male,18-24,Madurai,Tamil Nadu,Loyal,2024-07-06
C02321,Qushi Gole,Male,55+,Madurai,Tamil Nadu,New,2026-07-02
C02322,Chanakya Mohan,Female,18-24,Delhi,Delhi,High Value,2026-04-28
C02323,Jonathan Shan,Male,45-54,Kochi,Kerala,Regular,2024-12-26
C02324,Wridesh Gara,Male,45-54,Patna,Bihar,New,2023-10-20
C02325,Urmi Munshi,Male,45-54,Hyderabad,Telangana,Loyal,2023-10-25
C02326,Gaurangi Narang,Male,55+,Ahmedabad,Gujarat,Regular,2024-09-13
C02327,Lavanya Natarajan,Female,25-34,Coimbatore,Tamil Nadu,Regular,2023-08-28
C02328,Kevin Bajaj,Male,25-34,Bhopal,Madhya Pradesh,New,2025-01-11
C02329,Arjun Dhingra,Female,18-24,Bengaluru,Karnataka,Regular,2026-07-01
C02330,Upma Thakkar,Male,35-44,Kolkata,West Bengal,High Value,2025-04-16
C02331,Tanish Badami,Male,55+,Jaipur,Rajasthan,Loyal,2024-05-30
C02332,Yashawini Saini,Female,35-44,Trichy,Tamil Nadu,Regular,2023-12-21
C02333,Unni Bhavsar,Male,18-24,Pune,Maharashtra,Loyal,2024-09-24
C02334,Neelima Verma,Female,25-34,Bhubaneswar,Odisha,Loyal,2025-09-07
C02335,Pushti Brahmbhatt,Male,45-54,Bhopal,Madhya Pradesh,Loyal,2023-08-12
C02336,Dalaja Tella,Male,35-44,Indore,Madhya Pradesh,New,2025-09-15
C02337,Baghyawati Pandey,Female,35-44,Lucknow,Uttar Pradesh,Regular,2025-11-17
C02338,Veer Gour,Female,25-34,Chennai,Tamil Nadu,Regular,2025-09-25
C02339,Alka Brar,Male,45-54,Chennai,Tamil Nadu,Regular,2025-06-02
C02340,Chakradev Char,Male,45-54,Madurai,Tamil Nadu,New,2026-01-19
C02341,Divya Thaker,Male,25-34,Indore,Madhya Pradesh,Loyal,2024-03-07
C02342,Devansh Gade,Male,45-54,Pune,Maharashtra,Regular,2024-03-05
C02343,Xiti Tandon,Female,45-54,Delhi,Delhi,Loyal,2024-02-07
C02344,Robert Dada,Female,18-24,Patna,Bihar,High Value,2023-09-02
C02345,Kamya Chand,Male,25-34,Lucknow,Uttar Pradesh,Regular,2024-06-19
C02346,Jonathan Murty,Male,35-44,Kochi,Kerala,Loyal,2025-08-23
C02347,Vedant Rao,Male,25-34,Hyderabad,Telangana,Regular,2026-07-11
C02348,Teerth Soni,Female,45-54,Bengaluru,Karnataka,Loyal,2025-08-05
C02349,Yash Kohli,Male,25-34,Coimbatore,Tamil Nadu,Loyal,2023-11-06
C02350,Radha Sura,Male,45-54,Pune,Maharashtra,Regular,2026-06-28
C02351,Manan Kurian,Male,35-44,Indore,Madhya Pradesh,Loyal,2025-02-28
C02352,Devika Dara,Female,25-34,Kolkata,West Bengal,New,2025-04-29
C02353,Naksh Sandal,Male,25-34,Trichy,Tamil Nadu,New,2025-07-23
C02354,Dayita Bedi,Male,25-34,Bhopal,Madhya Pradesh,New,2024-07-19
C02355,Hema Ramachandran,Female,55+,Jaipur,Rajasthan,Loyal,2025-04-01
C02356,Amruta Krish,Female,35-44,Kochi,Kerala,Regular,2024-08-04
C02357,Neelima Gera,Female,25-34,Madurai,Tamil Nadu,Regular,2026-02-07
C02358,Edhitha Suresh,Male,25-34,Bhopal,Madhya Pradesh,Regular,2025-02-09
C02359,Hemangini Raj,Female,25-34,Trichy,Tamil Nadu,Regular,2025-12-30
C02360,Gavin Ramakrishnan,Male,45-54,Kochi,Kerala,Loyal,2025-06-04
C02361,Ojas Bains,Male,25-34,Trichy,Tamil Nadu,High Value,2025-09-17
C02362,Daksh Bala,Male,25-34,Bhubaneswar,Odisha,New,2023-11-06
C02363,Atharv Bajwa,Male,35-44,Kolkata,West Bengal,High Value,2025-11-14
C02364,Kalpit Parsa,Female,18-24,Bengaluru,Karnataka,Regular,2024-06-22
C02365,Azaan Gala,Male,45-54,Madurai,Tamil Nadu,Regular,2024-11-22
C02366,Jyoti Bumb,Male,25-34,Delhi,Delhi,Regular,2025-12-04
C02367,Nimrat Ahuja,Male,55+,Indore,Madhya Pradesh,Regular,2025-11-23
C02368,Mugdha Dhawan,Female,18-24,Coimbatore,Tamil Nadu,Regular,2025-01-01
C02369,Dakshesh Master,Female,45-54,Pune,Maharashtra,Regular,2026-05-22
C02370,Lucky Magar,Male,18-24,Coimbatore,Tamil Nadu,New,2024-04-01
C02371,Anya Ramesh, MALE ,35-44,Jaipur,Rajasthan,Regular,2025-12-01
C02372,Vritti Memon,Male,45-54,Visakhapatnam,Andhra Pradesh,New,2024-10-06
C02373,Theodore Hari,Female,35-44,Indore,Madhya Pradesh,Regular,2023-10-14
C02374,Aashi Dada,Male,55+,Trichy,Tamil Nadu,Loyal,2023-10-12
C02375,Jackson Radhakrishnan,Female,35-44,Bengaluru,Karnataka,Loyal,2024-04-20
C02376,Vyanjana Garg,Female,25-34,Ahmedabad,Gujarat,Regular,2025-11-06
C02377,Wakeeta Solanki,Female,18-24,Hyderabad,Telangana,Loyal,2023-09-15
C02378,Balveer Madan,Male,18-24,Bengaluru,Karnataka,Regular,2025-12-25
C02379,Dalbir Banerjee,Male,45-54,Hyderabad,Telangana,Loyal,2025-06-10
C02380,Gopal Doctor,Female,35-44,Madurai,Tamil Nadu,Loyal,2023-11-11
C02381,Aarnav Wali,Male,18-24,Hyderabad,Telangana,New,2025-10-29
C02382,Rayaan Venkatesh,Female,55+,Kochi,Kerala,High Value,2026-01-24
C02383,Aachal Chanda,Female,18-24,Ahmedabad,Gujarat,Loyal,2025-01-25
C02384,Nakul Narain,Female,45-54,Madurai,Tamil Nadu,Regular,2026-04-06
C02385,Upma Dugal,Male,25-34,Bhopal,Madhya Pradesh,Regular,2026-01-09
C02386,Yasti Borah,Female,18-24,Bengaluru,Karnataka,High Value,2026-03-04
C02387,Tristan Anand,Male,45-54,Coimbatore,Tamil Nadu,Regular,2025-01-26
C02388,Saksham Das,Male,25-34,Patna,Bihar,Regular,2026-07-06
C02389,Vinaya Madan,Female,55+,Bhopal,Madhya Pradesh,Loyal,2026-01-30
C02390,Tanish Walia,Female,25-34,Kolkata,West Bengal,New,2026-03-07
C02391,Suhani Dhingra,Male,55+,Mysuru,Karnataka,Regular,2024-09-05
C02392,Devansh Kalita,Female,55+,Bhopal,Madhya Pradesh,Loyal,2023-12-24
C02393,Unnati Bera,Female,35-44,Bhopal,Madhya Pradesh,Loyal,2026-07-10
C02394,Kevin Bose,Female,55+,Delhi,Delhi,New,2023-12-14
C02395,Mahika Thakkar,Male,55+,Mumbai,Maharashtra,Regular,2023-12-18
C02396,Jalsa Samra,Male,35-44,Coimbatore,Tamil Nadu,Loyal,2025-06-10
C02397,Mahika Goyal,Male,25-34,Pune,Maharashtra,High Value,2024-05-01
C02398,Kala Seshadri,Male,18-24,Hyderabad,Telangana,Regular,2023-10-16
C02399,Yasti Issac,Female,35-44,Visakhapatnam,Andhra Pradesh,New,2024-06-13
C02400,Gabriel Dara,Female,25-34,Patna,Bihar,Regular,2023-08-18
C02401,Chasmum Dhingra,Female,35-44,Visakhapatnam,Andhra Pradesh,High Value,2024-12-16
C02402,Zehaan Mohan,Female,25-34,Chennai,Tamil Nadu,Loyal,2024-03-03
C02403,Zinal Venkatesh,Male,35-44,Pune,Maharashtra,High Value,2024-08-19
C02404,Ikshita Bala,Male,45-54,Patna,Bihar,Loyal,2026-06-13
C02405,Janani Raval,Male,45-54,Pune,Maharashtra,Regular,2025-08-28
C02406,Sarthak Lal,Male,55+,Pune,Maharashtra,Regular,2026-01-02
C02407,Mahika Atwal,Male,45-54,Kolkata,West Bengal,Regular,2024-04-16
C02408,Raagini Swaminathan,Female,25-34,Kochi,Kerala,Loyal,2025-01-24
C02409,Ronith Mukherjee,Female,25-34,Madurai,Tamil Nadu,Regular,2026-05-20
C02410,Kevin Samra,Male,55+,Mysuru,Karnataka,Regular,2024-05-15
C02411,Qabil Devan,Female,18-24,Mysuru,Karnataka,Regular,2025-03-16
C02412,Om Gole,Female,55+,Mysuru,Karnataka,New,2023-09-06
C02413,Vidhi Mani,Male,45-54,Bengaluru,Karnataka,Regular,2025-08-17
C02414,Thomas Sani,Male,55+,Kolkata,West Bengal,New,2025-03-22
C02415,Nidhi Varghese,Male,45-54,Chennai,Tamil Nadu,Regular,2023-12-31
C02416,Garima Luthra,Male,18-24,Trichy,Tamil Nadu,New,2025-09-25
C02417,Anika Yadav,Female,25-34,Madurai,Tamil Nadu,Loyal,2024-02-14
C02418,Chasmum Singhal,Male,18-24,Visakhapatnam,Andhra Pradesh,High Value,2023-09-23
C02419,Ria Sama,Female,18-24,Trichy,Tamil Nadu,Regular,2026-06-19
C02420,Chandran Chander,Female,25-34,Indore,Madhya Pradesh,Regular,2023-12-23
C02421,Gaurav Natt,Male,25-34,Indore,Madhya Pradesh,New,2025-08-28
C02422,Yashodhara Varma,Male,18-24,Pune,Maharashtra,Loyal,2023-11-29
C02423,Samuel Thaker,Female,18-24,Trichy,Tamil Nadu,Regular,2023-10-28
C02424,Owen Bhatt,Male,18-24,Kochi,Kerala,Loyal,2023-12-15
C02425,Jatin Mahajan,Male,45-54,Chennai,Tamil Nadu,Regular,2024-02-23
C02426,Vritti Kulkarni,Female,25-34,Ahmedabad,Gujarat,Loyal,2024-03-17
C02427,Zaitra Raman,Male,45-54,Kolkata,West Bengal,New,2025-03-29
C02428,Jyoti Rajagopalan,Male,18-24,Trichy,Tamil Nadu,High Value,2024-10-05
C02429,Xalak Dani,Female,18-24,Delhi,Delhi,Regular,2024-10-05
C02430,Orinder Thakur,Female,18-24,Trichy,Tamil Nadu,Loyal,2026-01-06
C02431,Divya Ratti,Male,25-34,Visakhapatnam,Andhra Pradesh,Regular,2026-07-04
C02432,Varsha Chadha,Male,45-54,Jaipur,Rajasthan,New,2026-01-25
C02433,Lajita Mitra,Female,35-44,Delhi,Delhi,Loyal,2023-08-22
C02434,Bakhshi Sankaran,Female,35-44,Pune,Maharashtra,Loyal,2026-05-30
C02435,Tara Ramakrishnan,Male,25-34,Madurai,Tamil Nadu,Loyal,2026-03-28
C02436,Ethan Nair,Female,25-34,Bengaluru,Karnataka,Regular,2025-04-22
C02437,Jhalak Bahl,Male,18-24,Indore,Madhya Pradesh,Regular,2025-08-26
C02438,Veer Pandya,Male,18-24,Pune,Maharashtra,Regular,2025-10-23
C02439,Vrinda Murthy,Male,45-54,Bengaluru,Karnataka,Regular,2025-06-21
C02440,Naksh Balasubramanian,Female,45-54,Indore,Madhya Pradesh,Regular,2026-05-14
C02441,Nidra Kala,Female,25-34,Kochi,Kerala,Loyal,2025-05-12
C02442,Rudra Swaminathan,Female,45-54,Mumbai,Maharashtra,Regular,2023-12-27
C02443,Yash Srinivasan,Female,55+,Patna,Bihar,Regular,2024-04-28
C02444,Samar Mohanty,Female,18-24,Mumbai,Maharashtra,Regular,2024-07-20
C02445,Frado Apte,Male,18-24,Kochi,Kerala,Regular,2024-05-01
C02446,Christopher Shroff,Male,18-24,Chennai,Tamil Nadu,Regular,2023-09-17
C02447,Madhavi Tank,Male,18-24,Indore,Madhya Pradesh,New,2024-04-26
C02448,Yuvraj Bhatia,Female,25-34,Ahmedabad,Gujarat,Regular,2024-03-19
C02449,Radhika Batra,Female,25-34,Bengaluru,Karnataka,Regular,2026-01-28
C02450,Neelima Lata,Male,25-34,Mumbai,Maharashtra,New,2024-12-18
C02451,Ikshita Hora,Female,18-24,Bengaluru,Karnataka,Regular,2025-08-19
C02452,Bhavani Khosla,Female,18-24,Kochi,Kerala,Loyal,2023-09-19
C02453,Ranveer Bandi,Male,45-54,Bhubaneswar,Odisha,Loyal,2026-01-18
C02454,Janaki Desai,Male,25-34,Mysuru,Karnataka,Regular,2026-07-07
C02455,Alexander Wadhwa,Male,18-24,Madurai,Tamil Nadu,New,2024-10-11
C02456,Lakshit Palan,Male,25-34,Kochi,Kerala,Regular,2026-07-02
C02457,Hredhaan Pillai,Female,45-54,Bengaluru,Karnataka,Regular,2024-04-04
C02458,Dominic Bava,Female,18-24,Jaipur,Rajasthan,Regular,2025-06-09
C02459,Anthony Nair,Male,18-24,Bengaluru,Karnataka,Regular,2024-03-09
C02460,Sanya Yadav,Male,18-24,Mysuru,Karnataka,Regular,2024-08-07
C02461,Orinder Oommen,Female,55+,Kochi,Kerala,Loyal,2024-05-28
C02462,Wridesh Rana,Female,25-34,,Maharashtra,Regular,2024-08-05
C02463,Neel Mody,Female,18-24,Mysuru,Karnataka,Regular,2026-04-15
C02464,Jeet Halder,Male,45-54,Bengaluru,Karnataka,Regular,2026-06-17
C02465,Darsh Bhalla,Female,25-34,Mumbai,Maharashtra,Loyal,2025-01-14
C02466,Pratyush Acharya,Male,45-54,Patna,Bihar,Regular,2024-04-11
C02467,Liam Ben,Female,25-34,Kolkata,West Bengal,New,2026-02-06
C02468,Aayush Ganguly,Female,25-34,Ahmedabad,Gujarat,Regular,2025-03-18
C02469,Sanya Sethi,Male,35-44,Trichy,Tamil Nadu,Regular,2023-08-14
C02470,Mekhala Chacko,Male,25-34,Jaipur,Rajasthan,Regular,2026-04-25
C02471,Avni Kara,Male,18-24,Patna,Bihar,Regular,2026-06-21
C02472,Nirja Prabhu,Female,25-34,Chennai,Tamil Nadu,Regular,2026-05-02
C02473,Pratyush Bhat,Male,35-44,Coimbatore,Tamil Nadu,New,2024-01-06
C02474,Aditya Dugal,Male,55+,Bhubaneswar,Odisha,High Value,2023-10-26
C02475,Janya Prasad,Male,18-24,Indore,Madhya Pradesh,Regular,2024-04-18
C02476,Pranit Doctor,Male,35-44,Delhi,Delhi,Loyal,2025-08-22
C02477,Ekapad Sekhon,Male,35-44,Kolkata,West Bengal,Loyal,2026-05-23
C02478,Qushi Pall,Male,18-24,Ahmedabad,Gujarat,Regular,2025-09-28
C02479,Jonathan Bhakta,Male,55+,Bhopal,Madhya Pradesh,Loyal,2023-12-15
C02480,Ubika Manda,Male,55+,Bengaluru,Karnataka,Loyal,2026-01-25
C02481,Kashish Sharaf,Male,35-44,Indore,Madhya Pradesh,New,2024-10-13
C02482,Turvi Randhawa,Male,18-24,Lucknow,Uttar Pradesh,High Value,2023-11-24
C02483,Vasana Sibal,Male,25-34,Mumbai,Maharashtra,Loyal,2025-02-20
C02484,Ekaraj Dora,Female,45-54,Mysuru,Karnataka,Loyal,2024-12-17
C02485,Varenya Patla,Female,35-44,Jaipur,Rajasthan,Regular,2025-09-08
C02486,Pranit Raju,Male,45-54,Kochi,Kerala,Regular,2024-05-20
C02487,Xiti Choudhry,Male,25-34,Visakhapatnam,Andhra Pradesh,Regular,2025-05-15
C02488,Mohini Sridhar,Male,18-24,Indore,Madhya Pradesh,New,2025-11-04
C02489,Ayush Rattan,Male,45-54,Delhi,Delhi,New,2025-08-12
C02490,Omkaar Dass,Male,35-44,Jaipur,Rajasthan,New,2025-05-09
C02491,Brinda Pall,Female,35-44,Pune,Maharashtra,New,2026-03-17
C02492,Aayush Parmar,Female,35-44,Mysuru,Karnataka,High Value,2024-08-12
C02493,Chanakya Keer,Female,25-34,Pune,Maharashtra,Loyal,2025-12-05
C02494,Darsh Ganesan,Female,18-24,Bhubaneswar,Odisha,Regular,2024-02-02
C02495,Ikshita Ahuja,Female,45-54,Delhi,Delhi,Loyal,2023-09-05
C02496,Varenya Bhagat,Female,35-44,Bengaluru,Karnataka,Regular,2024-08-21
C02497,Tara Aurora,Female,35-44,Visakhapatnam,Andhra Pradesh,New,2023-09-14
C02498,Udyati Tiwari,Female,35-44,Kochi,Kerala,Loyal,2025-04-20
C02499,Yauvani Singhal,Male,25-34,Coimbatore,Tamil Nadu,Regular,2025-04-25
C02500,Jeremiah Khosla,Male,25-34,Patna,Bihar,Loyal,2026-01-28
C02501,Aryan Mital,Female,25-34,Delhi,Delhi,Regular,2023-10-17
C02502,Harshil Wagle,Male,45-54,Madurai,Tamil Nadu,Loyal,2025-09-03
C02503,Varsha Kadakia,Female,45-54,Madurai,Tamil Nadu,Regular,2024-02-04
C02504,Mohammed Minhas,Female,18-24,Patna,Bihar,New,2023-08-26
C02505,Aadhya Bhasin,Female,45-54,Trichy,Tamil Nadu,New,2025-01-20
C02506,Jyoti Hans,Male,35-44,Jaipur,Rajasthan,Regular,2025-09-06
C02507,Yug Pal,Female,25-34,Visakhapatnam,Andhra Pradesh,Loyal,2024-05-05
C02508,Radhika Ravi,Male,35-44,Indore,Madhya Pradesh,Regular,2024-10-11
C02509,Bhavna Raj,Male,45-54,Patna,Bihar,New,2025-09-05
C02510,Shravya Rastogi,Female,55+,Hyderabad,Telangana,New,2024-01-01
C02511,Aayush Balan,Female,18-24,Visakhapatnam,Andhra Pradesh,Loyal,2024-01-29
C02512,Chatresh Choudhry,Female,45-54,Ahmedabad,Gujarat,Regular,2025-12-15
C02513,Kashvi Bhagat,Male,45-54,Hyderabad,Telangana,Regular,2025-07-07
C02514,Harshil Jain,Male,25-34,Mysuru,Karnataka,New,2025-12-04
C02515,Chaitaly Dave,Male,35-44,Kolkata,West Bengal,Loyal,2024-11-24
C02516,Owen Mani, MALE ,55+,Lucknow,Uttar Pradesh,Regular,2026-04-01
C02517,Finn Bakshi,Male,18-24,Pune,Maharashtra,New,2025-10-05
C02518,Turvi Agrawal,Female,35-44,Kochi,Kerala,New,2026-04-28
C02519,Advik Balakrishnan,Female,45-54,Ahmedabad,Gujarat,Regular,2025-05-22
C02520,Chandran Wable,Female,35-44,Mysuru,Karnataka,Loyal,2026-05-26
C02521,Hitesh Banik,Female,18-24,Bhubaneswar,Odisha,Regular,2024-03-13
C02522,Vamakshi Vig,Male,18-24,Visakhapatnam,Andhra Pradesh,Loyal,2024-11-09
C02523,Warjas Morar,Male,35-44,Bhubaneswar,Odisha,Regular,2023-09-22
C02524,Charita Kashyap,Male,25-34,Jaipur,Rajasthan,Loyal,2025-07-02
C02525,Ekansh Rattan,Female,35-44,Bengaluru,Karnataka,New,2025-05-03
C02526,Garima Chakraborty,Female,55+,Kochi,Kerala,Loyal,2025-06-06
C02527,Sathvik Varkey,Male,45-54,Lucknow,Uttar Pradesh,Regular,2023-10-16
C02528,Avni Wali,Male,18-24,Bhubaneswar,Odisha,Regular,2025-05-11
C02529,Gauri Mangal,Female,55+,Hyderabad,Telangana,Loyal,2024-03-18
C02530,Hardik Gara,Female,25-34,Visakhapatnam,Andhra Pradesh,Regular,2025-09-12
C02531,Zansi Sethi,Male,35-44,Hyderabad,Telangana,Loyal,2024-02-26
C02532,Ekta Krishnan,Female,35-44,Chennai,Tamil Nadu,Regular,2025-05-30
C02533,Tara Wason,Female,45-54,Trichy,Tamil Nadu,Regular,2024-09-08
C02534,Aarini Sarna,Female,55+,Ahmedabad,Gujarat,Regular,2023-12-01
C02535,Kalpit Brahmbhatt,Male,25-34,Jaipur,Rajasthan,Regular,2025-04-21
C02536,Manbir Narayanan,Male,55+,Ahmedabad,Gujarat,Regular,2024-06-17
C02537,Zarna Kulkarni,Female,45-54,Patna,Bihar,Regular,2025-08-20
C02538,Onveer Goyal,Female,55+,Kochi,Kerala,Loyal,2024-10-14
C02539,Nikita Rama,Male,18-24,Trichy,Tamil Nadu,New,2023-09-24
C02540,Ekaja Thakkar,Female,18-24,Chennai,Tamil Nadu,Regular,2023-12-10
C02541,Vyanjana Karan,Male,45-54,Visakhapatnam,Andhra Pradesh,Regular,2023-09-13
C02542,Siddharth Chatterjee,Female,45-54,Coimbatore,Tamil Nadu,Regular,2025-05-13
C02543,Aditya Ratta,Female,18-24,Lucknow,Uttar Pradesh,New,2025-12-18
C02544,Adya Venkataraman,Male,35-44,Indore,Madhya Pradesh,High Value,2025-01-13
C02545,William Loyal,Female,45-54,Lucknow,Uttar Pradesh,New,2025-04-15
C02546,Aayush Buch,Male,55+,Ahmedabad,Gujarat,Regular,2025-04-22
C02547,Ronith Swaminathan,Female,45-54,Pune,Maharashtra,Regular,2026-06-21
C02548,Aryan Goda,Female,18-24,Chennai,Tamil Nadu,New,2024-02-08
C02549,Nitesh Agrawal,Female,55+,Bengaluru,Karnataka,Loyal,2023-09-20
C02550,Ati Kibe,Female,35-44,Visakhapatnam,Andhra Pradesh,New,2023-10-19
C02551,Tanmayi Wable,Female,25-34,Bhubaneswar,Odisha,Regular,2023-12-27
C02552,Aayush Maharaj,Male,55+,Kolkata,West Bengal,Regular,2024-07-17
C02553,Joshua Deo,Female,25-34,Coimbatore,Tamil Nadu,Loyal,2024-08-16
C02554,Yamini Patla,Male,45-54,Kolkata,West Bengal,Loyal,2025-01-14
C02555,Samaksh Pathak,Male,45-54,Bhopal,Madhya Pradesh,Regular,2025-03-23
C02556,Nidra Padmanabhan,Male,55+,Bengaluru,Karnataka,Loyal,2023-11-27
C02557,Qabil Kala,Male,35-44,Pune,Maharashtra,Regular,2023-11-09
C02558,Azad Borra,Male,45-54,Madurai,Tamil Nadu,New,2026-01-22
C02559,Raagini Kale,Male,18-24,Bhubaneswar,Odisha,Regular,2025-07-19
C02560,Omaja Kohli,Male,55+,Patna,Bihar,Regular,2024-06-07
C02561,Jai Sane,Female,35-44,Bengaluru,Karnataka,New,2024-01-13
C02562,Vivaan Natt,Female,25-34,Mumbai,Maharashtra,Regular,2024-04-05
C02563,Krisha Raj,Female,35-44,Mumbai,Maharashtra,Regular,2024-06-04
C02564,Tamanna Jayaraman,Male,25-34,Pune,Maharashtra,Regular,2024-07-22
C02565,Wyatt Gala,Male,18-24,Bhubaneswar,Odisha,Regular,2025-02-19
C02566,Chaman More,Male,18-24,Visakhapatnam,Andhra Pradesh,New,2025-12-24
C02567,Ekapad Prashad,Male,18-24,Pune,Maharashtra,New,2024-10-19
C02568,Peter Anand,Male,45-54,Ahmedabad,Gujarat,New,2024-01-29
C02569,Sanya Puri,Female,18-24,Chennai,Tamil Nadu,Regular,2025-07-10
C02570,Timothy Muni,Male,45-54,Madurai,Tamil Nadu,Regular,2023-09-01
C02571,Ekani Dey,Female,25-34,Jaipur,Rajasthan,New,2024-06-25
C02572,Nidhi Jani,Male,55+,Chennai,Tamil Nadu,Regular,2024-12-11
C02573,Parth Mandal,Male,35-44,Coimbatore,Tamil Nadu,High Value,2025-08-29
C02574,Xalak Mukhopadhyay,Male,25-34,Indore,Madhya Pradesh,Regular,2026-04-04
C02575,Rudra Sant,Male,25-34,Pune,Maharashtra,Regular,2025-11-30
C02576,Oeshi Dubey,Male,55+,Patna,Bihar,Regular,2025-11-26
C02577,Gayathri Sankar,Male,35-44,Bengaluru,Karnataka,New,2025-10-08
C02578,Meera Sachar,Male,35-44,Hyderabad,Telangana,New,2024-12-01
C02579,Agastya Char,Male,35-44,Madurai,Tamil Nadu,Regular,2025-10-12
C02580,Falan Bhalla,Male,35-44,Hyderabad,Telangana,Loyal,2024-07-05
C02581,Aashi Sodhi,Female,45-54,Delhi,Delhi,Regular,2023-12-25
C02582,Harini Swamy,Male,35-44,Kolkata,West Bengal,New,2026-05-11
C02583,Zaid Lalla,Female,18-24,Pune,Maharashtra,Regular,2024-03-13
C02584,Ekalinga Toor,Female,25-34,Bhubaneswar,Odisha,Loyal,2025-09-27
C02585,Yatan Kibe,Female,45-54,Indore,Madhya Pradesh,Regular,2025-06-09
C02586,Arjun Bhardwaj,Female,55+,Pune,Maharashtra,New,2024-07-03
C02587,Xalak Kalla,Female,25-34,Kolkata,West Bengal,Regular,2026-04-07
C02588,Ayush Bhattacharyya,Male,45-54,Ahmedabad,Gujarat,New,2024-10-11
C02589,Dhruv Randhawa,Female,55+,Coimbatore,Tamil Nadu,Regular,2024-08-24
C02590,Wridesh Lad,Female,45-54,Visakhapatnam,Andhra Pradesh,New,2026-05-07
C02591,Abeer Rastogi,Female,45-54,,Karnataka,Loyal,2023-09-28
C02592,Harsh Gopal,Male,18-24,Ahmedabad,Gujarat,Regular,2025-12-05
C02593,Shivani Nagar,Female,25-34,Ahmedabad,Gujarat,Loyal,2026-05-07
C02594,Thomas Natt,Male,35-44,Trichy,Tamil Nadu,Regular,2023-09-22
C02595,Panini Loyal,Male,45-54,Jaipur,Rajasthan,Regular,2025-07-06
C02596,Nimrat Nazareth,Male,55+,Jaipur,Rajasthan,New,2023-12-31
C02597,Aahana Agarwal,Male,55+,Delhi,Delhi,Regular,2024-07-23
C02598,Jyoti Andra,Female,55+,Patna,Bihar,Loyal,2025-01-23
C02599,Adweta Chaudhari,Female,45-54,Madurai,Tamil Nadu,Regular,2023-08-18
C02600,Ranveer Ramakrishnan,Male,25-34,Jaipur,Rajasthan,New,2024-04-01
C02601,Guneet Ray,Female,18-24,Indore,Madhya Pradesh,High Value,2025-05-22
C02602,Jai Guha,Male,18-24,Kochi,Kerala,Regular,2023-10-01
C02603,Jalsa Baral,Female,55+,Visakhapatnam,Andhra Pradesh,Regular,2025-09-13
C02604,Bhanumati Patla,Male,35-44,Bhubaneswar,Odisha,New,2025-08-07
C02605,Madhavi Badal,Male,45-54,Bhubaneswar,Odisha,Regular,2023-08-31
C02606,Sachi Dhingra,Male,55+,Kolkata,West Bengal,Loyal,2026-06-04
C02607,Radha Raghavan,Female,18-24,Coimbatore,Tamil Nadu,New,2026-06-10
C02608,Aachal Koshy,Female,35-44,Trichy,Tamil Nadu,Regular,2025-12-04
C02609,Logan Mahal,Female,18-24,Ahmedabad,Gujarat,Regular,2025-05-29
C02610,Chakradhar Naidu,Female,55+,Jaipur,Rajasthan,New,2025-01-09
C02611,Harsh Saha,Female,45-54,Delhi,Delhi,Loyal,2026-01-18
C02612,Saumya Narain,Female,55+,Trichy,Tamil Nadu,New,2025-12-08
C02613,Rohan Kari,Male,18-24,Mumbai,Maharashtra,New,2025-02-28
C02614,Naksh Cheema,Female,25-34,Jaipur,Rajasthan,New,2025-11-13
C02615,Diya Murty,Female,55+,Hyderabad,Telangana,High Value,2024-03-03
C02616,Ojasvi Basak,Female,18-24,Coimbatore,Tamil Nadu,New,2025-08-10
C02617,Anusha Mani,Male,35-44,Delhi,Delhi,Regular,2026-07-11
C02618,Isaac Raju,Female,35-44,Visakhapatnam,Andhra Pradesh,Regular,2026-06-30
C02619,Samar Mukherjee,Female,18-24,Bengaluru,Karnataka,New,2025-02-16
C02620,Avni Bali,Female,45-54,Bengaluru,Karnataka,Regular,2024-09-17
C02621,Girindra Shetty,Male,55+,Bhopal,Madhya Pradesh,Regular,2024-08-01
C02622,Yashasvi Sami,Female,35-44,Indore,Madhya Pradesh,Loyal,2023-12-19
C02623,Varenya Bains,Male,18-24,Indore,Madhya Pradesh,Regular,2023-12-06
C02624,Bhavika Som,Male,35-44,Delhi,Delhi,Regular,2025-10-04
C02625,Akshay Sha,Male,18-24,Mumbai,Maharashtra,New,2024-04-27
C02626,Ladli Palan,Male,25-34,Indore,Madhya Pradesh,New,2024-07-13
C02627,Advaith Nayak,Female,45-54,Hyderabad,Telangana,New,2025-06-08
C02628,Om Bhavsar,Female,25-34,Trichy,Tamil Nadu,Loyal,2024-12-18
C02629,Lucky Kumer,Female,35-44,Bhopal,Madhya Pradesh,Loyal,2023-10-12
C02630,Mitali Prasad,Male,25-34,Bengaluru,Karnataka,Regular,2026-05-20
C02631,Wazir Sachdev,Female,45-54,Ahmedabad,Gujarat,Loyal,2024-08-28
C02632,Lajita Apte,Male,45-54,Bhopal,Madhya Pradesh,New,2025-02-11
C02633,Inaya Pant,Female,25-34,Pune,Maharashtra,Regular,2025-06-24
C02634,Krishna Ramachandran,Male,25-34,Bhubaneswar,Odisha,Regular,2024-04-11
C02635,Onkar Sehgal,Male,25-34,Trichy,Tamil Nadu,New,2026-02-08
C02636,Gaurangi Pradhan,Male,35-44,Lucknow,Uttar Pradesh,New,2023-10-31
C02637,Ansh Gala,Female,35-44,Bhopal,Madhya Pradesh,Regular,2024-03-15
C02638,Omaja Menon,Male,35-44,Patna,Bihar,Regular,2025-05-28
C02639,Dalbir Dash,Female,55+,Bengaluru,Karnataka,Regular,2024-04-27
C02640,Chandran Dash,Male,45-54,Jaipur,Rajasthan,Regular,2024-03-16
C02641,Theodore Saxena,Male,45-54,Trichy,Tamil Nadu,Loyal,2024-06-20
C02642,Zaid Lad,Male,35-44,Kochi,Kerala,New,2025-10-23
C02643,Kashish Pradhan,Female,55+,Mysuru,Karnataka,Regular,2024-07-26
C02644,Champak Chander,Female,18-24,Bhopal,Madhya Pradesh,Regular,2024-04-05
C02645,Radha Pau,Male,25-34,Mumbai,Maharashtra,New,2024-12-17
C02646,Jonathan Sridhar,Female,25-34,Coimbatore,Tamil Nadu,New,2024-04-15
C02647,Robert Seshadri,Female,25-34,Trichy,Tamil Nadu,Loyal,2025-08-25
C02648,Wazir Bhattacharyya,Female,45-54,Kolkata,West Bengal,New,2026-02-06
C02649,Janya Atwal,Female,25-34,Pune,Maharashtra,New,2024-02-24
C02650,Vasudha Mistry,Female,35-44,Hyderabad,Telangana,Loyal,2026-01-13
C02651,Mohammed Dugar,Male,18-24,Delhi,Delhi,New,2024-03-09
C02652,Kashvi Sibal,Female,35-44,Visakhapatnam,Andhra Pradesh,Loyal,2025-07-17
C02653,Radha Raval,Male,35-44,Mumbai,Maharashtra,Regular,2024-06-30
C02654,Ishwar Mangal,Male,35-44,Mysuru,Karnataka,Loyal,2024-12-04
C02655,Meghana Hegde,Male,45-54,Bengaluru,Karnataka,Regular,2026-03-26
C02656,Aadhya Dhillon,Male,35-44,Chennai,Tamil Nadu,Loyal,2023-11-02
C02657,Libni Narang,Male,55+,Mysuru,Karnataka,Regular,2026-03-27
C02658,Netra Acharya,Male,45-54,Indore,Madhya Pradesh,Loyal,2025-01-29
C02659,Vrinda Sane,Male,18-24,Indore,Madhya Pradesh,Loyal,2024-07-26
C02660,Lakshmi Bail,Female,25-34,Bhubaneswar,Odisha,Regular,2023-10-15
C02661,Mohammed Gour,Male,18-24,Mysuru,Karnataka,New,2023-08-19
C02662,Aadhya Nagi,Female,45-54,Jaipur,Rajasthan,Loyal,2025-06-29
C02663,Chakrika Hans,Female,45-54,Patna,Bihar,Regular,2024-04-28
C02664,Jagvi Rattan,Male,35-44,Lucknow,Uttar Pradesh,Regular,2025-04-18
C02665,Aahana Oza,Female,18-24,Jaipur,Rajasthan,Regular,2024-05-20
C02666,Tanvi Chaudhary,Male,25-34,Bhopal,Madhya Pradesh,High Value,2025-06-20
C02667,Ishaan Pall,Male,35-44,Mumbai,Maharashtra,Regular,2023-12-25
C02668,Ikshita Deol,Female,35-44,Mumbai,Maharashtra,Regular,2025-01-08
C02669,Krishna Sridhar,Male,45-54,Madurai,Tamil Nadu,Regular,2023-12-20
C02670,Bhavini Krishna,Female,55+,Pune,Maharashtra,New,2025-10-17
C02671,Gautam Garg,Female,45-54,Ahmedabad,Gujarat,Regular,2024-10-03
C02672,Sachi Agrawal,Female,25-34,Pune,Maharashtra,New,2025-06-18
C02673,Tejas Mishra,Female,55+,Bhopal,Madhya Pradesh,New,2025-11-05
C02674,Nidhi Palla,Female,35-44,Lucknow,Uttar Pradesh,New,2023-09-19
C02675,Dipta Kakar,Female,25-34,Chennai,Tamil Nadu,Regular,2024-12-31
C02676,Osha Ratta,Female,55+,Bengaluru,Karnataka,Regular,2023-08-18
C02677,Bakhshi Tella,Female,45-54,Mysuru,Karnataka,Regular,2026-02-11
C02678,Yoshita Goda,Male,45-54,Delhi,Delhi,New,2024-07-27
C02679,Zinal Sibal,Male,18-24,Delhi,Delhi,Regular,2025-03-12
C02680,Niharika More,Female,35-44,Chennai,Tamil Nadu,Regular,2024-03-24
C02681,Lohit Balan,Male,35-44,Chennai,Tamil Nadu,New,2025-11-03
C02682,Robert Kaul,Male,18-24,Delhi,Delhi,Loyal,2024-11-10
C02683,Chaitanya Ramachandran,Male,45-54,Bengaluru,Karnataka,Regular,2026-04-10
C02684,Zinal Kota,Female,25-34,Madurai,Tamil Nadu,New,2025-01-26
C02685,Dominic Ramesh,Male,45-54,Ahmedabad,Gujarat,Regular,2025-03-17
C02686,Krishna Pai,Female,35-44,Trichy,Tamil Nadu,Regular,2024-09-11
C02687,Indali Bhatt,Female,35-44,Mysuru,Karnataka,Loyal,2026-06-11
C02688,Krishna Bhatia,Male,35-44,Bengaluru,Karnataka,New,2024-07-31
C02689,Henry Kapur,Male,35-44,Patna,Bihar,Regular,2025-09-16
C02690,Ati Balan,Female,55+,Delhi,Delhi,New,2026-02-13
C02691,Manbir Chanda,Male,25-34,Kochi,Kerala,Regular,2025-12-31
C02692,Oeshi Chacko,Female,45-54,Jaipur,Rajasthan,Regular,2024-11-23
C02693,Lekha Mohanty,Female,45-54,Lucknow,Uttar Pradesh,Regular,2025-02-18
C02694,Tara Badami,Male,45-54,Patna,Bihar,New,2026-07-08
C02695,Xalak Mand,Female,25-34,Bengaluru,Karnataka,Regular,2024-10-15
C02696,Tristan Kara,Male,55+,Ahmedabad,Gujarat,Regular,2025-03-08
C02697,Urvi Lata,Female,18-24,Bhubaneswar,Odisha,Loyal,2024-08-07
C02698,Amara Sampath,Male,45-54,Kolkata,West Bengal,Regular,2024-03-19
C02699,Idika Singhal,Female,18-24,Lucknow,Uttar Pradesh,New,2025-10-10
C02700,Nihal Ravel,Male,35-44,Pune,Maharashtra,Regular,2026-03-17
C02701,Samuel Menon,Female,35-44,Delhi,Delhi,Loyal,2024-06-25
C02702,Oscar Mahal,Male,25-34,Trichy,Tamil Nadu,Regular,2025-06-28
C02703,Liam Nair,Female,25-34,Patna,Bihar,Regular,2026-06-14
C02704,Yuvraj Dani,Female,35-44,Bengaluru,Karnataka,Loyal,2026-03-26
C02705,Vasatika Thaman,Female,55+,Chennai,Tamil Nadu,Regular,2024-12-21
C02706,Vritti Buch,Male,18-24,Trichy,Tamil Nadu,New,2024-11-23
C02707,Eesha Apte,Male,25-34,Trichy,Tamil Nadu,Regular,2025-03-05
C02708,Gauri Bajwa,Male,55+,Indore,Madhya Pradesh,Regular,2024-01-18
C02709,Lipika Mandal,Male,35-44,Coimbatore,Tamil Nadu,Regular,2025-08-30
C02710,Daksh Goel,Male,55+,Mysuru,Karnataka,Regular,2025-05-03
C02711,Ira Bhavsar,Female,55+,Visakhapatnam,Andhra Pradesh,New,2025-10-09
C02712,Chanchal Karnik,Male,25-34,Bengaluru,Karnataka,New,2026-06-13
C02713,Henry Taneja,Male,55+,Mumbai,Maharashtra,Loyal,2025-04-21
C02714,Arin Sankaran,Male,45-54,Patna,Bihar,Regular,2025-01-16
C02715,Jonathan Bhatia,Male,55+,Delhi,Delhi,Regular,2026-03-04
C02716,Bimala Buch,Female,45-54,Pune,Maharashtra,Regular,2026-04-30
C02717,Oscar Wason,Female,45-54,Trichy,Tamil Nadu,Loyal,2023-10-21
C02718,Vedika Kohli,Male,35-44,Bengaluru,Karnataka,Regular,2024-10-01
C02719,Ekanta Pathak,Female,18-24,Bhubaneswar,Odisha,Regular,2025-09-12
C02720,Mahika Basu,Female,18-24,Coimbatore,Tamil Nadu,Loyal,2026-03-05
C02721,Yash Yadav,Male,45-54,Ahmedabad,Gujarat,Loyal,2025-01-20
C02722,Pavani Buch,Female,18-24,Lucknow,Uttar Pradesh,High Value,2024-05-31
C02723,Ekapad Bala,Male,35-44,Ahmedabad,Gujarat,Loyal,2026-03-09
C02724,Dhruv Chakraborty,Female,55+,Bhopal,Madhya Pradesh,New,2024-03-23
C02725,Ranbir Chaudhary,Female,55+,Bengaluru,Karnataka,Regular,2026-07-03
C02726,Teerth Sharma,Female,35-44,Bengaluru,Karnataka,Loyal,2025-04-10
C02727,Balvan Bora,Female,45-54,Madurai,Tamil Nadu,High Value,2025-01-28
C02728,Nicholas Gade,Male,55+,Visakhapatnam,Andhra Pradesh,Loyal,2024-05-04
C02729,Wazir Mukherjee,Female,25-34,Bhopal,Madhya Pradesh,Regular,2023-12-14
C02730,Naksh Varty,Female,55+,Bhubaneswar,Odisha,Regular,2025-08-07
C02731,Mahika Jha,Male,18-24,Kolkata,West Bengal,New,2026-02-20
C02732,Balveer Sidhu,Male,18-24,Mysuru,Karnataka,Regular,2024-11-01
C02733,Ikbal Sahota,Female,35-44,Indore,Madhya Pradesh,Loyal,2025-04-24
C02734,Vyanjana Murty,Male,25-34,Mumbai,Maharashtra,Loyal,2024-08-02
C02735,Nidhi Sahni,Female,18-24,Kolkata,West Bengal,New,2025-05-10
C02736,Ekta Gala,Male,18-24,Pune,Maharashtra,Loyal,2025-09-30
C02737,Yamini Chawla,Female,35-44,Madurai,Tamil Nadu,Regular,2024-12-21
C02738,Kashvi Basu,Male,35-44,Chennai,Tamil Nadu,New,2024-12-05
C02739,Balhaar Dhingra,Female,25-34,Lucknow,Uttar Pradesh,High Value,2026-04-29
C02740,Rehaan Mitra,Male,25-34,Bhubaneswar,Odisha,Regular,2025-09-05
C02741,Balendra Balay,Female,25-34,Lucknow,Uttar Pradesh,Regular,2025-11-01
C02742,Baljiwan Dara,Female,55+,Mysuru,Karnataka,Loyal,2024-01-17
C02743,Qushi Shah,Male,55+,Hyderabad,Telangana,New,2024-11-16
C02744,Darpan Panchal,Male,18-24,Trichy,Tamil Nadu,Loyal,2024-10-14
C02745,Bhanumati Bhatnagar,Female,45-54,Chennai,Tamil Nadu,Regular,2023-11-07
C02746,Kavya Chacko,Female,25-34,Madurai,Tamil Nadu,Regular,2026-01-03
C02747,Gavin Hans,Female,25-34,Bhopal,Madhya Pradesh,Loyal,2024-11-16
C02748,Jagvi Balasubramanian,Female,55+,Bhubaneswar,Odisha,Regular,2026-03-07
C02749,Samaksh Shan,female,18-24,Visakhapatnam,Andhra Pradesh,Regular,2025-12-07
C02750,Yashodhara Bath,Male,55+,Kolkata,West Bengal,New,2024-08-14
C02751,Bimala Ahuja,Female,18-24,Bhopal,Madhya Pradesh,New,2024-07-03
C02752,Bhavya Gokhale,Male,55+,Mumbai,Maharashtra,Regular,2026-02-02
C02753,Gagan Bhatti,Male,35-44,Chennai,Tamil Nadu,Loyal,2023-09-25
C02754,Anvi Muni,Female,35-44,Pune,Maharashtra,New,2023-09-16
C02755,Nathaniel Malhotra,Female,18-24,Mysuru,Karnataka,Regular,2026-01-28
C02756,Krishna Dhar,Female,45-54,Mumbai,Maharashtra,Regular,2026-01-21
C02757,Anamika Kurian,Male,55+,Patna,Bihar,Regular,2023-11-16
C02758,Tanish Nori,Male,18-24,Pune,Maharashtra,Regular,2025-11-26
C02759,Ojas Shan,Male,35-44,Pune,Maharashtra,Loyal,2024-02-10
C02760,Ekta Barad,Male,25-34,Coimbatore,Tamil Nadu,Regular,2024-01-14
C02761,Parth Kulkarni,Male,25-34,Jaipur,Rajasthan,Regular,2024-06-19
C02762,Samaksh Parekh,Male,35-44,Bhubaneswar,Odisha,High Value,2023-09-07
C02763,Anita Chandra,Male,55+,Kochi,Kerala,Regular,2024-08-28
C02764,Ethan Shan,Female,18-24,Bengaluru,Karnataka,New,2025-10-07
C02765,Shivani Mani,Male,35-44,Indore,Madhya Pradesh,Regular,2026-04-18
C02766,Hritik Suresh,Male,18-24,Delhi,Delhi,Loyal,2025-07-26
C02767,Fariq Varughese,Male,55+,Chennai,Tamil Nadu,Regular,2024-10-03
C02768,Chandani Jayaraman,Male,55+,Kolkata,West Bengal,Regular,2023-10-02
C02769,Yuvraj Raja,Female,25-34,Kolkata,West Bengal,Regular,2024-09-07
C02770,Nathaniel Raghavan,Male,18-24,Kochi,Kerala,Regular,2026-06-30
C02771,Dakshesh Toor,Female,35-44,Visakhapatnam,Andhra Pradesh,New,2024-05-01
C02772,Vritti Krishnan,Male,25-34,Kochi,Kerala,Regular,2024-04-26
C02773,Jeremiah Oak,Male,25-34,Bhubaneswar,Odisha,Regular,2024-03-27
C02774,Unni Narayanan,Male,18-24,Patna,Bihar,Loyal,2024-01-02
C02775,Laban Ghosh,Male,18-24,Mumbai,Maharashtra,New,2025-11-21
C02776,Yutika Krishnamurthy,Male,35-44,Lucknow,Uttar Pradesh,New,2025-02-09
C02777,Rushil Bhattacharyya,Male,35-44,Ahmedabad,Gujarat,New,2024-11-16
C02778,Christopher Samra,Female,18-24,Kolkata,West Bengal,Regular,2024-02-27
C02779,Dalaja Tak,Female,55+,Madurai,Tamil Nadu,Regular,2025-12-12
C02780,Eiravati Tata,Male,45-54,Ahmedabad,Gujarat,Loyal,2025-08-20
C02781,Praneel Sama,Female,25-34,Ahmedabad,Gujarat,Regular,2025-03-27
C02782,Sneha Muni,Female,55+,Pune,Maharashtra,Regular,2025-12-29
C02783,Mitesh Bala,Female,45-54,Coimbatore,Tamil Nadu,Loyal,2025-04-29
C02784,Azad Bansal,Female,35-44,Visakhapatnam,Andhra Pradesh,New,2023-11-16
C02785,Bhanumati Mane,Male,35-44,Bengaluru,Karnataka,Loyal,2026-04-25
C02786,Abdul Chauhan,Male,35-44,Hyderabad,Telangana,Loyal,2026-05-08
C02787,William Luthra,Male,25-34,Bengaluru,Karnataka,Regular,2026-07-01
C02788,Siya Lanka,Male,18-24,Lucknow,Uttar Pradesh,Regular,2024-05-31
C02789,Girindra Deshmukh,Female,35-44,Coimbatore,Tamil Nadu,Regular,2025-12-04
C02790,Bishakha Bedi,Male,18-24,Delhi,Delhi,Regular,2025-10-06
C02791,Harini Rege,Female,45-54,Visakhapatnam,Andhra Pradesh,New,2024-07-06
C02792,Baljiwan Puri,Female,45-54,Kolkata,West Bengal,New,2024-03-06
C02793,Banjeet Kakar,Female,25-34,Hyderabad,Telangana,Regular,2025-05-29
C02794,Kala Gara,Male,35-44,Patna,Bihar,New,2025-03-01
C02795,Yauvani Bhat,Male,55+,Ahmedabad,Gujarat,Loyal,2025-12-28
C02796,Hamsini Das,Female,55+,Jaipur,Rajasthan,Regular,2023-11-12
C02797,Priya Bhat,Female,55+,Chennai,Tamil Nadu,Regular,2024-04-01
C02798,Tara Jain,Male,18-24,Kochi,Kerala,Regular,2023-12-18
C02799,Falak Narain,Female,45-54,Delhi,Delhi,Regular,2024-06-11
C02800,Azad Mane,Female,25-34,Bhubaneswar,Odisha,High Value,2025-05-28
C02801,Ekapad Parsa,Male,25-34,Lucknow,Uttar Pradesh,Loyal,2026-05-19
C02802,Yasti Merchant,Female,18-24,Pune,Maharashtra,High Value,2025-05-26
C02803,Omkaar Warrior,Female,35-44,Patna,Bihar,Regular,2024-07-30
C02804,Azaan Ranganathan,Female,35-44,Coimbatore,Tamil Nadu,Regular,2026-06-09
C02805,Aarav Majumdar,Male,18-24,Pune,Maharashtra,Regular,2024-08-03
C02806,Veda Dutt,Female,25-34,Jaipur,Rajasthan,Regular,2024-01-15
C02807,Oscar Nagi,Female,18-24,Chennai,Tamil Nadu,Regular,2023-12-18
C02808,Sarthak Chad,Female,55+,Ahmedabad,Gujarat,Regular,2025-12-03
C02809,Aarna Sarkar,Male,35-44,Coimbatore,Tamil Nadu,Loyal,2026-05-23
C02810,Onveer Reddy,Female,18-24,Patna,Bihar,Regular,2025-04-13
C02811,Faraj Pradhan,Female,35-44,Pune,Maharashtra,Loyal,2026-04-10
C02812,Ira Sarraf,Male,25-34,Bengaluru,Karnataka,New,2025-07-09
C02813,Amrita Mall,Male,25-34,Visakhapatnam,Andhra Pradesh,New,2023-11-25
C02814,Aarush Varty,Male,55+,Coimbatore,Tamil Nadu,Loyal,2024-07-16
C02815,Om Nayar,Female,18-24,Bhubaneswar,Odisha,Regular,2025-02-10
C02816,Warhi Kata,Male,35-44,Mumbai,Maharashtra,High Value,2025-12-28
C02817,Sanaya Kalla,Female,55+,Chennai,Tamil Nadu,Loyal,2024-08-11
C02818,Om Nayar,Male,35-44,Visakhapatnam,Andhra Pradesh,New,2025-02-09
C02819,Hritik Mitra,Female,18-24,Bhopal,Madhya Pradesh,Regular,2026-03-24
C02820,Urvashi Mammen,Male,35-44,Mumbai,Maharashtra,Regular,2024-12-19
C02821,Adya Batra,Male,45-54,Kochi,Kerala,Loyal,2026-06-02
C02822,Isaiah Tank,Male,35-44,Bengaluru,Karnataka,Regular,2025-03-17
C02823,Patrick Sagar,Female,45-54,Ahmedabad,Gujarat,Loyal,2024-09-10
C02824,Xiti Vohra,Female,35-44,Ahmedabad,Gujarat,Regular,2024-04-29
C02825,Kevin Mahajan,Female,18-24,Mysuru,Karnataka,Regular,2024-10-11
C02826,Yashica Amble,Male,18-24,Bengaluru,Karnataka,Regular,2024-09-18
C02827,Daksh Batta,Female,25-34,Jaipur,Rajasthan,Regular,2024-10-27
C02828,Robert Sekhon,Male,25-34,Bhubaneswar,Odisha,Regular,2025-02-01
C02829,Owen Dugar,Male,25-34,Madurai,Tamil Nadu,Regular,2025-12-21
C02830,Dhruv Bahl,Female,55+,Bhubaneswar,Odisha,Loyal,2024-05-08
C02831,Pranav Raghavan,Male,55+,Bhopal,Madhya Pradesh,Regular,2024-11-25
C02832,Aditya Kakar,Female,35-44,Bhopal,Madhya Pradesh,Regular,2025-07-16
C02833,Urishilla Shere,Female,25-34,Bhubaneswar,Odisha,Regular,2026-04-17
C02834,Raghav Sridhar,Male,45-54,Ahmedabad,Gujarat,Regular,2024-08-10
C02835,Ikshita Mannan,Male,45-54,Trichy,Tamil Nadu,Loyal,2025-05-19
C02836,Banjeet Yadav,Female,18-24,Kochi,Kerala,Regular,2025-09-28
C02837,Ridhi Dewan,Male,35-44,Bhopal,Madhya Pradesh,Regular,2025-10-15
C02838,Lekha Tank,Male,45-54,Visakhapatnam,Andhra Pradesh,Loyal,2024-09-12
C02839,Brinda Zachariah,Male,55+,Mumbai,Maharashtra,Regular,2023-09-21
C02840,Qarin Choudhury,Male,55+,Kochi,Kerala,Regular,2024-11-30
C02841,Vamakshi Malhotra,Female,35-44,Delhi,Delhi,New,2024-03-03
C02842,Divya Sood,Female,55+,Kochi,Kerala,High Value,2026-06-17
C02843,Vasudha Arya,Female,25-34,Bhubaneswar,Odisha,Loyal,2025-11-09
C02844,Shravya Srivastava,Male,25-34,Lucknow,Uttar Pradesh,New,2023-11-03
C02845,Yoshita Mani,Female,18-24,Pune,Maharashtra,New,2026-03-16
C02846,Jatin Dutt,Female,18-24,Coimbatore,Tamil Nadu,Regular,2025-04-01
C02847,Ekalinga Tailor,Male,55+,Madurai,Tamil Nadu,Loyal,2025-03-27
C02848,Aachal Narayanan,Female,35-44,Kolkata,West Bengal,New,2025-11-09
C02849,Vasudha Gole,Male,35-44,Patna,Bihar,New,2024-06-22
C02850,Isha Nanda,Male,18-24,Jaipur,Rajasthan,New,2023-08-29
C02851,Kavya Chokshi,Female,45-54,Ahmedabad,Gujarat,Regular,2024-01-25
C02852,Teerth Chaudhari,Female,45-54,Kochi,Kerala,Loyal,2025-06-02
C02853,Indali Sane,Male,25-34,Mysuru,Karnataka,Loyal,2026-04-19
C02854,Oscar Sampath,Female,45-54,Bhubaneswar,Odisha,Regular,2024-11-08
C02855,Orinder Karan,Male,55+,Lucknow,Uttar Pradesh,Loyal,2023-12-09
C02856,Edhitha Batra,Male,25-34,Pune,Maharashtra,Regular,2024-03-22
C02857,Harrison Gola,Male,55+,Jaipur,Rajasthan,Regular,2023-10-06
C02858,Lohit Karan,Female,35-44,Bhopal,Madhya Pradesh,Regular,2025-06-16
C02859,Mahika Rana,Male,25-34,Jaipur,Rajasthan,New,2026-01-07
C02860,Vedhika Dugar,Female,55+,Hyderabad,Telangana,Regular,2023-10-09
C02861,Jatin Bandi,Female,18-24,Visakhapatnam,Andhra Pradesh,Regular,2024-05-24
C02862,Rudra Bhatt,Male,35-44,Mysuru,Karnataka,Regular,2024-09-20
C02863,Leela Raju,Male,25-34,Lucknow,Uttar Pradesh,Regular,2025-09-16
C02864,Robert Chaudhari,Male,25-34,Pune,Maharashtra,Regular,2024-12-25
C02865,Neha Bobal,Male,25-34,Bengaluru,Karnataka,Regular,2025-01-07
C02866,Timothy Nair,Male,18-24,Bhopal,Madhya Pradesh,Regular,2025-05-13
C02867,Tanveer Bhatti,Male,18-24,Coimbatore,Tamil Nadu,Regular,2024-12-13
C02868,Yoshita Kata,Female,25-34,Chennai,Tamil Nadu,Regular,2025-04-30
C02869,Janya Kumar,Female,45-54,,Odisha,Regular,2025-12-16
C02870,Mitali Nayak,Female,18-24,Lucknow,Uttar Pradesh,Loyal,2023-10-17
C02871,Vasana Balay,Female,45-54,Trichy,Tamil Nadu,Regular,2024-06-23
C02872,Aradhana Loke,Male,35-44,Madurai,Tamil Nadu,Loyal,2025-10-28
C02873,Rohan Rana,Female,18-24,Trichy,Tamil Nadu,Loyal,2026-02-03
C02874,Viraj More,Male,35-44,Mumbai,Maharashtra,New,2023-11-03
C02875,Nathan Verma,Female,45-54,Jaipur,Rajasthan,Regular,2025-11-03
C02876,Kai Narain,Male,35-44,Bhopal,Madhya Pradesh,Loyal,2025-08-11
C02877,Aarini Dara,Female,18-24,Coimbatore,Tamil Nadu,Loyal,2025-12-18
C02878,Pranit Pau,Female,25-34,Bhopal,Madhya Pradesh,Loyal,2024-11-04
C02879,Pranav Tella,Male,25-34,Coimbatore,Tamil Nadu,New,2024-05-13
C02880,Xalak Kaul,Male,25-34,Kolkata,West Bengal,Regular,2024-10-31
C02881,Kiaan Acharya,Female,25-34,Bengaluru,Karnataka,Loyal,2025-08-23
C02882,Panini Vora,Male,25-34,Delhi,Delhi,Regular,2026-02-08
C02883,Dayamai Seshadri,Male,18-24,Madurai,Tamil Nadu,Regular,2023-11-16
C02884,Saanvi Choudhary,Male,25-34,Indore,Madhya Pradesh,New,2025-12-21
C02885,Ojasvi Dara,Female,55+,Pune,Maharashtra,Regular,2024-12-04
C02886,Maanav Parikh,Female,55+,Ahmedabad,Gujarat,Regular,2024-12-08
C02887,Dhriti Bhatt,Female,25-34,Mysuru,Karnataka,Loyal,2026-01-16
C02888,Gopal Radhakrishnan,Female,45-54,Indore,Madhya Pradesh,Regular,2025-09-12
C02889,Priya Maharaj,Female,35-44,Patna,Bihar,New,2025-03-03
C02890,Zayyan Ratti,Female,45-54,Trichy,Tamil Nadu,High Value,2026-04-28
C02891,Ijaya Mitter,Male,45-54,Jaipur,Rajasthan,New,2024-09-19
C02892,Yash Talwar,Female,18-24,Lucknow,Uttar Pradesh,Regular,2025-02-13
C02893,Kevin Tata,Male,45-54,Kolkata,West Bengal,Loyal,2026-02-05
C02894,Yuvraj Kala,Female,25-34,Indore,Madhya Pradesh,New,2025-06-20
C02895,Warda Vala,Male,45-54,Pune,Maharashtra,New,2025-09-18
C02896,Kiaan Hayre,Female,35-44,Jaipur,Rajasthan,Regular,2025-05-01
C02897,Zehaan Shankar,Female,45-54,Lucknow,Uttar Pradesh,Regular,2024-04-22
C02898,Isaac Sarma,Female,45-54,Coimbatore,Tamil Nadu,Loyal,2024-07-31
C02899,Sarthak Shetty,Male,35-44,Jaipur,Rajasthan,Regular,2025-08-31
C02900,Tara Borde,Male,55+,Mumbai,Maharashtra,Regular,2024-01-22
C02901,Gopal Chanda,Female,25-34,Trichy,Tamil Nadu,Regular,2025-11-28
C02902,Caleb Bir,Male,45-54,Chennai,Tamil Nadu,New,2025-04-27
C02903,Warjas Borra,Female,55+,Jaipur,Rajasthan,New,2023-11-11
C02904,Hitesh Kanda,Male,35-44,Coimbatore,Tamil Nadu,Regular,2025-08-29
C02905,Aarush Oza,Female,25-34,Mysuru,Karnataka,Regular,2024-05-09
C02906,Gabriel Dar,Female,35-44,Mysuru,Karnataka,Regular,2025-09-04
C02907,Avi Yogi,Male,18-24,Patna,Bihar,New,2026-03-09
C02908,Chaaya Jayaraman,Male,55+,Chennai,Tamil Nadu,Regular,2024-03-09
C02909,Ekiya Bhagat,Male,25-34,Indore,Madhya Pradesh,Regular,2026-02-07
C02910,Ikbal Khosla,Male,25-34,Chennai,Tamil Nadu,New,2025-08-27
C02911,Pranit Gola,Female,45-54,Trichy,Tamil Nadu,New,2025-02-11
C02912,Zilmil Chawla,Male,18-24,Pune,Maharashtra,New,2025-02-19
C02913,Vritti Yogi,Male,18-24,Kochi,Kerala,Loyal,2025-12-07
C02914,Yashasvi Gour,Male,18-24,Patna,Bihar,Loyal,2025-01-12
C02915,Sara Boase,Male,55+,Kolkata,West Bengal,Loyal,2025-12-04
C02916,Mekhala Din,Female,55+,Jaipur,Rajasthan,Loyal,2024-10-04
C02917,Chakradev Choudhary,Female,45-54,Delhi,Delhi,Regular,2025-04-17
C02918,Anika Aggarwal,Female,45-54,Pune,Maharashtra,Regular,2025-02-01
C02919,Daniel Nagi,Male,45-54,Madurai,Tamil Nadu,Regular,2024-12-01
C02920,Tamanna Arora,Female,55+,Indore,Madhya Pradesh,Regular,2026-04-21
C02921,Rayaan Deshpande,Male,45-54,Kolkata,West Bengal,Loyal,2025-12-07
C02922,Nitara Das,Male,45-54,Ahmedabad,Gujarat,Regular,2026-02-09
C02923,Yatan Sur,Female,25-34,Chennai,Tamil Nadu,Regular,2025-02-27
C02924,Ishaan Basak,Male,35-44,Indore,Madhya Pradesh,Regular,2024-12-09
C02925,Hemangini Sama,Male,55+,Madurai,Tamil Nadu,New,2023-08-22
C02926,Vansha Sami,Male,18-24,Indore,Madhya Pradesh,New,2024-05-02
C02927,Frederick Agarwal,Female,55+,Visakhapatnam,Andhra Pradesh,Loyal,2023-10-19
C02928,Samuel Palan,Male,18-24,Bhubaneswar,Odisha,Loyal,2024-08-10
C02929,Zarna Chad,Female,35-44,Pune,Maharashtra,Loyal,2025-04-08
C02930,Ranbir Gulati,Male,35-44,Bengaluru,Karnataka,Regular,2024-01-28
C02931,Gavin Zacharia,Female,18-24,Visakhapatnam,Andhra Pradesh,Regular,2024-01-05
C02932,Yashodhara Grewal,Female,55+,Hyderabad,Telangana,Regular,2026-06-09
C02933,Meera Lad,Female,45-54,Mumbai,Maharashtra,Loyal,2024-03-17
C02934,Nitara Natarajan,Male,18-24,Bhopal,Madhya Pradesh,Regular,2025-07-03
C02935,Krishna Vaidya,Female,25-34,Madurai,Tamil Nadu,Loyal,2024-07-30
C02936,Fiyaz Dewan,Male,25-34,Mysuru,Karnataka,New,2025-02-06
C02937,Janani Dani,Male,45-54,Trichy,Tamil Nadu,Regular,2025-01-19
C02938,Benjamin Dara,Female,25-34,Bhopal,Madhya Pradesh,Loyal,2025-05-09
C02939,Tanay Varghese,Female,45-54,Patna,Bihar,New,2025-01-11
C02940,Omaja Bali,Female,35-44,Trichy,Tamil Nadu,Loyal,2026-02-02
C02941,Yatan Kari,Female,55+,Pune,Maharashtra,Loyal,2026-06-01
C02942,Banjeet Hegde,Male,25-34,Bhubaneswar,Odisha,Regular,2026-02-10
C02943,Meera Dass,Female,55+,Hyderabad,Telangana,Regular,2023-11-12
C02944,Mohammed Mander,Female,25-34,Indore,Madhya Pradesh,Loyal,2026-01-03
C02945,Ansh Gulati,Male,55+,Bengaluru,Karnataka,Loyal,2025-06-07
C02946,David Mangal,Male,35-44,Indore,Madhya Pradesh,Regular,2025-04-09
C02947,Bishakha Venkataraman,Female,18-24,Bengaluru,Karnataka,High Value,2023-10-03
C02948,Pushti Talwar,Female,25-34,Chennai,Tamil Nadu,New,2023-12-02
C02949,Tanmayi Mall,Female,35-44,Trichy,Tamil Nadu,New,2025-01-10
C02950,Avni Sood,Female,55+,Visakhapatnam,Andhra Pradesh,New,2026-06-08
C02951,Devika Joshi,Male,35-44,Ahmedabad,Gujarat,Regular,2026-07-02
C02952,Sanaya Chana,Female,35-44,Hyderabad,Telangana,Loyal,2025-08-14
C02953,Pushti Loyal,Female,35-44,Kochi,Kerala,Regular,2023-08-30
C02954,Chakradev Menon,Female,55+,Kolkata,West Bengal,Regular,2026-01-18
C02955,Ayush Balakrishnan,Male,55+,Hyderabad,Telangana,New,2025-06-10
C02956,Triya Om,Female,25-34,Hyderabad,Telangana,Regular,2025-06-17
C02957,Pushti Chanda,Male,55+,Trichy,Tamil Nadu,Regular,2026-02-07
C02958,Sachi Kunda,Female,55+,Kolkata,West Bengal,Loyal,2026-05-15
C02959,Ladli Khalsa,Female,55+,Bhubaneswar,Odisha,Regular,2025-01-01
C02960,Mugdha Bhatia,Male,25-34,Indore,Madhya Pradesh,New,2025-06-19
C02961,Charvi Guha,Male,18-24,Mumbai,Maharashtra,Loyal,2025-11-25
C02962,Upadhriti Lall,Male,25-34,Visakhapatnam,Andhra Pradesh,New,2025-01-18
C02963,Anmol Sood,Female,18-24,Chennai,Tamil Nadu,Loyal,2025-04-18
C02964,Yashawini Thaman,Male,55+,Coimbatore,Tamil Nadu,Loyal,2023-10-15
C02965,Chatura Chowdhury,Female,35-44,Kochi,Kerala,Regular,2023-12-23
C02966,Manya Balakrishnan,Male,55+,Trichy,Tamil Nadu,Regular,2024-03-20
C02967,Forum Baral,Female,35-44,Kolkata,West Bengal,Regular,2025-10-26
C02968,Rayaan Rajagopal,Female,55+,Bhopal,Madhya Pradesh,New,2023-08-26
C02969,Bhavini Tata,Male,25-34,Visakhapatnam,Andhra Pradesh,Loyal,2025-12-05
C02970,Balendra Brahmbhatt,Male,45-54,Pune,Maharashtra,Regular,2024-08-11
C02971,Nitesh Krishnan,Female,18-24,Indore,Madhya Pradesh,Regular,2024-07-24
C02972,Frado Rajagopal,Female,25-34,Kochi,Kerala,New,2024-07-14
C02973,Qushi Lalla,Female,35-44,Ahmedabad,Gujarat,Loyal,2025-04-18
C02974,Eshana Tara,Male,45-54,Hyderabad,Telangana,Regular,2025-12-05
C02975,Neha Kalita,Male,45-54,Chennai,Tamil Nadu,Regular,2025-05-18
C02976,Ekta Parikh,Male,55+,Hyderabad,Telangana,Regular,2026-05-17
C02977,Zansi Varkey,Female,35-44,Trichy,Tamil Nadu,Regular,2025-05-30
C02978,Frado Mahal,Female,18-24,Chennai,Tamil Nadu,Regular,2025-07-05
C02979,Logan Gera,Female,18-24,Indore,Madhya Pradesh,High Value,2026-06-09
C02980,Harinakshi Hari,Female,18-24,Pune,Maharashtra,High Value,2025-11-25
C02981,Edhitha Devan,Female,55+,Chennai,Tamil Nadu,Regular,2025-04-19
C02982,Avni Sehgal,Male,45-54,Indore,Madhya Pradesh,Loyal,2024-01-28
C02983,Faris Chawla,Male,18-24,Patna,Bihar,Regular,2024-08-15
C02984,Arya Kaul,Male,25-34,Visakhapatnam,Andhra Pradesh,Loyal,2023-09-14
C02985,Lavanya Parmar,Male,45-54,Bengaluru,Karnataka,Loyal,2025-08-26
C02986,Darsh Sarraf,Male,45-54,Trichy,Tamil Nadu,Regular,2026-03-10
C02987,Azaan Bali,Female,18-24,Coimbatore,Tamil Nadu,Loyal,2024-02-26
C02988,Osha Bora,Male,55+,Pune,Maharashtra,Loyal,2025-11-11
C02989,Aarnav Kohli,Female,25-34,Jaipur,Rajasthan,Loyal,2025-03-10
C02990,Krishna Nair,Female,55+,Bhubaneswar,Odisha,New,2025-07-12
C02991,Dominic Tailor,Female,18-24,Kolkata,West Bengal,New,2025-12-05
C02992,Amara Krishnan,Male,35-44,Bhopal,Madhya Pradesh,New,2025-08-24
C02993,Lajita Gulati,Male,35-44,Lucknow,Uttar Pradesh,Regular,2026-01-22
C02994,Hemang Andra,Female,25-34,Bhopal,Madhya Pradesh,Regular,2025-01-09
C02995,Devika Bakshi,Female,35-44,Chennai,Tamil Nadu,Regular,2023-11-15
C02996,Hemangini Mani,Female,45-54,Trichy,Tamil Nadu,Regular,2025-06-12
C02997,Yamini Zachariah,Female,18-24,Madurai,Tamil Nadu,New,2025-12-30
C02998,Wahab Sarraf,Male,18-24,Madurai,Tamil Nadu,New,2024-08-13
C02999,Samarth Dugar,Male,25-34,Bhubaneswar,Odisha,Loyal,2025-09-16
C03000,Noah Borah,Female,45-54,Hyderabad,Telangana,New,2025-09-30
C03001,Ucchal Chadha,Female,25-34,Mumbai,Maharashtra,Loyal,2026-05-22
C03002,Rishi Kothari,Female,18-24,Bengaluru,Karnataka,Regular,2023-09-08
C03003,Orinder Sachdev,Male,35-44,Delhi,Delhi,New,2025-07-23
C03004,Devika Bedi,Female,25-34,Jaipur,Rajasthan,Loyal,2026-05-17
C03005,Luke Panchal,Male,25-34,Pune,Maharashtra,High Value,2024-05-12
C03006,Kamala Bala,Female,35-44,Pune,Maharashtra,New,2026-06-11
C03007,Aarini Agrawal,Female,35-44,Ahmedabad,Gujarat,Loyal,2024-06-23
C03008,Harish Subramanian,Female,25-34,Bhopal,Madhya Pradesh,New,2025-02-11
C03009,Raksha Khatri,Female,25-34,Bhubaneswar,Odisha,Regular,2025-07-30
C03010,Jackson Magar,Female,35-44,Hyderabad,Telangana,Regular,2025-12-03
C03011,Yug Saxena,Male,35-44,Delhi,Delhi,Regular,2025-05-06
C03012,Vamakshi Raman,Female,18-24,Bhopal,Madhya Pradesh,Regular,2023-12-10
C03013,Frado Choudhry,Female,25-34,Hyderabad,Telangana,Regular,2024-10-14
C03014,Bina Menon,Male,55+,Coimbatore,Tamil Nadu,Regular,2025-05-22
C03015,Saumya Kar,Female,25-34,Mysuru,Karnataka,Regular,2026-01-20
C03016,Charvi Mistry,Female,55+,Jaipur,Rajasthan,Regular,2024-07-15
C03017,Ekta Halder,Male,35-44,Bhubaneswar,Odisha,Loyal,2024-04-06
C03018,Ikshita Chahal,Male,25-34,Ahmedabad,Gujarat,Regular,2026-04-28
C03019,Charles Munshi,Female,18-24,Jaipur,Rajasthan,New,2024-04-22
C03020,Ira Sidhu,Female,25-34,Ahmedabad,Gujarat,Regular,2024-02-27
C03021,Yug Ganesan,Male,45-54,Mysuru,Karnataka,Loyal,2024-05-25
C03022,Inaya Majumdar,Female,45-54,Lucknow,Uttar Pradesh,Regular,2025-11-11
C03023,Saksham Modi,Female,35-44,Mumbai,Maharashtra,Regular,2023-08-16
C03024,Zansi Koshy,Female,35-44,Indore,Madhya Pradesh,New,2024-02-01
C03025,Krish Wable,Male,45-54,Mumbai,Maharashtra,Regular,2026-03-22
C03026,Yatan Mittal,Female,55+,Pune,Maharashtra,New,2026-03-19
C03027,Dipta Rajagopal,Male,35-44,Bhopal,Madhya Pradesh,Loyal,2024-08-31
C03028,Lakshmi Madan,Male,55+,Bhopal,Madhya Pradesh,Loyal,2025-01-25
C03029,Upkaar Garg,Female,18-24,Bengaluru,Karnataka,High Value,2024-10-23
C03030,Balhaar Mittal,Male,35-44,Delhi,Delhi,Regular,2025-07-11
C03031,Jacob Randhawa,Female,18-24,Mysuru,Karnataka,Regular,2024-09-21
C03032,Charita Sinha,Male,35-44,Hyderabad,Telangana,Regular,2024-11-16
C03033,Wakeeta Raval,Male,25-34,Mysuru,Karnataka,Regular,2024-05-12
C03034,Chameli Balay,Male,55+,Mumbai,Maharashtra,Loyal,2023-12-03
C03035,Ishani Choudhary,Male,45-54,Ahmedabad,Gujarat,New,2024-09-27
C03036,Kamala Bala,Female,55+,Trichy,Tamil Nadu,Regular,2026-02-18
C03037,Wridesh Oza,Female,45-54,Hyderabad,Telangana,Loyal,2024-07-14
C03038,Chaitanya Chandran,Male,45-54,Mumbai,Maharashtra,New,2026-02-21
C03039,Pranav Karan,Female,35-44,Bengaluru,Karnataka,Loyal,2025-08-18
C03040,Warhi Dayal,Female,55+,Kochi,Kerala,New,2026-01-02
C03041,Arin Chandran,Male,25-34,Indore,Madhya Pradesh,Loyal,2025-08-25
C03042,Caleb Rama,Male,35-44,Mysuru,Karnataka,Regular,2023-11-05
C03043,Jack Bobal,Male,55+,Bhopal,Madhya Pradesh,Regular,2024-09-17
C03044,Yasti Choudhury,Male,25-34,Kolkata,West Bengal,New,2025-06-19
C03045,Niharika Rajagopal,Male,25-34,Hyderabad,Telangana,Regular,2025-11-12
C03046,Balvan Bansal,Female,45-54,Madurai,Tamil Nadu,Regular,2025-05-02
C03047,Qushi Tripathi,Male,35-44,Kochi,Kerala,Regular,2024-08-05
C03048,Tanveer Palla,Male,35-44,Indore,Madhya Pradesh,High Value,2024-02-01
C03049,Sai Bakshi,Male,25-34,Kochi,Kerala,Regular,2023-10-20
C03050,Bhavani Vig,Male,45-54,Bhopal,Madhya Pradesh,Loyal,2024-07-14
C03051,Chandani Trivedi,Male,45-54,Ahmedabad,Gujarat,Loyal,2023-10-06
C03052,Gagan Chand,Male,35-44,Chennai,Tamil Nadu,New,2024-03-03
C03053,Udarsh Sarraf,Female,45-54,Bhopal,Madhya Pradesh,New,2026-03-04
C03054,Rachit Mukherjee,Female,18-24,Kolkata,West Bengal,Regular,2024-11-21
C03055,Vansha Babu,Male,55+,Pune,Maharashtra,Loyal,2024-08-24
C03056,Yadavi Garg,Female,45-54,Lucknow,Uttar Pradesh,Loyal,2025-05-10
C03057,Lohit Suresh,Female,18-24,Patna,Bihar,Loyal,2026-05-15
C03058,Om Natt,Female,18-24,Kochi,Kerala,New,2026-03-21
C03059,Watika Naik,Female,25-34,Jaipur,Rajasthan,Regular,2026-04-21
C03060,Ekanta Rastogi,Female,45-54,Visakhapatnam,Andhra Pradesh,New,2026-06-10
C03061,Chavvi Brahmbhatt,Male,18-24,Delhi,Delhi,Loyal,2023-10-09
C03062,Rohan Bhatt,Female,18-24,Lucknow,Uttar Pradesh,Loyal,2024-05-22
C03063,Vritti Vaidya,Female,45-54,Ahmedabad,Gujarat,Regular,2025-08-23
C03064,Kamya Chahal,Male,55+,Delhi,Delhi,Regular,2025-05-05
C03065,Guneet Gara,Female,45-54,Delhi,Delhi,New,2026-04-01
C03066,Aditya Gour,Female,18-24,Jaipur,Rajasthan,Regular,2025-01-12
C03067,Logan Loyal,Male,55+,Ahmedabad,Gujarat,Loyal,2026-02-19
C03068,Dhriti Banerjee,Male,18-24,Mumbai,Maharashtra,Regular,2025-09-19
C03069,Hitesh Khanna,Male,45-54,Bengaluru,Karnataka,Regular,2024-02-09
C03070,Sudiksha Bera,Female,45-54,Pune,Maharashtra,Regular,2024-05-26
C03071,Qarin Sampath,Female,18-24,,Maharashtra,New,2025-08-02
C03072,Caleb Madan,Male,25-34,Ahmedabad,Gujarat,Regular,2025-02-06
C03073,Omisha Nagy,Female,55+,Trichy,Tamil Nadu,High Value,2026-06-18
C03074,Tanish Iyer,Female,35-44,Madurai,Tamil Nadu,Regular,2024-10-21
C03075,Lucky Bava,Male,35-44,Chennai,Tamil Nadu,Loyal,2024-06-15
C03076,Lipika Patil,Female,18-24,Madurai,Tamil Nadu,Loyal,2025-09-17
C03077,Pranav Balan,Female,35-44,Bhubaneswar,Odisha,Regular,2026-03-11
C03078,Zashil Bhandari,Male,18-24,Patna,Bihar,Regular,2024-04-26
C03079,Arya Sheth,Male,45-54,Indore,Madhya Pradesh,Regular,2024-01-02
C03080,Isha Mahal,Female,55+,Mysuru,Karnataka,Regular,2025-07-20
C03081,Nikita Krishnamurthy,Female,25-34,Visakhapatnam,Andhra Pradesh,Regular,2025-02-08
C03082,Amara Datta,Male,45-54,Pune,Maharashtra,Regular,2025-11-27
C03083,Adya Mohanty,Male,35-44,Kochi,Kerala,Regular,2026-03-28
C03084,Manthan Kapur,Female,18-24,Visakhapatnam,Andhra Pradesh,Regular,2023-09-03
C03085,Madhavi Chadha,Female,25-34,Chennai,Tamil Nadu,New,2026-01-16
C03086,Jonathan Sarin,Female,55+,Delhi,Delhi,Regular,2024-07-12
C03087,Kritika Borra,Female,55+,Visakhapatnam,Andhra Pradesh,Regular,2024-05-22
C03088,Quincy Gole,Male,35-44,Patna,Bihar,Regular,2025-01-02
C03089,Advika Sem,Female,25-34,Ahmedabad,Gujarat,Regular,2024-12-01
C03090,Yochana Parmer,Male,55+,Indore,Madhya Pradesh,Regular,2024-12-27
C03091,Nicholas Dass,Female,45-54,Kolkata,West Bengal,New,2024-04-07
C03092,Varenya Yogi,Male,45-54,Bhubaneswar,Odisha,Regular,2024-11-20
C03093,Raksha Comar,Male,25-34,Ahmedabad,Gujarat,Loyal,2024-04-24
C03094,Noah Ganesh,Female,35-44,Bhopal,Madhya Pradesh,Regular,2024-04-23
C03095,Ishaan Agate,Female,45-54,Jaipur,Rajasthan,New,2024-02-26
C03096,Ridhi Kapadia,Male,55+,Visakhapatnam,Andhra Pradesh,Regular,2024-04-19
C03097,Bhavika Ahuja,Female,18-24,Kochi,Kerala,Loyal,2024-06-24
C03098,Yasti Sridhar,Female,25-34,Delhi,Delhi,Regular,2024-03-01
C03099,Alka Sachdeva,Male,45-54,Patna,Bihar,Regular,2026-05-21
C03100,Yochana Ahuja,Male,45-54,Trichy,Tamil Nadu,Regular,2025-04-23
C03101,Prisha Iyer,Female,25-34,Trichy,Tamil Nadu,Loyal,2025-08-20
C03102,Yachana Tella,Female,35-44,Kolkata,West Bengal,Loyal,2025-12-23
C03103,Advika Lala,Female,35-44,Kochi,Kerala,Loyal,2026-01-07
C03104,Hiral Kata,Female,55+,Trichy,Tamil Nadu,Regular,2024-02-05
C03105,Hitesh Pathak,Male,45-54,Kolkata,West Bengal,Regular,2025-08-30
C03106,Anusha Pau,Female,45-54,Lucknow,Uttar Pradesh,New,2024-09-26
C03107,Elijah Jani,Female,35-44,Mysuru,Karnataka,New,2024-06-08
C03108,Meera Soni,Female,25-34,Jaipur,Rajasthan,Regular,2024-06-26
C03109,Zilmil Malhotra,Female,55+,Trichy,Tamil Nadu,Regular,2024-12-21
C03110,Gaurang Kulkarni,Female,25-34,Kochi,Kerala,Regular,2024-01-21
C03111,Rachit Pillai,Male,25-34,Visakhapatnam,Andhra Pradesh,Regular,2025-08-26
C03112,Lajita Sha,Male,55+,Bhopal,Madhya Pradesh,Regular,2024-06-29
C03113,Udant Dube,Male,35-44,Kochi,Kerala,Regular,2024-08-03
C03114,Frederick Desai,Female,18-24,Mysuru,Karnataka,High Value,2026-06-01
C03115,Indrajit Chada,Female,55+,Chennai,Tamil Nadu,Regular,2024-09-29
C03116,Teerth Pandya,Male,45-54,Hyderabad,Telangana,Regular,2024-05-12
C03117,Osha Bali,Male,45-54,Mumbai,Maharashtra,Loyal,2024-10-05
C03118,Tara Chatterjee,Female,25-34,Hyderabad,Telangana,Regular,2024-12-15
C03119,Ekavir Chhabra,Male,55+,Chennai,Tamil Nadu,Regular,2024-06-26
C03120,Ayushman Lala,Female,25-34,Mumbai,Maharashtra,Loyal,2024-01-02
C03121,Mason Chahal,Male,55+,Lucknow,Uttar Pradesh,Loyal,2026-04-24
C03122,Avni Morar,Male,45-54,Mysuru,Karnataka,Loyal,2024-06-15
C03123,Yutika Sehgal,Male,18-24,Madurai,Tamil Nadu,Regular,2025-04-25
C03124,Indira Banerjee,Female,45-54,Kochi,Kerala,New,2024-11-18
C03125,Aashi Oak,Female,55+,Kochi,Kerala,New,2024-02-28
C03126,Tamanna Khalsa,Male,45-54,Visakhapatnam,Andhra Pradesh,Regular,2024-05-18
C03127,Jalsa Prabhakar,Female,45-54,Coimbatore,Tamil Nadu,Loyal,2026-04-26
C03128,Sneha Rege,Female,45-54,Coimbatore,Tamil Nadu,Loyal,2023-09-06
C03129,Tanvi Som,Female,45-54,Bhopal,Madhya Pradesh,Loyal,2024-12-15
C03130,Ranveer Sawhney,Male,35-44,Trichy,Tamil Nadu,Loyal,2023-11-26
C03131,Dayamai Varghese,Male,25-34,Bhubaneswar,Odisha,Regular,2025-07-13
C03132,Victor Narasimhan,Male,25-34,Jaipur,Rajasthan,Loyal,2024-09-04
C03133,William Parsa,Female,18-24,Hyderabad,Telangana,Regular,2023-11-17
C03134,Ranveer Ghosh,Female,45-54,Madurai,Tamil Nadu,Loyal,2024-04-22
C03135,Alexander Trivedi,Female,35-44,Pune,Maharashtra,Regular,2024-12-18
C03136,Chaman Purohit,Female,35-44,Jaipur,Rajasthan,Regular,2025-01-02
C03137,Osha Deep,Male,25-34,Visakhapatnam,Andhra Pradesh,New,2024-08-14
C03138,Neha Sur,Male,25-34,Delhi,Delhi,Loyal,2024-10-02
C03139,Krishna Palan,Female,35-44,Bhubaneswar,Odisha,Regular,2023-12-21
C03140,Joshua Dave,Female,45-54,Mysuru,Karnataka,Loyal,2025-10-07
C03141,Ryan Maharaj,Male,25-34,Delhi,Delhi,New,2025-11-28
C03142,Krishna Thakur,Female,35-44,Delhi,Delhi,Regular,2023-10-16
C03143,Mugdha Bala,Male,55+,Chennai,Tamil Nadu,Regular,2025-05-20
C03144,Eesha Pandey,Male,35-44,Bhubaneswar,Odisha,Regular,2026-07-01
C03145,Frederick Shukla,Female,45-54,Bhopal,Madhya Pradesh,Regular,2025-12-06
C03146,Dayamai Dhillon,Female,25-34,Mysuru,Karnataka,Regular,2026-05-01
C03147,Laban Prabhakar,Female,55+,,Madhya Pradesh,Regular,2025-06-11
C03148,Bimala Pillai,Male,55+,Indore,Madhya Pradesh,Regular,2024-02-25
C03149,Chasmum Chakrabarti,Female,18-24,Indore,Madhya Pradesh,Regular,2024-02-07
C03150,Victor Taneja,Female,25-34,Madurai,Tamil Nadu,Regular,2023-10-15
C03151,Ria Grewal,Male,35-44,Mumbai,Maharashtra,Regular,2025-01-09
C03152,Ayushman Reddy,Male,35-44,Trichy,Tamil Nadu,Regular,2025-09-12
C03153,Fitan Buch,Male,55+,Bhubaneswar,Odisha,Loyal,2024-09-01
C03154,Lopa Kala,Female,18-24,Hyderabad,Telangana,Regular,2026-07-09
C03155,Rajeshri Pau,Female,55+,Trichy,Tamil Nadu,New,2025-02-01
C03156,Falguni Nath,Male,18-24,Patna,Bihar,Regular,2026-05-24
C03157,Lopa Kant,Male,25-34,Bhopal,Madhya Pradesh,Regular,2024-05-21
C03158,Sanaya Balasubramanian,Male,25-34,Mysuru,Karnataka,Regular,2024-04-19
C03159,Hemani Sidhu,Male,18-24,Lucknow,Uttar Pradesh,High Value,2023-09-25
C03160,Bimala Sangha,Female,18-24,Pune,Maharashtra,Loyal,2026-02-02
C03161,Ishani Panchal,Male,55+,Madurai,Tamil Nadu,Regular,2023-08-12
C03162,Chandresh Balay,Male,25-34,Hyderabad,Telangana,Regular,2025-08-18
C03163,Meghana Dey,Female,45-54,Bhubaneswar,Odisha,New,2023-09-16
C03164,Ekbal Srinivasan,Female,18-24,Coimbatore,Tamil Nadu,New,2023-09-08
C03165,Bhanumati Saxena,Female,18-24,Trichy,Tamil Nadu,Regular,2026-06-01
C03166,Azad Sood,Male,55+,Trichy,Tamil Nadu,Regular,2024-06-25
C03167,Daksha Jani,Male,55+,Bhubaneswar,Odisha,Regular,2024-02-02
C03168,Meghana Dhingra,Female,25-34,Trichy,Tamil Nadu,Regular,2025-06-06
C03169,Nakul Pant,Female,18-24,Visakhapatnam,Andhra Pradesh,Regular,2026-02-19
C03170,Champak Lata,Female,45-54,Kochi,Kerala,Regular,2025-08-29
C03171,Sarthak Bala,Female,55+,Jaipur,Rajasthan,Regular,2024-12-06
C03172,Shivansh Borde,Female,55+,Delhi,Delhi,Regular,2026-02-08
C03173,Faras Chad,Female,45-54,Pune,Maharashtra,New,2025-11-11
C03174,Zayan Hegde,Female,18-24,Mysuru,Karnataka,Regular,2024-12-20
C03175,Ekaraj Seshadri,Female,45-54,Bhopal,Madhya Pradesh,New,2025-05-08
C03176,Varsha Choudhury,Female,35-44,Madurai,Tamil Nadu,New,2024-10-20
C03177,Rehaan Parekh,Female,55+,Lucknow,Uttar Pradesh,Loyal,2023-09-07
C03178,Aahana Narasimhan,Male,25-34,Hyderabad,Telangana,Regular,2026-04-25
C03179,Zilmil Gaba,Female,35-44,Bhopal,Madhya Pradesh,Loyal,2024-01-02
C03180,Januja Aurora,Male,35-44,Indore,Madhya Pradesh,Loyal,2025-08-17
C03181,Ekiya Salvi,Male,35-44,Hyderabad,Telangana,New,2025-12-11
C03182,Jai Goel,Male,25-34,Kolkata,West Bengal,Regular,2025-10-21
C03183,Jeevika Mody,Female,55+,Mysuru,Karnataka,High Value,2025-07-03
C03184,Gabriel Apte,Female,35-44,Visakhapatnam,Andhra Pradesh,Regular,2025-03-23
C03185,Rishi Batta,Female,35-44,Pune,Maharashtra,Regular,2026-06-06
C03186,Devansh Sabharwal,Female,35-44,Delhi,Delhi,Loyal,2024-08-28
C03187,Rachit Venkataraman,Female,35-44,Jaipur,Rajasthan,Regular,2023-09-07
C03188,Warjas Pal,Female,18-24,Kolkata,West Bengal,Loyal,2025-02-09
C03189,Yashvi Tailor,Male,45-54,Kolkata,West Bengal,Regular,2023-12-18
C03190,Nandini Khosla,Female,35-44,Bengaluru,Karnataka,New,2024-12-15
C03191,Kritika Krishnan,Male,35-44,Hyderabad,Telangana,Regular,2025-03-02
C03192,Ijaya Bedi,Male,35-44,Ahmedabad,Gujarat,Regular,2024-09-15
C03193,Tristan Maharaj,Female,55+,Kolkata,West Bengal,Regular,2024-05-31
C03194,Charles Suresh,Male,55+,Hyderabad,Telangana,Regular,2023-09-23
C03195,Priya Pall,Male,18-24,Pune,Maharashtra,Regular,2024-03-31
C03196,Anika Minhas,Female,55+,Jaipur,Rajasthan,Regular,2025-03-19
C03197,Yashasvi Keer,Female,45-54,Coimbatore,Tamil Nadu,Regular,2023-11-24
C03198,Jai Tella,Female,18-24,Visakhapatnam,Andhra Pradesh,New,2026-03-12
C03199,Avi Gera,Female,55+,Jaipur,Rajasthan,Regular,2024-08-30
C03200,Samar Edwin,Male,45-54,Delhi,Delhi,New,2026-04-02
C03201,Fariq Shanker,Female,45-54,Madurai,Tamil Nadu,Loyal,2026-05-24
C03202,Bhanumati Munshi,Female,55+,Bengaluru,Karnataka,New,2024-09-10
C03203,Veer Dey,Female,25-34,Madurai,Tamil Nadu,Regular,2024-02-05
C03204,Riya Yohannan,Female,55+,Patna,Bihar,Regular,2024-01-20
C03205,Patrick Pant,Male,25-34,Delhi,Delhi,Loyal,2026-07-10
C03206,Amrita Choudhury,Female,35-44,Madurai,Tamil Nadu,Loyal,2025-01-24
C03207,Baljiwan Babu,Male,25-34,Lucknow,Uttar Pradesh,Regular,2026-02-23
C03208,George Vyas,Female,35-44,Mumbai,Maharashtra,Regular,2025-07-12
C03209,Warjas Lad,Female,55+,Pune,Maharashtra,Loyal,2025-08-15
C03210,Kiaan Joshi,Male,18-24,Chennai,Tamil Nadu,Regular,2023-09-15
C03211,Hemani Kanda,Female,45-54,Kochi,Kerala,Loyal,2024-05-10
C03212,Tejas Mannan,Male,55+,Bhopal,Madhya Pradesh,Regular,2026-02-17
C03213,Zarna Devi,Female,18-24,Bhubaneswar,Odisha,High Value,2025-01-19
C03214,Ekalinga Ratti,Female,35-44,Jaipur,Rajasthan,Regular,2026-04-25
C03215,Bishakha Mane,Male,55+,Madurai,Tamil Nadu,New,2024-11-11
C03216,Yashodhara Kade,Male,55+,Patna,Bihar,New,2023-08-19
C03217,Henry Nadkarni,Male,55+,Bhopal,Madhya Pradesh,Loyal,2024-01-19
C03218,Ekalinga Sarna,Male,18-24,Visakhapatnam,Andhra Pradesh,Loyal,2024-08-03
C03219,Azad Mani,Female,45-54,Kochi,Kerala,Regular,2025-09-13
C03220,Omya Baral,Female,18-24,Bengaluru,Karnataka,New,2026-04-27
C03221,Netra Mahal,Female,45-54,Bhubaneswar,Odisha,Regular,2024-04-30
C03222,Lopa Datta,Male,45-54,Kochi,Kerala,Regular,2025-12-30
C03223,Ishani Bedi,Female,18-24,Chennai,Tamil Nadu,New,2025-08-09
C03224,Gayathri Saini,Female,25-34,Jaipur,Rajasthan,Regular,2025-07-31
C03225,Ishwar Barad,Female,55+,Mumbai,Maharashtra,Regular,2026-02-05
C03226,Ekaraj Sarraf,Female,55+,Hyderabad,Telangana,New,2026-01-28
C03227,George Venkatesh,Male,35-44,Bengaluru,Karnataka,New,2025-10-07
C03228,Chatresh Krish,Male,25-34,Chennai,Tamil Nadu,Regular,2024-02-26
C03229,Raksha Srinivas,Female,35-44,Madurai,Tamil Nadu,Loyal,2024-11-20
C03230,Ekavir Kunda,Male,35-44,Hyderabad,Telangana,New,2024-09-21
C03231,Chasmum Patil,Male,25-34,Pune,Maharashtra,Loyal,2023-10-21
C03232,Vasana Basak,Male,45-54,Chennai,Tamil Nadu,New,2025-01-17
C03233,Bhavna Kurian,Male,45-54,Kolkata,West Bengal,Loyal,2023-09-17
C03234,Dipta Baria,Female,18-24,Hyderabad,Telangana,Regular,2025-04-21
C03235,Pranav Pandya,Male,25-34,Kolkata,West Bengal,Loyal,2024-10-29
C03236,Riya Anand,Male,18-24,Bhubaneswar,Odisha,High Value,2023-09-10
C03237,Yuvraj Som,Male,25-34,Bhopal,Madhya Pradesh,Loyal,2025-05-28
C03238,Megha Mitter,Female,55+,Trichy,Tamil Nadu,Regular,2025-10-30
C03239,Madhav Sengupta,Female,25-34,Jaipur,Rajasthan,Regular,2025-11-08
C03240,Andrew Nigam,Female,45-54,Madurai,Tamil Nadu,Regular,2023-10-21
C03241,Rachana Varughese,Female,18-24,Trichy,Tamil Nadu,New,2025-11-18
C03242,Xavier Nori,Female,18-24,Kochi,Kerala,Regular,2026-05-25
C03243,Faras Dutta,Male,45-54,Delhi,Delhi,Loyal,2024-03-08
C03244,Ganga Nori,Male,18-24,Delhi,Delhi,Regular,2024-02-11
C03245,Dipta Nair,Female,18-24,Kolkata,West Bengal,High Value,2024-03-01
C03246,Pranit Gera,Female,18-24,Pune,Maharashtra,New,2026-03-05
C03247,Sarthak Choudhry,Male,55+,Mumbai,Maharashtra,New,2023-11-22
C03248,William Anand, MALE ,25-34,Bhopal,Madhya Pradesh,Regular,2025-11-03
C03249,Thomas Som,Male,55+,Coimbatore,Tamil Nadu,Loyal,2024-02-06
C03250,Manbir Mitter,Female,55+,Delhi,Delhi,Regular,2025-01-27
C03251,Ekansh Prabhakar,Female,25-34,Mysuru,Karnataka,New,2024-12-07
C03252,Anjali Bobal,Male,25-34,Bhopal,Madhya Pradesh,Regular,2024-02-15
C03253,Anita Dalal,Male,18-24,Trichy,Tamil Nadu,Regular,2025-02-07
C03254,Bhavya Pant,Female,35-44,Delhi,Delhi,Loyal,2024-05-05
C03255,Tripti Bassi,Female,18-24,Pune,Maharashtra,Loyal,2025-05-02
C03256,Radha Sur,Male,45-54,Jaipur,Rajasthan,New,2026-07-06
C03257,Aishani Agate,Female,18-24,Bengaluru,Karnataka,Regular,2024-10-06
C03258,Janaki Wagle,Male,25-34,Visakhapatnam,Andhra Pradesh,New,2025-03-03
C03259,Nandini Tak,Male,18-24,Ahmedabad,Gujarat,Regular,2025-03-11
C03260,Sathvik Varty,Male,45-54,Madurai,Tamil Nadu,Regular,2025-02-15
C03261,Nirja Sanghvi,Female,25-34,Kochi,Kerala,Loyal,2024-04-12
C03262,Champak Wable,Female,45-54,Chennai,Tamil Nadu,Regular,2024-01-03
C03263,Chatura Munshi,Male,35-44,Pune,Maharashtra,Regular,2024-12-12
C03264,Faraj Khalsa,Male,45-54,Ahmedabad,Gujarat,Regular,2024-08-14
C03265,Upkaar Ganesan,Male,25-34,Bhubaneswar,Odisha,Regular,2024-09-06
C03266,Maya Balay,Male,25-34,Bengaluru,Karnataka,Regular,2024-11-01
C03267,Yash Mall,Female,35-44,Trichy,Tamil Nadu,Loyal,2023-08-17
C03268,Samesh Amble,Male,25-34,Trichy,Tamil Nadu,Regular,2026-04-23
C03269,Frederick Bhatia,Female,45-54,Delhi,Delhi,Regular,2025-10-28
C03270,Lila Tiwari,Female,25-34,Bhopal,Madhya Pradesh,Regular,2023-11-15
C03271,Zehaan Basak,Male,55+,Ahmedabad,Gujarat,Loyal,2026-04-13
C03272,Pushti Muni,Female,18-24,Coimbatore,Tamil Nadu,Loyal,2023-10-22
C03273,Benjamin Madan,Male,25-34,Mysuru,Karnataka,Regular,2024-05-23
C03274,Jairaj Solanki,Male,45-54,Mumbai,Maharashtra,Regular,2025-09-04
C03275,Farhan Babu,Female,45-54,Bhubaneswar,Odisha,Loyal,2024-08-28
C03276,Chandran Ahuja,Female,45-54,Hyderabad,Telangana,High Value,2025-10-25
C03277,Victor Deshmukh,Female,55+,Lucknow,Uttar Pradesh,Regular,2024-12-22
C03278,Eta Dube,Female,35-44,Pune,Maharashtra,High Value,2024-09-17
C03279,Mason Banerjee,Female,35-44,Mysuru,Karnataka,Loyal,2025-03-29
C03280,Ojasvi Dhawan,Female,18-24,Indore,Madhya Pradesh,Regular,2025-07-24
C03281,Mahika Sarin,Female,18-24,Jaipur,Rajasthan,Loyal,2024-11-06
C03282,Chandresh Kapoor,Male,55+,Kochi,Kerala,New,2026-07-04
C03283,Unni Shanker,Female,18-24,Mumbai,Maharashtra,New,2025-08-25
C03284,Gaurav Rajagopal,Male,35-44,Delhi,Delhi,Regular,2026-04-11
C03285,Wridesh Contractor,Male,55+,Kochi,Kerala,New,2026-06-16
C03286,Gayathri Kakar,Male,25-34,Bhopal,Madhya Pradesh,Loyal,2025-01-03
C03287,Saanvi Patla,Male,25-34,Mumbai,Maharashtra,Loyal,2024-08-09
C03288,Imaran Sharaf,Male,55+,Ahmedabad,Gujarat,Loyal,2024-04-25
C03289,Aayush Vala,Male,55+,Bhopal,Madhya Pradesh,Regular,2025-05-27
C03290,Nathaniel Mody,Male,35-44,Mumbai,Maharashtra,New,2025-09-06
C03291,Veer Dar,Male,25-34,Mysuru,Karnataka,Regular,2026-04-15
C03292,Aradhana Sani,Female,25-34,Visakhapatnam,Andhra Pradesh,Regular,2024-12-15
C03293,Ethan Vora,Female,45-54,Kolkata,West Bengal,Loyal,2026-06-10
C03294,Anjali More,Female,45-54,Kochi,Kerala,Regular,2023-11-26
C03295,Zaid Gara,Male,18-24,Delhi,Delhi,Regular,2024-02-15
C03296,Arya Biswas,Female,25-34,Patna,Bihar,Loyal,2025-07-30
C03297,Henry Tara,Male,18-24,Visakhapatnam,Andhra Pradesh,Loyal,2023-09-29
C03298,Arunima Acharya,Male,45-54,Bengaluru,Karnataka,Loyal,2024-11-05
C03299,Advik Toor,Female,25-34,Mumbai,Maharashtra,Regular,2024-09-19
C03300,Pahal Dora,Male,25-34,Kolkata,West Bengal,Loyal,2025-05-22
C03301,Janya Arora,Male,35-44,Madurai,Tamil Nadu,New,2025-07-21
C03302,Pranav Amble,Male,55+,Kolkata,West Bengal,Loyal,2024-07-16
C03303,Zaitra Saini,Male,45-54,Bengaluru,Karnataka,New,2026-02-06
C03304,Damini Minhas,Female,18-24,Pune,Maharashtra,Regular,2025-11-18
C03305,Vansha Sarna,Female,55+,Bhopal,Madhya Pradesh,New,2024-09-03
C03306,Ekansh Chaudhary,Female,25-34,Visakhapatnam,Andhra Pradesh,Regular,2024-03-29
C03307,Anvi Agarwal,Male,55+,Delhi,Delhi,Loyal,2024-05-28
C03308,Hiral Chhabra,Male,18-24,Lucknow,Uttar Pradesh,Loyal,2025-07-16
C03309,Zinal Dalal,Female,18-24,Jaipur,Rajasthan,Regular,2024-02-07
C03310,Ayushman Goyal,Male,45-54,Pune,Maharashtra,Regular,2024-11-13
C03311,Ranbir Srinivas,Female,35-44,Mysuru,Karnataka,Regular,2025-08-02
C03312,Vrishti Atwal,Male,55+,Trichy,Tamil Nadu,High Value,2025-03-11
C03313,Harsh Sarna,Male,45-54,Ahmedabad,Gujarat,Loyal,2024-06-03
C03314,Bhavini Dey,Female,18-24,Kochi,Kerala,Regular,2026-01-17
C03315,Owen Sura,Female,35-44,Pune,Maharashtra,Regular,2024-02-15
C03316,Abhiram Goswami,Female,35-44,Jaipur,Rajasthan,High Value,2024-09-06
C03317,Vedhika Ravel,Male,18-24,Madurai,Tamil Nadu,Loyal,2026-01-20
C03318,Gaurika Chandran,Male,55+,Indore,Madhya Pradesh,Regular,2026-01-08
C03319,Sanya Dasgupta,Female,35-44,Bhubaneswar,Odisha,New,2026-02-07
C03320,Ekantika Sani,Female,55+,Indore,Madhya Pradesh,Regular,2025-07-12
C03321,Adya Naik,Male,55+,Kolkata,West Bengal,New,2024-10-17
C03322,Chaitanya Kulkarni,Male,18-24,Trichy,Tamil Nadu,High Value,2025-07-25
C03323,Simon Kannan,Female,55+,Mumbai,Maharashtra,Regular,2025-04-09
C03324,Eta Cheema,Female,45-54,Visakhapatnam,Andhra Pradesh,Loyal,2025-09-27
C03325,Chasmum Zachariah,Female,45-54,Coimbatore,Tamil Nadu,Loyal,2024-03-06
C03326,Kiaan Dyal,Male,45-54,Bhubaneswar,Odisha,Loyal,2025-11-23
C03327,Chandran Borra,Male,25-34,Kochi,Kerala,Regular,2024-10-28
C03328,Arjun Parmer,Female,18-24,Chennai,Tamil Nadu,Regular,2024-09-25
C03329,Vyanjana Krishnamurthy,Male,45-54,Kochi,Kerala,Loyal,2023-11-15
C03330,Shaurya Basu,Female,35-44,Pune,Maharashtra,Regular,2025-04-27
C03331,Hema Gara,Female,45-54,Mumbai,Maharashtra,Loyal,2025-06-03
C03332,Bachittar Hegde,Female,35-44,Jaipur,Rajasthan,Loyal,2026-03-12
C03333,Ayaan Madan,Male,55+,Mysuru,Karnataka,Loyal,2024-06-14
C03334,Upadhriti Sarkar,Female,45-54,Patna,Bihar,Loyal,2025-08-09
C03335,Amaira Bandi,Female,18-24,Mysuru,Karnataka,Regular,2023-10-31
C03336,Omisha Iyer,Male,35-44,Visakhapatnam,Andhra Pradesh,Loyal,2026-07-04
C03337,Kavya Bansal,Male,45-54,Trichy,Tamil Nadu,Regular,2024-07-02
C03338,Caleb Mander,Male,45-54,Indore,Madhya Pradesh,Regular,2025-09-25
C03339,Nathan Dave,Female,35-44,Indore,Madhya Pradesh,Loyal,2024-01-09
C03340,Kala Kuruvilla,Male,25-34,Ahmedabad,Gujarat,Regular,2023-12-19
C03341,Geetika Narain,Male,55+,Trichy,Tamil Nadu,Regular,2024-05-17
C03342,Tamanna Narain,Female,55+,Bhopal,Madhya Pradesh,Regular,2025-01-02
C03343,Udyati Srinivasan,Male,25-34,Kolkata,West Bengal,New,2024-04-29
C03344,Nidra Banerjee,Female,35-44,Visakhapatnam,Andhra Pradesh,New,2024-03-19
C03345,Abdul Kar,Female,45-54,Jaipur,Rajasthan,New,2025-04-04
C03346,Noah Ben,Male,35-44,Kolkata,West Bengal,Regular,2025-01-23
C03347,Robert Bhattacharyya,Female,25-34,Madurai,Tamil Nadu,Regular,2024-07-27
C03348,Joshua Srinivasan,Male,55+,Coimbatore,Tamil Nadu,New,2026-05-25
C03349,Warjas Ratta,Male,45-54,Pune,Maharashtra,Regular,2024-07-14
C03350,Jeevika Sachdeva,Male,25-34,Mumbai,Maharashtra,Regular,2026-07-10
C03351,Anthony Bora,Male,18-24,Hyderabad,Telangana,Regular,2025-11-22
C03352,Faraj Savant,Female,45-54,Chennai,Tamil Nadu,Regular,2024-04-21
C03353,Chavvi Nayar,Male,45-54,Patna,Bihar,New,2025-04-05
C03354,Mahika Saha,Female,55+,Bhopal,Madhya Pradesh,Loyal,2024-11-28
C03355,Nitara Pall,Female,35-44,Kolkata,West Bengal,Loyal,2024-09-09
C03356,Ekantika Chanda,Female,35-44,Pune,Maharashtra,Regular,2025-01-17
C03357,Bhavini Varkey,Female,55+,Mumbai,Maharashtra,Regular,2025-01-04
C03358,Mitesh Anand,Female,25-34,Bengaluru,Karnataka,Loyal,2023-10-18
C03359,Faras Kapoor,Male,18-24,Bhubaneswar,Odisha,High Value,2024-01-21
C03360,Manan Char,Female,55+,Bhopal,Madhya Pradesh,Regular,2025-07-13
C03361,Naksh Doshi,Male,35-44,Visakhapatnam,Andhra Pradesh,Loyal,2025-04-23
C03362,Falan Arya,Male,45-54,Patna,Bihar,Regular,2025-02-26
C03363,Saanvi Mangal,Female,55+,Coimbatore,Tamil Nadu,Regular,2026-01-03
C03364,Ranbir Singhal,Female,18-24,Bhubaneswar,Odisha,High Value,2025-01-15
C03365,Onveer Gaba,Male,55+,Mysuru,Karnataka,Regular,2024-12-12
C03366,Sanaya Dua,Female,45-54,Coimbatore,Tamil Nadu,Loyal,2026-02-04
C03367,Lipika Prasad,Male,35-44,Bengaluru,Karnataka,New,2025-07-07
C03368,Mitesh Sachdev,Female,18-24,Pune,Maharashtra,Loyal,2026-02-23
C03369,Vedhika Narula,Female,25-34,Indore,Madhya Pradesh,High Value,2024-07-07
C03370,Harinakshi Balan,Female,35-44,Hyderabad,Telangana,Regular,2026-04-05
C03371,Dalbir Magar,Female,25-34,Delhi,Delhi,Regular,2025-06-03
C03372,Yutika Gopal,Female,25-34,Bhopal,Madhya Pradesh,Loyal,2024-10-15
C03373,Manthan Parmer,Female,18-24,Bhubaneswar,Odisha,High Value,2026-03-06
C03374,Upadhriti Kalla,Female,55+,Coimbatore,Tamil Nadu,New,2024-04-26
C03375,Meera Borde,Male,55+,Madurai,Tamil Nadu,Regular,2025-11-02
C03376,Devika Sanghvi,Male,25-34,Mysuru,Karnataka,High Value,2024-12-31
C03377,Laksh Taneja,Male,18-24,Mysuru,Karnataka,Regular,2026-01-09
C03378,Rajeshri Choudhary,Male,35-44,Indore,Madhya Pradesh,New,2023-11-05
C03379,Raksha Bansal,Female,45-54,Kolkata,West Bengal,Regular,2023-10-02
C03380,Aayush Kaul,Male,35-44,Indore,Madhya Pradesh,New,2025-08-07
C03381,Dipta Soman,Female,25-34,Delhi,Delhi,Loyal,2024-11-08
C03382,Ekaja Tank,Female,18-24,Pune,Maharashtra,New,2024-09-25
C03383,Krisha Anand,Male,25-34,Kolkata,West Bengal,Regular,2025-02-24
C03384,Unni Venkatesh,Female,45-54,Madurai,Tamil Nadu,Loyal,2024-12-30
C03385,Nathan Ratti,Female,18-24,Bhopal,Madhya Pradesh,Loyal,2025-03-30
C03386,Baljiwan Bassi,Male,35-44,Coimbatore,Tamil Nadu,New,2026-02-07
C03387,Neha Parsa,Male,18-24,Chennai,Tamil Nadu,Regular,2026-03-29
C03388,Bhanumati Khalsa,Male,55+,Delhi,Delhi,Regular,2025-09-26
C03389,Finn Gandhi,Male,25-34,Madurai,Tamil Nadu,Regular,2026-01-30
C03390,Fitan Goda,Male,55+,Indore,Madhya Pradesh,Regular,2025-05-02
C03391,Bhavya Kumar,Male,25-34,Ahmedabad,Gujarat,Regular,2025-12-26
C03392,Bina Oza,Male,45-54,Bhubaneswar,Odisha,Loyal,2025-05-27
C03393,Jeremiah Bhattacharyya,Male,45-54,Mysuru,Karnataka,New,2024-12-27
C03394,Meera Nath,Male,35-44,Coimbatore,Tamil Nadu,Loyal,2024-12-02
C03395,Max Vyas,Female,25-34,Trichy,Tamil Nadu,Regular,2023-12-27
C03396,Omya Kara,Male,45-54,Mysuru,Karnataka,New,2024-07-22
C03397,Tanish Deshpande,Female,45-54,Bengaluru,Karnataka,Loyal,2025-10-18
C03398,Aradhana Ganguly,Female,45-54,Patna,Bihar,Loyal,2024-03-06
C03399,Sneha Andra,Male,35-44,Patna,Bihar,Regular,2024-09-05
C03400,Megha Sodhi,Male,45-54,Bengaluru,Karnataka,New,2024-06-06
C03401,Urishilla Lanka,Male,35-44,Kolkata,West Bengal,New,2023-08-30
C03402,Aarnav Chad,Male,55+,Indore,Madhya Pradesh,New,2026-04-22
C03403,Shaurya Kuruvilla,Female,55+,Jaipur,Rajasthan,Regular,2025-01-04
C03404,Aashi Warrior,Female,25-34,Delhi,Delhi,Regular,2025-04-01
C03405,Pavani Choudhury,Female,45-54,Hyderabad,Telangana,Regular,2026-04-13
C03406,Nathaniel Dyal,Male,45-54,Kolkata,West Bengal,New,2026-05-21
C03407,Zehaan Pandit,Female,55+,Trichy,Tamil Nadu,Regular,2023-09-18
C03408,Jagat Mukherjee,Female,45-54,Kolkata,West Bengal,High Value,2024-09-09
C03409,Utkarsh Halder,Male,55+,Delhi,Delhi,Loyal,2025-10-24
C03410,Ekavir Lad,Male,35-44,Hyderabad,Telangana,Loyal,2024-06-24
C03411,Maanas Doctor,Male,35-44,Bhubaneswar,Odisha,Loyal,2024-06-15
C03412,Zaitra Dhillon,Male,18-24,Patna,Bihar,High Value,2023-09-18
C03413,Damyanti Wason,Male,35-44,Kolkata,West Bengal,High Value,2024-10-02
C03414,Luke Srinivasan,Female,55+,Coimbatore,Tamil Nadu,Regular,2025-05-09
C03415,Shivani Chacko,Female,18-24,Mysuru,Karnataka,Loyal,2023-12-08
C03416,Xavier Sankaran,Female,25-34,Trichy,Tamil Nadu,Loyal,2024-09-27
C03417,Odika Tank,Male,25-34,Jaipur,Rajasthan,Regular,2026-06-06
C03418,Chatura Dani,Male,18-24,Bhubaneswar,Odisha,Loyal,2025-07-31
C03419,Rishi Randhawa,Male,35-44,Hyderabad,Telangana,New,2024-06-04
C03420,Agastya Shan,Female,25-34,Mumbai,Maharashtra,High Value,2025-12-16
C03421,Keya Jayaraman,Female,45-54,Mumbai,Maharashtra,New,2023-10-25
C03422,Rachita Wali,Male,55+,Bengaluru,Karnataka,Regular,2025-11-14
C03423,Udyati Arora,Female,25-34,Kochi,Kerala,Loyal,2025-05-15
C03424,Tejas Varma,Female,18-24,Pune,Maharashtra,Regular,2024-05-03
C03425,Reva Dayal,Female,35-44,Kochi,Kerala,Loyal,2026-01-17
C03426,Jagrati Lad,Female,35-44,Hyderabad,Telangana,Regular,2024-09-13
C03427,Chandran Sharma,Male,45-54,Kolkata,West Bengal,New,2025-11-14
C03428,Advay Cheema,Male,18-24,Mumbai,Maharashtra,New,2025-11-11
C03429,Qasim Bandi,Male,25-34,Indore,Madhya Pradesh,Regular,2024-12-31
C03430,Janya Chopra,Female,45-54,Mysuru,Karnataka,Regular,2025-09-23
C03431,Divya Khalsa,Female,55+,Delhi,Delhi,Regular,2025-07-31
C03432,Balvan Pal,Female,25-34,Trichy,Tamil Nadu,High Value,2024-12-05
C03433,Chatresh Bala,Female,25-34,Patna,Bihar,New,2025-10-29
C03434,Bahadurjit Khatri,Female,45-54,Coimbatore,Tamil Nadu,New,2024-04-15
C03435,Saksham Malhotra,Male,45-54,Mumbai,Maharashtra,New,2024-09-15
C03436,Anika Choudhury,Male,45-54,Madurai,Tamil Nadu,Regular,2025-09-29
C03437,Damini Randhawa,Male,45-54,Lucknow,Uttar Pradesh,Regular,2024-05-02
C03438,Warhi Chokshi,Male,25-34,Coimbatore,Tamil Nadu,Loyal,2025-03-12
C03439,Nathaniel Bhatt,Male,25-34,Coimbatore,Tamil Nadu,Regular,2026-03-31
C03440,Hiral Kaul,Male,35-44,Pune,Maharashtra,Regular,2024-06-23
C03441,Arunima Dutta,Female,45-54,Coimbatore,Tamil Nadu,New,2024-02-12
C03442,Manthan Ravi,Male,25-34,Delhi,Delhi,New,2025-09-10
C03443,Damini Jaggi,Female,45-54,Hyderabad,Telangana,New,2025-06-18
C03444,Adweta Boase,Male,25-34,Lucknow,Uttar Pradesh,Regular,2023-12-07
C03445,Max Shah,Male,25-34,Delhi,Delhi,Regular,2024-09-19
C03446,Damyanti Hora,Male,18-24,Jaipur,Rajasthan,Regular,2024-10-30
C03447,Teerth Badal,Male,55+,Kochi,Kerala,Loyal,2025-01-17
C03448,Balveer Savant,Female,18-24,Jaipur,Rajasthan,New,2024-07-08
C03449,Hemal Oommen,Male,18-24,Trichy,Tamil Nadu,Regular,2024-02-29
C03450,Fiyaz Srinivas,Male,45-54,Bhubaneswar,Odisha,Loyal,2024-06-13
C03451,Nikita Mistry,Male,18-24,Trichy,Tamil Nadu,Regular,2025-08-06
C03452,Sara Halder,Male,45-54,Madurai,Tamil Nadu,Loyal,2025-09-27
C03453,Naksh Bhargava,Female,55+,Kolkata,West Bengal,Regular,2023-09-06
C03454,Maya Kar,Female,55+,Mumbai,Maharashtra,Regular,2024-06-09
C03455,Aashi Saxena,Female,25-34,Lucknow,Uttar Pradesh,Regular,2025-06-30
C03456,Fariq Merchant,Male,25-34,Ahmedabad,Gujarat,Regular,2024-01-18
C03457,Aadhya Samra,Female,35-44,Mysuru,Karnataka,Loyal,2024-06-23
C03458,Bhavika Batta,Male,45-54,Ahmedabad,Gujarat,Loyal,2023-10-09
C03459,Udant Korpal,Male,45-54,Bengaluru,Karnataka,Regular,2026-01-30
C03460,Robert Baria,Male,45-54,Patna,Bihar,New,2024-03-18
C03461,Vanya Anne,Male,45-54,Ahmedabad,Gujarat,Regular,2025-08-10
C03462,Alka Agate,Female,45-54,Kochi,Kerala,Regular,2023-09-16
C03463,Chavvi Wali,Female,35-44,Kolkata,West Bengal,Regular,2026-05-24
C03464,Anthony Vig,Male,55+,Kolkata,West Bengal,Regular,2024-01-30
C03465,Isaiah Mishra,Male,55+,Hyderabad,Telangana,New,2024-12-07
C03466,Shivani Thaman,Female,45-54,Visakhapatnam,Andhra Pradesh,Regular,2024-08-13
C03467,Rajeshri Divan,Female,35-44,Kochi,Kerala,Regular,2025-03-14
C03468,Aashi Chahal,Female,18-24,Bengaluru,Karnataka,Regular,2025-11-30
C03469,Rajata Choudhry,Female,55+,Lucknow,Uttar Pradesh,Regular,2024-09-24
C03470,Wahab Bassi,Male,35-44,Hyderabad,Telangana,Regular,2023-08-21
C03471,Daksha Madan,Female,55+,Mysuru,Karnataka,Regular,2024-08-27
C03472,Jason Sane,Male,25-34,Lucknow,Uttar Pradesh,Regular,2023-09-06
C03473,Vedant Dhaliwal,Female,55+,Mysuru,Karnataka,Loyal,2024-04-18
C03474,Bimala Narasimhan,Male,25-34,Kolkata,West Bengal,Regular,2024-10-06
C03475,Fitan Dewan,Male,25-34,Lucknow,Uttar Pradesh,Loyal,2026-07-10
C03476,Indali Radhakrishnan,Female,55+,Indore,Madhya Pradesh,Loyal,2024-10-28
C03477,Dev Kari,Male,18-24,Visakhapatnam,Andhra Pradesh,Loyal,2025-12-09
C03478,Ikshita Kale,Male,18-24,Madurai,Tamil Nadu,Loyal,2024-02-14
C03479,Vamakshi Chopra,Female,18-24,Coimbatore,Tamil Nadu,Regular,2025-11-26
C03480,Gayathri Bhargava,Male,25-34,Ahmedabad,Gujarat,High Value,2025-02-09
C03481,Yug Batta,Male,35-44,Delhi,Delhi,Regular,2025-12-08
C03482,Wazir Dube,Female,45-54,Jaipur,Rajasthan,Regular,2024-12-16
C03483,Isaac Deol,Female,35-44,Mysuru,Karnataka,New,2024-03-18
C03484,Yagnesh Parmer,Male,25-34,Patna,Bihar,New,2025-06-26
C03485,Wriddhish Pandey,Female,25-34,Trichy,Tamil Nadu,Regular,2024-02-23
C03486,Bhavya Memon,Female,25-34,Indore,Madhya Pradesh,High Value,2025-08-07
C03487,Niharika Chad,Female,18-24,Bengaluru,Karnataka,Loyal,2026-02-13
C03488,Avi Bala,Female,45-54,Bengaluru,Karnataka,Regular,2024-06-03
C03489,Samesh Parekh,Male,55+,Mysuru,Karnataka,Regular,2024-12-20
C03490,Pavani Padmanabhan,Female,55+,Ahmedabad,Gujarat,Regular,2024-05-10
C03491,Sai Banik,Male,45-54,Lucknow,Uttar Pradesh,Loyal,2026-02-05
C03492,Qushi Dhar,Female,35-44,Bhubaneswar,Odisha,High Value,2024-07-13
C03493,Kamya Gade,Male,25-34,Ahmedabad,Gujarat,New,2024-04-07
C03494,Gautami Lala,Female,25-34,Delhi,Delhi,New,2024-01-04
C03495,Jonathan Mishra,Female,35-44,Hyderabad,Telangana,Loyal,2024-04-07
C03496,Sanya Mital,Female,55+,Madurai,Tamil Nadu,High Value,2023-11-14
C03497,Ubika Padmanabhan,Male,55+,Indore,Madhya Pradesh,Loyal,2024-03-28
C03498,Vanya Thaman,Male,35-44,Kochi,Kerala,Loyal,2024-07-24
C03499,Akshay Bajwa,Female,55+,Hyderabad,Telangana,Loyal,2024-07-17
C03500,Chavvi Konda,Female,35-44,Chennai,Tamil Nadu,Loyal,2025-06-15
C03501,Isha Sabharwal,Male,35-44,Coimbatore,Tamil Nadu,Regular,2025-04-04
C03502,Ishaan Mangat,Female,18-24,Kochi,Kerala,Regular,2025-05-16
C03503,Kavya Bedi,Male,35-44,Lucknow,Uttar Pradesh,Regular,2026-01-26
C03504,Gayathri Tata,Male,55+,,Karnataka,New,2023-09-17
C03505,Tara Salvi,Male,45-54,Kolkata,West Bengal,Regular,2025-09-29
C03506,Bhavini Warrior,Female,45-54,Coimbatore,Tamil Nadu,Regular,2023-09-16
C03507,Jagrati Palan,Female,45-54,Bhopal,Madhya Pradesh,Loyal,2026-03-08
C03508,Aahana Dass,Female,35-44,Bengaluru,Karnataka,Regular,2026-06-24
C03509,Nisha Manda,Female,35-44,Indore,Madhya Pradesh,New,2024-09-11
C03510,Omkaar Doshi,Male,35-44,Lucknow,Uttar Pradesh,Loyal,2023-08-25
C03511,Bahadurjit Palan,Male,25-34,Trichy,Tamil Nadu,Loyal,2025-05-20
C03512,Lakshit Bhandari,Male,18-24,Trichy,Tamil Nadu,New,2023-11-14
C03513,Avni Choudhry,Male,55+,Madurai,Tamil Nadu,Loyal,2024-05-19
C03514,Adya Saraf,Male,18-24,Madurai,Tamil Nadu,Loyal,2025-06-13
C03515,Lakshmi Menon,Male,25-34,Jaipur,Rajasthan,Regular,2026-04-14
C03516,Radhika Chacko,Female,18-24,Lucknow,Uttar Pradesh,Regular,2024-01-05
C03517,Sanaya Chander,Male,25-34,Coimbatore,Tamil Nadu,Loyal,2023-10-21
C03518,Luke Kothari,Male,18-24,Madurai,Tamil Nadu,Loyal,2023-12-10
C03519,Christopher Bains,Male,45-54,Madurai,Tamil Nadu,Loyal,2024-06-05
C03520,Wazir Zachariah,Male,18-24,Mumbai,Maharashtra,Loyal,2025-06-06
C03521,Eshana Baral,Female,55+,Kolkata,West Bengal,New,2024-08-18
C03522,Harinakshi Sandal,Female,55+,Hyderabad,Telangana,Loyal,2024-02-03
C03523,Bhanumati Mann,Female,55+,,Madhya Pradesh,Loyal,2024-10-02
C03524,Ethan Koshy,Female,25-34,Coimbatore,Tamil Nadu,Regular,2025-04-20
C03525,Samuel Chaudhuri,Male,25-34,Madurai,Tamil Nadu,Regular,2024-08-14
C03526,Vrishti Kibe,Male,18-24,Patna,Bihar,Loyal,2024-08-27
C03527,Laban Issac,Male,25-34,Madurai,Tamil Nadu,Loyal,2025-09-10
C03528,Patrick Dey,Male,45-54,Mumbai,Maharashtra,Regular,2023-12-26
C03529,Panini Kuruvilla,Female,55+,Bhubaneswar,Odisha,Regular,2024-11-19
C03530,David Patla,Male,45-54,Delhi,Delhi,Regular,2026-01-28
C03531,Isaac Rastogi,Male,55+,Ahmedabad,Gujarat,New,2024-02-09
C03532,Gautam Anne,Female,25-34,Pune,Maharashtra,New,2025-03-04
C03533,Chaaya Sarraf,Female,35-44,Madurai,Tamil Nadu,Loyal,2024-04-22
C03534,Zaid Mani,Female,18-24,Coimbatore,Tamil Nadu,Regular,2025-11-22
C03535,Zaitra Dugar,Male,18-24,Lucknow,Uttar Pradesh,Regular,2024-02-07
C03536,Faraj Sengupta,Male,55+,Ahmedabad,Gujarat,Regular,2024-10-17
C03537,Leela Swamy,Female,35-44,Jaipur,Rajasthan,Loyal,2024-07-29
C03538,Abha Bhardwaj,Female,45-54,Indore,Madhya Pradesh,Regular,2024-07-25
C03539,Onveer Prashad,Female,55+,Indore,Madhya Pradesh,High Value,2024-04-20
C03540,Kashvi Mishra,Male,55+,Hyderabad,Telangana,New,2026-05-28
C03541,Keya Warrior,Female,45-54,Ahmedabad,Gujarat,Loyal,2024-01-21
C03542,Yatan Hayer,Female,45-54,Jaipur,Rajasthan,Loyal,2024-01-10
C03543,Amrita Kumer,Female,25-34,Lucknow,Uttar Pradesh,New,2024-04-07
C03544,Wazir Saha,Female,18-24,Kolkata,West Bengal,Loyal,2025-05-30
C03545,Hemangini Pradhan,Female,25-34,Jaipur,Rajasthan,Regular,2025-12-11
C03546,Nandini Muni,Female,25-34,Chennai,Tamil Nadu,New,2024-12-20
C03547,Chatresh Purohit,Male,18-24,Mysuru,Karnataka,New,2025-11-02
C03548,Riya Patla,Male,35-44,Indore,Madhya Pradesh,Regular,2024-10-11
C03549,Chakradev Bala,Female,45-54,Chennai,Tamil Nadu,New,2025-12-16
C03550,Dalaja Dasgupta,Female,25-34,Patna,Bihar,New,2024-05-21
C03551,Eesha Ramakrishnan,Female,45-54,Visakhapatnam,Andhra Pradesh,Regular,2026-04-22
C03552,Yatin Luthra,Female,18-24,Mysuru,Karnataka,Regular,2026-02-09
C03553,Amrita Ranganathan,Male,35-44,Trichy,Tamil Nadu,Loyal,2026-02-11
C03554,Ishanvi Tata,Female,25-34,Visakhapatnam,Andhra Pradesh,Regular,2024-01-09
C03555,Faqid Murthy,Male,45-54,Indore,Madhya Pradesh,Regular,2026-02-22
C03556,Daksha Shanker,Male,35-44,Delhi,Delhi,Regular,2026-07-08
C03557,Agastya Bal,Female,55+,Visakhapatnam,Andhra Pradesh,New,2024-08-01
C03558,Nakul Kapoor,Female,35-44,Bengaluru,Karnataka,Loyal,2024-08-18
C03559,Chakrika Baria,Female,55+,Bengaluru,Karnataka,High Value,2024-11-16
C03560,Barkha Batra,Male,45-54,Madurai,Tamil Nadu,Regular,2024-07-26
C03561,Harita Kashyap,Male,35-44,Mumbai,Maharashtra,Regular,2023-12-08
C03562,Harshil Rai,Female,35-44,Jaipur,Rajasthan,Regular,2025-11-13
C03563,Samesh Dhar,Female,25-34,Bhubaneswar,Odisha,Loyal,2025-08-07
C03564,Balveer Bajwa,Male,55+,Jaipur,Rajasthan,Regular,2024-12-23
C03565,Aahana Rajan,Female,55+,Mumbai,Maharashtra,Regular,2023-09-08
C03566,Caleb Kunda,Female,55+,Chennai,Tamil Nadu,Loyal,2024-11-12
C03567,Vasatika Dhingra,Male,55+,Kolkata,West Bengal,Regular,2025-09-11
C03568,Samesh Devan,Female,45-54,Bhopal,Madhya Pradesh,Regular,2025-11-18
C03569,Krishna Varma,Male,45-54,Pune,Maharashtra,Regular,2025-05-05
C03570,Pooja Oak,Female,25-34,Hyderabad,Telangana,Regular,2023-08-24
C03571,Mekhala Sura,Female,25-34,Coimbatore,Tamil Nadu,Regular,2024-09-05
C03572,Arin Gandhi,Female,35-44,Chennai,Tamil Nadu,Loyal,2023-12-17
C03573,Watika Krish,Male,35-44,Indore,Madhya Pradesh,High Value,2025-12-22
C03574,Janani Sethi,Female,55+,Indore,Madhya Pradesh,Loyal,2025-04-06
C03575,Azad Chahal,Male,55+,Hyderabad,Telangana,Regular,2023-10-26
C03576,Yashvi Sane,Male,25-34,Delhi,Delhi,Regular,2025-03-04
C03577,Oni Mane,Female,25-34,Bhopal,Madhya Pradesh,Loyal,2024-01-24
C03578,Sai Kar,Male,35-44,Kochi,Kerala,Regular,2025-01-18
C03579,Ishita Sarraf,Female,18-24,Bengaluru,Karnataka,New,2023-09-24
C03580,Robert Sekhon,Male,35-44,Kochi,Kerala,Regular,2025-03-20
C03581,Falak Purohit,Female,45-54,Bengaluru,Karnataka,Regular,2026-05-11
C03582,Bahadurjit Parikh,Female,35-44,Visakhapatnam,Andhra Pradesh,New,2024-04-01
C03583,Fariq Bhakta,Female,35-44,Pune,Maharashtra,New,2024-10-18
C03584,Shravya Sibal,Female,35-44,Visakhapatnam,Andhra Pradesh,New,2025-01-13
C03585,Hemal Chhabra,Female,18-24,Bengaluru,Karnataka,New,2025-02-07
C03586,Anusha Sen,Female,35-44,Jaipur,Rajasthan,New,2026-01-15
C03587,Triya Khalsa,Male,45-54,Kolkata,West Bengal,Regular,2023-09-27
C03588,Gauri Dora,Male,35-44,Kolkata,West Bengal,Regular,2024-03-13
C03589,Veer Ranganathan,Female,35-44,Coimbatore,Tamil Nadu,Regular,2024-11-14
C03590,Rishi Borah,Male,55+,Bhubaneswar,Odisha,New,2025-01-01
C03591,Janani Gaba,Female,18-24,Bengaluru,Karnataka,Loyal,2024-10-16
C03592,Balveer Bhagat,Male,18-24,Bengaluru,Karnataka,Regular,2026-04-26
C03593,Jack Cherian,Male,35-44,Mumbai,Maharashtra,High Value,2025-03-27
C03594,Onveer Borah,Male,45-54,Jaipur,Rajasthan,Regular,2024-12-05
C03595,William Prasad,Female,45-54,Madurai,Tamil Nadu,Regular,2025-01-26
C03596,Yug Wali,Female,45-54,Bhopal,Madhya Pradesh,Regular,2024-11-04
C03597,Deepa Bera,Male,25-34,Patna,Bihar,Regular,2025-01-07
C03598,Jonathan Chaudhuri,Female,25-34,Trichy,Tamil Nadu,Regular,2026-03-03
C03599,Ubika Seth,Male,18-24,Patna,Bihar,Regular,2026-02-07
C03600,Hredhaan Chaudhari,Female,18-24,Mumbai,Maharashtra,New,2024-11-20
C03601,Hredhaan Dhawan,Male,25-34,Mumbai,Maharashtra,Regular,2025-04-30
C03602,Lopa Saha,Female,45-54,Jaipur,Rajasthan,New,2026-01-19
C03603,Chandresh Puri,Female,18-24,Delhi,Delhi,Regular,2026-04-20
C03604,Arunima Nigam,Male,18-24,Kochi,Kerala,Regular,2026-02-12
C03605,Aadhya Bera,Male,25-34,Coimbatore,Tamil Nadu,Regular,2024-07-13
C03606,Ranbir Sur,Female,18-24,Chennai,Tamil Nadu,Regular,2025-09-05
C03607,Sanya Bumb,Male,45-54,Ahmedabad,Gujarat,Regular,2025-06-28
C03608,Varenya Kunda,Male,55+,Patna,Bihar,Regular,2024-04-13
C03609,Tanmayi Parmer,Female,55+,Patna,Bihar,Regular,2026-05-20
C03610,Prisha Rajagopalan,Female,35-44,Hyderabad,Telangana,New,2025-12-07
C03611,Nicholas Chakraborty,Female,18-24,Pune,Maharashtra,Regular,2024-10-28
C03612,Farhan Gara,Male,45-54,Lucknow,Uttar Pradesh,Regular,2026-06-05
C03613,Zansi Ramaswamy,Female,25-34,Bhopal,Madhya Pradesh,New,2025-01-16
C03614,Shravya Kakar,Female,18-24,Coimbatore,Tamil Nadu,Loyal,2025-07-05
C03615,Darsh Mohan,Male,55+,Hyderabad,Telangana,Loyal,2024-03-29
C03616,Teerth Upadhyay,Male,55+,Delhi,Delhi,Loyal,2025-11-05
C03617,Chandran Johal,Female,18-24,Ahmedabad,Gujarat,Regular,2026-06-10
C03618,Bachittar Borah,Female,25-34,Mumbai,Maharashtra,Regular,2025-09-20
C03619,Maya Sekhon,Male,25-34,Delhi,Delhi,Loyal,2025-07-28
C03620,Samarth Hans,Male,45-54,Jaipur,Rajasthan,Loyal,2023-08-26
C03621,Bimala Wadhwa,Female,45-54,Kolkata,West Bengal,High Value,2024-07-18
C03622,Samaksh Bajaj,Male,45-54,Visakhapatnam,Andhra Pradesh,Regular,2024-02-09
C03623,Chaman Johal,Female,25-34,Visakhapatnam,Andhra Pradesh,New,2024-09-30
C03624,Raksha Garde,Male,18-24,Trichy,Tamil Nadu,Regular,2024-09-06
C03625,Girindra Chahal,Female,18-24,Chennai,Tamil Nadu,Regular,2023-08-21
C03626,Thomas Bhasin,Male,18-24,Kolkata,West Bengal,New,2023-10-25
C03627,Eesha Dhaliwal,Male,45-54,Hyderabad,Telangana,Loyal,2025-11-28
C03628,Anmol Deo,Male,35-44,Ahmedabad,Gujarat,Regular,2024-08-03
C03629,Devika Nadkarni,Female,18-24,Chennai,Tamil Nadu,Loyal,2024-09-07
C03630,Diya Karnik,Male,35-44,Delhi,Delhi,Regular,2026-01-13
C03631,Ayush Dara,Male,18-24,Hyderabad,Telangana,Loyal,2023-12-24
C03632,Nilima Sane,Male,18-24,Indore,Madhya Pradesh,New,2024-02-22
C03633,Advay Narula,Female,55+,Mumbai,Maharashtra,Regular,2024-01-06
C03634,Unnati Modi,Female,18-24,Pune,Maharashtra,Loyal,2024-07-22
C03635,Harita Nagar,Male,25-34,Indore,Madhya Pradesh,Regular,2023-11-10
C03636,Christopher Bhardwaj,Female,18-24,Kolkata,West Bengal,New,2025-03-31
C03637,Theodore Balan,Female,45-54,Kochi,Kerala,New,2026-03-08
C03638,Teerth Guha,Male,18-24,Chennai,Tamil Nadu,High Value,2023-12-03
C03639,Parth Prakash,Female,45-54,Pune,Maharashtra,Regular,2024-07-04
C03640,Jhalak Datta,Male,35-44,Pune,Maharashtra,High Value,2025-08-17
C03641,Jason Varkey,Male,45-54,Hyderabad,Telangana,Loyal,2024-02-27
C03642,Wahab Choudhry,Female,55+,Coimbatore,Tamil Nadu,High Value,2024-10-12
C03643,Radhika Gera,Male,18-24,Indore,Madhya Pradesh,Regular,2026-01-23
C03644,Amrita Dutt,Female,45-54,Madurai,Tamil Nadu,Loyal,2025-12-23
C03645,Vyanjana Lata,Male,35-44,Patna,Bihar,Regular,2025-09-30
C03646,Nihal Sen,Male,35-44,Ahmedabad,Gujarat,Loyal,2025-09-09
C03647,Krishna Mani,Female,25-34,Ahmedabad,Gujarat,Regular,2026-06-23
C03648,Vinaya Dugar,Female,35-44,Ahmedabad,Gujarat,Loyal,2025-04-27
C03649,Yauvani Dara,Female,55+,Bengaluru,Karnataka,Regular,2025-12-27
C03650,Vrinda Sani,Male,55+,Kochi,Kerala,Regular,2025-02-17
C03651,Aryan Murty,Female,35-44,Bengaluru,Karnataka,Regular,2026-07-08
C03652,Dhruv Barman,Male,18-24,Lucknow,Uttar Pradesh,Regular,2024-10-23
C03653,Harita Golla,Female,55+,Bengaluru,Karnataka,Regular,2024-05-19
C03654,Krish Savant,Male,25-34,Mysuru,Karnataka,Loyal,2024-07-13
C03655,Lucky Shan,Male,45-54,Kolkata,West Bengal,Loyal,2025-02-05
C03656,Brijesh Sood,Male,55+,Bhopal,Madhya Pradesh,New,2024-04-27
C03657,Amara Verma,Female,55+,Chennai,Tamil Nadu,Regular,2024-09-17
C03658,Maanas Kohli,Male,35-44,Mysuru,Karnataka,Regular,2023-09-08
C03659,Kevin Roy,Female,55+,Jaipur,Rajasthan,Loyal,2025-04-04
C03660,Urmi Tella,Female,25-34,Bhopal,Madhya Pradesh,Regular,2026-05-11
C03661,Om Kala,Male,25-34,Kochi,Kerala,Regular,2024-07-30
C03662,Jhalak Wali,Male,25-34,Lucknow,Uttar Pradesh,Loyal,2025-04-18
C03663,Yashodhara Dar,Male,45-54,Bhopal,Madhya Pradesh,New,2024-02-25
C03664,Shaurya Dash,Female,25-34,Madurai,Tamil Nadu,Loyal,2024-07-12
C03665,Laban Mishra,Male,55+,Delhi,Delhi,Regular,2025-02-25
C03666,Turvi Chaudhary,Male,18-24,Hyderabad,Telangana,New,2023-10-29
C03667,Qushi Buch,Male,25-34,Trichy,Tamil Nadu,Loyal,2026-03-07
C03668,Rohan Ravel,Male,35-44,Madurai,Tamil Nadu,Regular,2025-03-15
C03669,Sai Tak,Female,35-44,Trichy,Tamil Nadu,Regular,2023-11-20
C03670,Utkarsh Tata,Female,35-44,Chennai,Tamil Nadu,Regular,2025-05-23
C03671,Daksha Thaman,Female,45-54,Hyderabad,Telangana,Regular,2024-10-02
C03672,Siya Sanghvi,Male,45-54,Indore,Madhya Pradesh,High Value,2026-03-01
C03673,Balvan Vig,Female,35-44,Indore,Madhya Pradesh,New,2026-02-03
C03674,Odika Solanki,Female,55+,Indore,Madhya Pradesh,Loyal,2025-09-21
C03675,Sai Devi,Female,45-54,Kochi,Kerala,High Value,2024-10-26
C03676,Ishani Mistry,Male,45-54,Kolkata,West Bengal,Loyal,2026-03-17
C03677,Yauvani Seshadri,Female,35-44,Madurai,Tamil Nadu,Regular,2024-09-25
C03678,Deepa Pandey,Male,18-24,Madurai,Tamil Nadu,Regular,2024-02-03
C03679,Aditya Buch,Male,55+,Jaipur,Rajasthan,High Value,2026-04-12
C03680,Xalak Johal,Female,35-44,Coimbatore,Tamil Nadu,Regular,2025-02-02
C03681,Upasna Edwin,Male,55+,Lucknow,Uttar Pradesh,Regular,2024-06-06
C03682,Theodore Balakrishnan,Male,55+,Chennai,Tamil Nadu,Loyal,2026-03-04
C03683,Diya Trivedi,Female,18-24,Chennai,Tamil Nadu,Regular,2024-04-04
C03684,Darpan Guha,Female,55+,Lucknow,Uttar Pradesh,Regular,2025-12-27
C03685,Rachit Sule,Male,35-44,Patna,Bihar,Regular,2024-07-20
C03686,Fiyaz Basak,Female,25-34,Bhopal,Madhya Pradesh,Loyal,2025-06-03
C03687,Azad Talwar,Male,18-24,Delhi,Delhi,Regular,2025-02-12
C03688,Aadhya Prashad,Female,18-24,Jaipur,Rajasthan,Regular,2026-01-25
C03689,Netra Palla,Male,45-54,Madurai,Tamil Nadu,Regular,2024-01-07
C03690,Vrinda Sekhon,Female,25-34,Chennai,Tamil Nadu,Loyal,2024-08-09
C03691,Daniel Chana,Female,25-34,Coimbatore,Tamil Nadu,Regular,2025-04-08
C03692,Vritti Saran,Female,25-34,Bhubaneswar,Odisha,Loyal,2024-07-18
C03693,Ekanta Trivedi,Male,25-34,Trichy,Tamil Nadu,New,2023-08-12
C03694,Ishwar Wali,Male,45-54,Visakhapatnam,Andhra Pradesh,Regular,2024-11-18
C03695,Rishi Gill,Male,55+,Kochi,Kerala,Loyal,2026-06-10
C03696,Anvi Golla,Male,45-54,Ahmedabad,Gujarat,Regular,2026-05-24
C03697,Faqid Chaudhary,Female,55+,Pune,Maharashtra,Loyal,2025-09-20
C03698,Rachita Talwar,Male,18-24,Madurai,Tamil Nadu,Regular,2024-02-28
C03699,Jasmit Rege,Female,45-54,Ahmedabad,Gujarat,Regular,2024-07-02
C03700,Aadi Rout,Male,18-24,Mumbai,Maharashtra,New,2024-09-02
C03701,Abdul Parmar,Male,25-34,Madurai,Tamil Nadu,Regular,2025-09-13
C03702,Vritti Mohan,Female,55+,Patna,Bihar,Regular,2025-12-26
C03703,Siddharth Tak,Male,55+,Madurai,Tamil Nadu,Regular,2023-10-20
C03704,Mahika Panchal,Male,25-34,Patna,Bihar,Regular,2025-04-28
C03705,Kamya Kapadia,Male,45-54,Delhi,Delhi,New,2024-04-24
C03706,Bhavna Subramanian,Male,18-24,Coimbatore,Tamil Nadu,Regular,2023-10-05
C03707,Harsh Hayre,Male,35-44,Pune,Maharashtra,Loyal,2024-02-26
C03708,Mitali Ray,Female,25-34,Bengaluru,Karnataka,Loyal,2025-05-28
C03709,Bhanumati Johal,Male,45-54,Hyderabad,Telangana,Regular,2025-05-21
C03710,Nidra Wali,Male,25-34,Hyderabad,Telangana,Regular,2025-03-10
C03711,Chakradhar Majumdar,Male,25-34,Patna,Bihar,Regular,2025-07-22
C03712,Ranveer Nadig,Male,18-24,Bhopal,Madhya Pradesh,Regular,2026-02-14
C03713,Mitali Parikh,Male,25-34,Madurai,Tamil Nadu,Regular,2025-10-26
C03714,Samuel Bir,Female,25-34,Kochi,Kerala,Loyal,2026-06-04
C03715,Om Khanna,Male,45-54,Kochi,Kerala,New,2024-01-01
C03716,Osha Deshpande,Female,18-24,Jaipur,Rajasthan,New,2024-06-29
C03717,Dakshesh Bal,Female,45-54,Ahmedabad,Gujarat,Regular,2024-11-21
C03718,Jason Lad,Male,45-54,Mumbai,Maharashtra,Regular,2026-03-31
C03719,Lakshit Divan,Female,25-34,Bhopal,Madhya Pradesh,Regular,2025-11-19
C03720,Bhanumati Handa,Female,45-54,Bhopal,Madhya Pradesh,Loyal,2024-08-05
C03721,Devika Arya,Male,45-54,Kochi,Kerala,New,2024-09-28
C03722,Darpan Pall,Male,18-24,Madurai,Tamil Nadu,Regular,2023-11-13
C03723,Advay Dixit,Female,45-54,Kolkata,West Bengal,Regular,2025-01-03
C03724,Timothy Chada, MALE ,55+,Jaipur,Rajasthan,Regular,2025-04-08
C03725,Jeevika Chanda,Female,55+,Delhi,Delhi,Regular,2023-10-19
C03726,Onkar Issac,Male,45-54,Bhubaneswar,Odisha,Regular,2024-06-22
C03727,Hemani Kanda,Female,55+,Indore,Madhya Pradesh,Regular,2023-11-02
C03728,Chatresh Bhatnagar,Female,35-44,Madurai,Tamil Nadu,Loyal,2024-08-01
C03729,Ishaan Soman,Male,35-44,Delhi,Delhi,Loyal,2026-01-27
C03730,Rohan Buch,Male,55+,Jaipur,Rajasthan,New,2024-05-08
C03731,Michael Pathak,Male,35-44,Delhi,Delhi,Regular,2026-05-10
C03732,Nakul Kade,Female,35-44,Kochi,Kerala,Regular,2024-09-07
C03733,Barkha Choudhry,Male,35-44,Hyderabad,Telangana,New,2025-11-25
C03734,Indira Kohli,Female,25-34,Ahmedabad,Gujarat,Loyal,2025-11-14
C03735,Widisha Dugar,Male,18-24,Bhubaneswar,Odisha,Loyal,2025-07-08
C03736,Jeevika Sagar,Male,25-34,Delhi,Delhi,Regular,2024-01-05
C03737,Nihal Karnik,female,45-54,Jaipur,Rajasthan,Regular,2023-11-16
C03738,Gagan Seth,Female,35-44,Kolkata,West Bengal,Loyal,2023-09-21
C03739,Tamanna Dara,Female,25-34,Lucknow,Uttar Pradesh,Regular,2024-09-29
C03740,Bina Gandhi,Female,18-24,Madurai,Tamil Nadu,High Value,2024-11-14
C03741,Amara Dave,Female,18-24,Patna,Bihar,New,2025-09-30
C03742,Fariq Sule,Female,45-54,Pune,Maharashtra,Loyal,2026-07-08
C03743,Odika Chaudhari,Female,55+,Patna,Bihar,Regular,2024-08-19
C03744,Barkha Parikh,Female,18-24,Hyderabad,Telangana,High Value,2026-03-29
C03745,Amol Pant,Male,45-54,Indore,Madhya Pradesh,Regular,2024-12-31
C03746,Jatin Saraf,Male,25-34,Jaipur,Rajasthan,New,2024-05-26
C03747,Aashi Ghose,Male,18-24,Ahmedabad,Gujarat,Loyal,2025-03-10
C03748,Anya Natarajan,Male,55+,Pune,Maharashtra,Regular,2025-03-19
C03749,Janaki Korpal,Male,45-54,Bengaluru,Karnataka,Regular,2026-04-03
C03750,Zashil Kari,Male,18-24,Bhubaneswar,Odisha,New,2026-07-10
C03751,Charita Bhattacharyya,Female,35-44,Visakhapatnam,Andhra Pradesh,Regular,2024-02-12
C03752,Aditya Chhabra,Male,55+,Mumbai,Maharashtra,Regular,2024-12-04
C03753,Nakul Baral,Female,25-34,Pune,Maharashtra,New,2024-04-03
C03754,Harish Kapoor,Female,25-34,Patna,Bihar,New,2024-04-29
C03755,Isaac Lal,Male,55+,Kolkata,West Bengal,Regular,2023-12-02
C03756,Upadhriti De,Male,55+,Mysuru,Karnataka,Loyal,2026-04-09
C03757,Triveni Agarwal,Female,18-24,Pune,Maharashtra,New,2025-01-13
C03758,Daksh Bali,Male,25-34,Kochi,Kerala,Regular,2026-04-29
C03759,Jhalak Yogi,Male,25-34,Mysuru,Karnataka,Regular,2025-12-06
C03760,Hiral Shan,Male,35-44,Chennai,Tamil Nadu,Regular,2025-10-01
C03761,Yochana Garde,Female,45-54,Visakhapatnam,Andhra Pradesh,Regular,2025-06-07
C03762,Dominic Salvi,Male,45-54,Trichy,Tamil Nadu,Loyal,2025-03-01
C03763,Fitan Purohit,Male,45-54,Lucknow,Uttar Pradesh,Loyal,2024-02-13
C03764,Bhanumati Apte,Male,55+,Kolkata,West Bengal,Loyal,2025-01-06
C03765,Aayush Kalita,Female,45-54,Hyderabad,Telangana,Loyal,2025-09-27
C03766,Kiaan Chaudhuri,Female,35-44,Bhopal,Madhya Pradesh,New,2025-08-29
C03767,Yochana Kunda,Female,45-54,Bhopal,Madhya Pradesh,Regular,2024-04-24
C03768,Kamya Raju,Male,18-24,Ahmedabad,Gujarat,Regular,2023-09-20
C03769,Amrita Chaudhari,Male,45-54,Kolkata,West Bengal,Regular,2023-12-09
C03770,Ishanvi Bhalla,Female,45-54,Jaipur,Rajasthan,Regular,2025-05-27
C03771,Akshay Bhatia,Male,45-54,Delhi,Delhi,Regular,2023-10-05
C03772,Zaid Comar,Male,55+,Indore,Madhya Pradesh,Regular,2025-11-28
C03773,Dayita Ray,Female,18-24,Madurai,Tamil Nadu,Regular,2024-12-28
C03774,Arunima Mani,Female,45-54,Ahmedabad,Gujarat,New,2025-11-05
C03775,Patrick Vohra,Female,45-54,Kochi,Kerala,New,2025-07-01
C03776,Udyati Bahl,Female,25-34,Pune,Maharashtra,Regular,2026-06-27
C03777,Qarin Chada,Female,25-34,Pune,Maharashtra,New,2025-10-23
C03778,Zashil Varkey,Male,18-24,Bhubaneswar,Odisha,High Value,2024-11-12
C03779,Ekantika Choudhry,Male,25-34,Ahmedabad,Gujarat,New,2024-06-11
C03780,Maanas Bora,Male,55+,Mysuru,Karnataka,Regular,2024-12-27
C03781,Bina Padmanabhan,Female,18-24,Coimbatore,Tamil Nadu,Regular,2025-09-30
C03782,Ridhi Saraf,Female,25-34,Pune,Maharashtra,Regular,2025-07-24
C03783,Adweta Hegde,Female,25-34,Kochi,Kerala,Regular,2024-02-19
C03784,Rehaan Ratti,Male,55+,Delhi,Delhi,New,2024-11-03
C03785,Idika Bahri,Male,55+,Madurai,Tamil Nadu,Regular,2023-11-10
C03786,Gautam Mammen,Female,55+,Mysuru,Karnataka,Regular,2026-06-14
C03787,Laksh Chaudry,Male,25-34,Kochi,Kerala,New,2025-05-09
C03788,Faraj Nair,Male,18-24,Hyderabad,Telangana,Loyal,2024-11-26
C03789,Priya Roy,Male,55+,Pune,Maharashtra,New,2024-12-25
C03790,Isaiah Lalla,Female,25-34,Lucknow,Uttar Pradesh,New,2024-10-27
C03791,Ekansh Thaker,Male,18-24,Mysuru,Karnataka,Regular,2024-07-26
C03792,Mohammed Padmanabhan,Female,55+,Mysuru,Karnataka,Loyal,2023-08-17
C03793,Hritik Srivastava,Male,45-54,Bhopal,Madhya Pradesh,New,2026-04-25
C03794,Odika Nanda,Female,25-34,Coimbatore,Tamil Nadu,Loyal,2026-01-20
C03795,Fiyaz Tailor,Female,55+,Mumbai,Maharashtra,Loyal,2025-07-14
C03796,Jackson Kulkarni,Male,45-54,Lucknow,Uttar Pradesh,New,2025-05-25
C03797,Neha Chokshi,Male,25-34,Trichy,Tamil Nadu,Regular,2024-10-03
C03798,Yamini Wason,Male,45-54,Coimbatore,Tamil Nadu,New,2026-06-04
C03799,Raagini Soni,Female,55+,Delhi,Delhi,Loyal,2024-01-10
C03800,Adya Vora,Female,55+,Kolkata,West Bengal,Regular,2025-10-04
C03801,Omkaar Lala,Female,55+,Bhopal,Madhya Pradesh,Regular,2024-01-30
C03802,Harish Nagar,Female,55+,Kolkata,West Bengal,Loyal,2024-04-30
C03803,Siddharth Pall,Female,25-34,Mysuru,Karnataka,Loyal,2023-10-09
C03804,Widisha Devan,Male,55+,Hyderabad,Telangana,High Value,2025-06-06
C03805,Maanas Deep,Male,55+,Delhi,Delhi,Loyal,2023-11-29
C03806,Orinder Raval,Female,35-44,Kolkata,West Bengal,Regular,2025-12-24
C03807,Warda Parekh,Female,25-34,Jaipur,Rajasthan,Loyal,2023-10-17
C03808,Chasmum Subramaniam,Female,25-34,Hyderabad,Telangana,Regular,2023-09-07
C03809,Vritti Madan,Male,35-44,Bhubaneswar,Odisha,Regular,2024-02-05
C03810,Rehaan Bajaj,Male,25-34,Bengaluru,Karnataka,Loyal,2025-08-14
C03811,Vritti Agrawal,Female,45-54,Pune,Maharashtra,Regular,2026-05-18
C03812,Ganga Lal,Female,25-34,Lucknow,Uttar Pradesh,Regular,2023-08-28
C03813,Wazir Bhardwaj,Male,25-34,Kochi,Kerala,Loyal,2023-12-30
C03814,Libni Rau,Female,35-44,Trichy,Tamil Nadu,New,2025-11-14
C03815,Kamala Borde,Female,45-54,Lucknow,Uttar Pradesh,New,2024-03-10
C03816,Rachita Viswanathan,Female,55+,Delhi,Delhi,Regular,2025-08-13
C03817,Wyatt Kurian,Female,18-24,Coimbatore,Tamil Nadu,Regular,2026-01-10
C03818,Victor Sekhon,Female,55+,Hyderabad,Telangana,New,2024-08-14
C03819,Charita Kara,Male,55+,Trichy,Tamil Nadu,Regular,2024-11-03
C03820,Pranav Bir,Male,55+,Chennai,Tamil Nadu,Regular,2023-08-28
C03821,Gautami Shankar,Female,35-44,Lucknow,Uttar Pradesh,Loyal,2023-10-23
C03822,Mason Aggarwal,female,55+,Lucknow,Uttar Pradesh,Regular,2026-03-09
C03823,Arya Dube,Male,55+,Ahmedabad,Gujarat,Regular,2023-09-26
C03824,Suhani Tata,Female,45-54,Lucknow,Uttar Pradesh,Loyal,2024-03-14
C03825,Xiti Naik,Male,25-34,Coimbatore,Tamil Nadu,Loyal,2024-12-07
C03826,Jeet Desai,Female,45-54,Kolkata,West Bengal,Loyal,2026-05-21
C03827,Chanchal Iyengar,Male,25-34,Pune,Maharashtra,Loyal,2025-11-12
C03828,Nakul Kurian,Male,55+,Hyderabad,Telangana,Regular,2025-04-30
C03829,Libni Brar,Male,18-24,Kolkata,West Bengal,New,2023-09-08
C03830,Damini Chopra,Male,25-34,Chennai,Tamil Nadu,Regular,2024-07-17
C03831,Wyatt Ramakrishnan,Female,25-34,Hyderabad,Telangana,Regular,2025-11-30
C03832,Lucky Kunda,Female,25-34,Bhubaneswar,Odisha,New,2024-03-13
C03833,Rushil Rana,Male,18-24,Madurai,Tamil Nadu,Regular,2024-08-22
C03834,Abdul Yadav,Male,25-34,Indore,Madhya Pradesh,Regular,2024-04-16
C03835,Aishani Lata,Female,18-24,Mysuru,Karnataka,New,2025-08-11
C03836,Maya Sharma,Female,55+,Lucknow,Uttar Pradesh,Loyal,2024-06-30
C03837,Liam Talwar,Female,35-44,Ahmedabad,Gujarat,Regular,2023-08-30
C03838,Tanmayi Pillai,Female,35-44,Patna,Bihar,Regular,2024-09-14
C03839,Ati Narayan,Female,55+,Bhubaneswar,Odisha,Loyal,2025-02-19
C03840,Aadhya Iyengar,Male,18-24,Mumbai,Maharashtra,Regular,2026-04-28
C03841,Wahab Sethi,Female,55+,Pune,Maharashtra,Regular,2026-06-11
C03842,Ekiya Madan,Male,55+,Kolkata,West Bengal,Regular,2024-07-19
C03843,Mitali Keer,Male,25-34,Pune,Maharashtra,Regular,2024-02-24
C03844,Yug Thaman,Male,45-54,Mumbai,Maharashtra,Loyal,2024-05-01
C03845,Warda Kakar,Female,45-54,Trichy,Tamil Nadu,Loyal,2024-07-14
C03846,Wazir Batra,Female,35-44,Kochi,Kerala,New,2023-09-10
C03847,Dhriti Barad,Female,18-24,Mysuru,Karnataka,Loyal,2026-03-16
C03848,Harshil Cherian,Female,45-54,Coimbatore,Tamil Nadu,Loyal,2025-07-15
C03849,Vamakshi Mishra,Female,45-54,Bengaluru,Karnataka,High Value,2026-01-29
C03850,Wazir Wali,Female,18-24,Jaipur,Rajasthan,Regular,2023-12-15
C03851,Omya Wadhwa,Female,45-54,,Madhya Pradesh,Regular,2025-09-05
C03852,Arunima Murthy,Female,25-34,Kolkata,West Bengal,Regular,2026-03-17
C03853,Faraj Patla,Male,35-44,Visakhapatnam,Andhra Pradesh,New,2026-01-02
C03854,Nitesh Kar,Female,18-24,Jaipur,Rajasthan,New,2024-04-20
C03855,Anita Bath,Male,25-34,Madurai,Tamil Nadu,Regular,2024-07-12
C03856,Azad Ramanathan,Male,25-34,Indore,Madhya Pradesh,High Value,2026-05-02
C03857,Waida Kothari,Female,25-34,Chennai,Tamil Nadu,New,2023-09-20
C03858,Adya Dhawan,Female,35-44,Delhi,Delhi,Regular,2024-09-01
C03859,Arin Bhattacharyya,Male,25-34,Madurai,Tamil Nadu,Loyal,2024-12-28
C03860,Jairaj Comar,Male,18-24,Jaipur,Rajasthan,High Value,2026-01-23
C03861,Ishwar Sandal,Male,55+,Madurai,Tamil Nadu,New,2025-02-18
C03862,Aarna Sekhon,Male,45-54,Hyderabad,Telangana,Loyal,2023-10-06
C03863,Yadavi Bhargava,Male,35-44,Indore,Madhya Pradesh,Regular,2025-05-22
C03864,Girindra Aggarwal,Male,55+,Visakhapatnam,Andhra Pradesh,Regular,2024-04-10
C03865,Radhika Hari,Female,55+,Madurai,Tamil Nadu,Loyal,2025-12-06
C03866,Charvi Mandal,Male,45-54,Mysuru,Karnataka,Regular,2025-11-17
C03867,Faras Rattan,Male,45-54,Delhi,Delhi,Loyal,2024-03-18
C03868,Ronith Kant,Female,45-54,Mysuru,Karnataka,Regular,2026-02-24
C03869,Atharv Khatri,Female,35-44,Bhopal,Madhya Pradesh,Regular,2023-11-04
C03870,Logan Rajan,Female,25-34,Kolkata,West Bengal,Loyal,2026-05-28
C03871,Benjamin Iyengar,Female,25-34,Delhi,Delhi,Regular,2024-07-24
C03872,Siddharth Kulkarni,Male,18-24,Bengaluru,Karnataka,New,2024-04-26
C03873,Jeremiah Lad,Male,25-34,Bhubaneswar,Odisha,New,2026-02-11
C03874,Jason Thakur,Male,25-34,Lucknow,Uttar Pradesh,Loyal,2025-02-25
C03875,Deepa Ganguly,Female,35-44,Delhi,Delhi,Regular,2025-03-21
C03876,Caleb Dubey,Female,45-54,Indore,Madhya Pradesh,New,2024-03-12
C03877,Amaira Sharaf,Female,25-34,Patna,Bihar,Loyal,2025-03-20
C03878,Yuvraj Balay,Female,25-34,Coimbatore,Tamil Nadu,Regular,2025-03-28
C03879,Balhaar Kapur,Male,18-24,Ahmedabad,Gujarat,New,2026-06-14
C03880,Lila Ganguly,Female,25-34,Pune,Maharashtra,Loyal,2026-05-19
C03881,Frado Kar,Female,35-44,Lucknow,Uttar Pradesh,Regular,2024-02-04
C03882,Neelima Bansal,Female,35-44,,Rajasthan,High Value,2024-01-17
C03883,Fiyaz Sahni,Male,18-24,Bhubaneswar,Odisha,Loyal,2023-09-11
C03884,Sudiksha Gokhale,Female,45-54,Mysuru,Karnataka,New,2024-10-07
C03885,Akshay Cheema,Male,18-24,Jaipur,Rajasthan,Loyal,2024-02-05
C03886,Edhitha Deshpande,Female,35-44,Mumbai,Maharashtra,Loyal,2026-04-10
C03887,Ladli Seth,Female,18-24,Mysuru,Karnataka,Loyal,2024-06-03
C03888,Zansi Narasimhan,Female,55+,Ahmedabad,Gujarat,Regular,2023-11-13
C03889,Indrajit Lall,Male,45-54,Chennai,Tamil Nadu,Loyal,2025-02-12
C03890,Kashvi Badami,Male,25-34,Bhopal,Madhya Pradesh,New,2024-06-06
C03891,Ekavir Raval,Female,55+,Bhopal,Madhya Pradesh,Regular,2025-10-16
C03892,Dayita Deep,Male,45-54,Bhopal,Madhya Pradesh,Loyal,2025-10-26
C03893,Devika Venkataraman,Female,55+,Coimbatore,Tamil Nadu,Regular,2025-05-03
C03894,Irya Rau,Female,18-24,Patna,Bihar,Regular,2024-08-05
C03895,Ridhi Dhar,Female,55+,Chennai,Tamil Nadu,Regular,2026-06-12
C03896,Om Salvi,Female,45-54,Madurai,Tamil Nadu,Loyal,2025-08-07
C03897,Rehaan Sha,Male,35-44,Visakhapatnam,Andhra Pradesh,Loyal,2026-05-10
C03898,Vansha Dar,Female,35-44,Mumbai,Maharashtra,Regular,2024-02-13
C03899,Victor Bera,Male,55+,Coimbatore,Tamil Nadu,Regular,2024-04-10
C03900,Victor Uppal,Male,55+,Pune,Maharashtra,Regular,2023-10-26
C03901,Ojas Maharaj,Female,25-34,Mumbai,Maharashtra,Regular,2026-02-22
C03902,Ati Kannan,Male,18-24,Kochi,Kerala,Loyal,2026-01-27
C03903,Parth Prabhakar,Female,18-24,Pune,Maharashtra,Regular,2023-12-29
C03904,Triya Sarin,Male,45-54,Delhi,Delhi,High Value,2024-07-12
C03905,Warjas Sabharwal,Female,18-24,Hyderabad,Telangana,Loyal,2025-09-21
C03906,Nikita Patil,Female,25-34,Kolkata,West Bengal,Regular,2026-07-04
C03907,Vyanjana Bhalla,Male,45-54,Hyderabad,Telangana,New,2025-03-30
C03908,Ronith Bhavsar,Female,18-24,Mumbai,Maharashtra,New,2024-04-14
C03909,Kashish Vala,Male,35-44,Pune,Maharashtra,Regular,2025-11-22
C03910,Nakul Memon,Male,45-54,Kochi,Kerala,Regular,2024-07-28
C03911,Harini Palla,Female,18-24,Mysuru,Karnataka,Loyal,2023-11-23
C03912,Bhavna Pandya,Female,55+,Delhi,Delhi,Regular,2024-04-10
C03913,Nidhi Ben,Male,25-34,Madurai,Tamil Nadu,Loyal,2025-12-27
C03914,Ojasvi Muni,Male,18-24,Chennai,Tamil Nadu,Loyal,2024-04-17
C03915,Chaitanya Chokshi,Male,18-24,Pune,Maharashtra,Loyal,2025-01-03
C03916,Urmi Doshi,Male,55+,Jaipur,Rajasthan,Loyal,2024-02-11
C03917,Xalak Grewal,Female,55+,Patna,Bihar,New,2024-09-29
C03918,Dalbir Kohli,Female,18-24,Visakhapatnam,Andhra Pradesh,Regular,2024-05-29
C03919,Fariq Nagarajan,Female,25-34,Madurai,Tamil Nadu,Regular,2024-09-24
C03920,Nidhi Ahluwalia,Female,18-24,Hyderabad,Telangana,Loyal,2024-05-21
C03921,Raksha Bakshi,Male,18-24,Visakhapatnam,Andhra Pradesh,New,2025-11-09
C03922,Lavanya Dua,Male,55+,Jaipur,Rajasthan,Loyal,2024-01-24
C03923,Lohit Sami,Male,45-54,Patna,Bihar,High Value,2023-11-17
C03924,Agastya Oza,Male,35-44,Ahmedabad,Gujarat,Loyal,2025-02-06
C03925,Om Dar,Male,55+,Kochi,Kerala,Loyal,2025-02-01
C03926,Krisha Roy,Male,25-34,Kolkata,West Bengal,New,2024-09-08
C03927,Charan De,Male,25-34,Indore,Madhya Pradesh,Loyal,2025-12-25
C03928,Siddharth Agate,Female,45-54,Indore,Madhya Pradesh,Regular,2024-10-10
C03929,Nilima Sidhu,Male,18-24,Ahmedabad,Gujarat,New,2024-06-16
C03930,Bahadurjit Rana,Male,55+,Hyderabad,Telangana,Regular,2024-10-17
C03931,Nitara Karpe,Female,45-54,Ahmedabad,Gujarat,Loyal,2023-12-28
C03932,Ishwar Trivedi,Female,45-54,Chennai,Tamil Nadu,New,2024-12-19
C03933,Watika Sarkar,Male,55+,Trichy,Tamil Nadu,New,2023-11-03
C03934,Dayita Hari,Female,18-24,Indore,Madhya Pradesh,Regular,2024-01-21
C03935,Bakhshi Dutta,Female,25-34,Coimbatore,Tamil Nadu,Regular,2025-05-26
C03936,Patrick Jayaraman,Female,18-24,Kochi,Kerala,Loyal,2024-12-07
C03937,Janya Kannan,Female,25-34,Coimbatore,Tamil Nadu,Regular,2023-09-23
C03938,Yug Shanker,Male,35-44,Kolkata,West Bengal,Regular,2026-02-02
C03939,Nilima Parikh,Male,55+,Kochi,Kerala,Regular,2025-10-19
C03940,Balendra Chandran,Female,35-44,Indore,Madhya Pradesh,Regular,2024-12-05
C03941,Karan Yohannan,Female,35-44,Chennai,Tamil Nadu,New,2024-12-14
C03942,Abeer Barad,Male,55+,Madurai,Tamil Nadu,Regular,2025-08-13
C03943,Hardik Sastry,Female,18-24,Trichy,Tamil Nadu,New,2024-10-09
C03944,Varenya Bir,Female,35-44,Pune,Maharashtra,Loyal,2024-01-25
C03945,Jyoti Bobal,Male,55+,Mysuru,Karnataka,Loyal,2025-01-13
C03946,Harini Parsa,Male,35-44,Mumbai,Maharashtra,Regular,2024-01-09
C03947,Rudra Kara,Male,55+,Patna,Bihar,Loyal,2025-06-17
C03948,Anamika Zachariah,Female,55+,Patna,Bihar,Regular,2025-02-09
C03949,Vasudha Sura,Female,18-24,Trichy,Tamil Nadu,Regular,2023-09-08
C03950,Shravya Mahajan,Male,35-44,Kochi,Kerala,Regular,2025-11-14
C03951,Balendra Gade,Male,18-24,Coimbatore,Tamil Nadu,New,2024-04-29
C03952,Sachi Kakar,Male,18-24,Bhubaneswar,Odisha,Loyal,2026-05-31
C03953,Rachit Kara,Female,35-44,Coimbatore,Tamil Nadu,Regular,2025-03-09
C03954,Ojasvi Deshpande,Female,25-34,Trichy,Tamil Nadu,Regular,2023-08-16
C03955,Hiral Bhagat,Male,18-24,Patna,Bihar,Regular,2025-12-13
C03956,Baljiwan Chada,Male,18-24,Mysuru,Karnataka,Regular,2023-08-17
C03957,Jasmit Mitter,Male,55+,Bengaluru,Karnataka,Regular,2026-04-26
C03958,Brinda Luthra,Male,55+,Kochi,Kerala,Loyal,2024-03-14
C03959,Ati Dara,Male,45-54,Bhubaneswar,Odisha,Regular,2024-12-03
C03960,Jalsa Chatterjee,Female,25-34,Coimbatore,Tamil Nadu,Regular,2025-05-09
C03961,Ishanvi Nadkarni,Male,55+,Kolkata,West Bengal,Regular,2025-01-26
C03962,Kiaan Chhabra,Female,55+,Bengaluru,Karnataka,Regular,2025-01-26
C03963,Aarav Biswas,Female,35-44,Bhubaneswar,Odisha,Regular,2025-06-04
C03964,Mahika Mander,Female,35-44,Trichy,Tamil Nadu,Regular,2025-03-23
C03965,Samuel Kala,Male,18-24,Indore,Madhya Pradesh,Regular,2024-03-26
C03966,Laban Chakrabarti,Female,25-34,Hyderabad,Telangana,Regular,2024-05-27
C03967,Radhika Rajan,Male,25-34,Bhubaneswar,Odisha,New,2025-06-03
C03968,Aditya Divan,Male,25-34,Coimbatore,Tamil Nadu,Loyal,2024-07-30
C03969,Turvi Chand,Female,25-34,Madurai,Tamil Nadu,High Value,2024-04-10
C03970,Aarna Ahuja,Male,55+,Pune,Maharashtra,New,2025-08-15
C03971,Ekapad Parekh,Male,18-24,Hyderabad,Telangana,Regular,2023-11-01
C03972,Advika Gola,Male,45-54,Jaipur,Rajasthan,New,2024-01-07
C03973,Dev Kakar,Female,35-44,Trichy,Tamil Nadu,High Value,2025-08-27
C03974,Nisha Swamy,Female,45-54,Kolkata,West Bengal,Regular,2025-02-06
C03975,Orinder Prabhu,Male,45-54,Bengaluru,Karnataka,Regular,2025-10-01
C03976,Neha Lad,Female,45-54,Mumbai,Maharashtra,Loyal,2024-08-31
C03977,Keya Bhatia,Male,35-44,Kochi,Kerala,New,2026-03-25
C03978,Kevin Sani,Male,18-24,Lucknow,Uttar Pradesh,Loyal,2025-04-11
C03979,Vidhi Menon,Female,55+,Coimbatore,Tamil Nadu,Regular,2025-01-13
C03980,Ronith Bhakta,Male,35-44,Kochi,Kerala,New,2026-03-22
C03981,Praneel Ray,Male,45-54,,Maharashtra,Loyal,2024-05-10
C03982,Anjali Som,Male,55+,Indore,Madhya Pradesh,Regular,2024-05-31
C03983,Timothy Cherian,Male,45-54,Delhi,Delhi,Regular,2026-05-22
C03984,Fitan Subramanian,Female,45-54,Pune,Maharashtra,Regular,2023-09-27
C03985,Bhavna Joshi,Male,45-54,Indore,Madhya Pradesh,Loyal,2025-01-10
C03986,Diya Loke,Male,45-54,Chennai,Tamil Nadu,Regular,2025-08-06
C03987,Sathvik Ramaswamy,Male,18-24,Patna,Bihar,Regular,2024-11-12
C03988,Harrison Chandra,Female,18-24,Ahmedabad,Gujarat,Regular,2026-03-09
C03989,Onkar Chana,Female,45-54,Bhopal,Madhya Pradesh,New,2024-04-01
C03990,Tejas Shankar,Male,25-34,Bhubaneswar,Odisha,Loyal,2026-01-15
C03991,Gautami Sodhi,Male,55+,Pune,Maharashtra,Loyal,2025-08-25
C03992,Vivaan Wason,Male,45-54,Bhubaneswar,Odisha,High Value,2023-08-30
C03993,Janya Ganguly,Male,18-24,Chennai,Tamil Nadu,Regular,2024-10-22
C03994,Kritika Anne,Female,55+,Patna,Bihar,Regular,2026-06-16
C03995,Kalpit Subramaniam,Male,25-34,Indore,Madhya Pradesh,New,2024-04-05
C03996,Anjali Bedi,Female,35-44,Delhi,Delhi,Regular,2023-10-16
C03997,Pranit Batra,Male,45-54,Pune,Maharashtra,Regular,2024-03-31
C03998,Madhavi Patel,Female,18-24,Visakhapatnam,Andhra Pradesh,Regular,2024-06-28
C03999,Tanmayi Chhabra,Male,25-34,Visakhapatnam,Andhra Pradesh,Regular,2026-04-28
C04000,Michael Khatri,Female,45-54,Jaipur,Rajasthan,Loyal,2025-04-08
C04001,Varenya Saran,Female,45-54,Patna,Bihar,Regular,2024-08-18
C04002,Sarthak Saxena,Male,18-24,Patna,Bihar,New,2023-09-18
C04003,Caleb Garde,Male,45-54,Bengaluru,Karnataka,Loyal,2025-12-21
C04004,Noah Bahl,Female,45-54,Hyderabad,Telangana,Regular,2026-03-20
C04005,Nikita Khare,Male,55+,Madurai,Tamil Nadu,Regular,2025-01-19
C04006,Harinakshi Biswas,Male,25-34,Bengaluru,Karnataka,Regular,2024-02-26
C04007,Aishani Borah,Male,35-44,Trichy,Tamil Nadu,New,2024-09-13
C04008,Dalaja Gour,Female,18-24,Bhubaneswar,Odisha,High Value,2025-08-05
C04009,Damyanti Sanghvi,Female,25-34,Bhubaneswar,Odisha,New,2024-11-18
C04010,Chanchal Kohli,Male,18-24,Mumbai,Maharashtra,Loyal,2025-01-27
C04011,Banjeet Murthy,Male,18-24,Visakhapatnam,Andhra Pradesh,Regular,2024-12-22
C04012,Chakrika Rana,Male,18-24,Pune,Maharashtra,Loyal,2024-05-20
C04013,Chakradev Pillay,Male,45-54,Indore,Madhya Pradesh,Loyal,2024-12-25
C04014,Utkarsh Palla,Male,55+,Trichy,Tamil Nadu,Regular,2023-12-12
C04015,Charita Baria,Female,18-24,Bhubaneswar,Odisha,Regular,2025-09-05
C04016,Fitan Tata,Female,45-54,,Gujarat,Regular,2024-12-20
C04017,Ekaraj Mani,Male,18-24,Mysuru,Karnataka,High Value,2026-06-24
C04018,Nandini Wason,Male,35-44,Bhubaneswar,Odisha,New,2026-06-25
C04019,Eta Hora,Male,18-24,Mysuru,Karnataka,Loyal,2023-11-09
C04020,Vinaya Khatri,Male,25-34,Hyderabad,Telangana,New,2026-03-21
C04021,Elijah Purohit,Male,45-54,Lucknow,Uttar Pradesh,Regular,2023-11-26
C04022,Christopher Kapadia,Male,18-24,Bengaluru,Karnataka,Loyal,2024-06-28
C04023,Tarak Majumdar,Female,35-44,Hyderabad,Telangana,Loyal,2023-09-11
C04024,Brinda Hans,Male,18-24,Kochi,Kerala,Loyal,2025-03-12
C04025,Advaith Pandey,Female,45-54,Mysuru,Karnataka,New,2023-09-20
C04026,Christopher Varty,Male,55+,Ahmedabad,Gujarat,New,2025-04-12
C04027,Indira Ben,Male,18-24,Kochi,Kerala,Loyal,2024-02-01
C04028,Avi Sidhu,Male,25-34,Hyderabad,Telangana,Regular,2023-10-05
C04029,Rohan Khosla,Male,25-34,Kochi,Kerala,Regular,2024-05-14
C04030,Keya Thaker,Female,45-54,Bhopal,Madhya Pradesh,New,2023-10-11
C04031,Reyansh Das,Male,45-54,Visakhapatnam,Andhra Pradesh,Regular,2025-01-15
C04032,Upkaar Khalsa,Female,35-44,Visakhapatnam,Andhra Pradesh,Regular,2025-06-23
C04033,Bimala Bali,Male,18-24,Visakhapatnam,Andhra Pradesh,New,2026-01-15
C04034,Qushi Gara,Female,55+,Delhi,Delhi,Regular,2025-01-17
C04035,Rishi Pai,Male,25-34,Madurai,Tamil Nadu,Loyal,2025-07-24
C04036,Gaurangi Arya,Male,55+,Mumbai,Maharashtra,Regular,2025-01-04
C04037,Hardik Ghosh,Male,18-24,Bhubaneswar,Odisha,Regular,2024-03-22
C04038,Osha Dugar,Male,25-34,Patna,Bihar,Regular,2026-05-14
C04039,Devansh Kumar,Male,25-34,Coimbatore,Tamil Nadu,Regular,2024-11-30
C04040,Girish Samra,Female,55+,Madurai,Tamil Nadu,Regular,2024-01-24
C04041,Avni Varkey,Female,35-44,Pune,Maharashtra,Regular,2025-12-20
C04042,Maanas Soni,Male,45-54,Mysuru,Karnataka,Regular,2024-08-04
C04043,Bhavini Batta,Male,25-34,Hyderabad,Telangana,Regular,2025-01-23
C04044,Pranit Dixit,Male,55+,Madurai,Tamil Nadu,Regular,2024-02-12
C04045,Dipta Sahota,Male,35-44,Kochi,Kerala,Regular,2025-10-18
C04046,Lakshmi Sarma,Female,18-24,Pune,Maharashtra,New,2025-09-02
C04047,Hamsini Agarwal,Male,18-24,Chennai,Tamil Nadu,Loyal,2025-07-28
C04048,Teerth Prabhu,Male,35-44,Chennai,Tamil Nadu,New,2024-03-30
C04049,Damyanti Upadhyay,Male,18-24,Bhubaneswar,Odisha,Regular,2024-02-18
C04050,Rajeshri Deo,Male,45-54,Indore,Madhya Pradesh,Loyal,2025-04-15
C04051,Neelima Dara,Female,18-24,Patna,Bihar,Loyal,2025-05-28
C04052,Brijesh Saran,Male,25-34,Visakhapatnam,Andhra Pradesh,High Value,2023-12-03
C04053,Tripti Wagle,Female,18-24,Jaipur,Rajasthan,Loyal,2026-06-26
C04054,Bishakha Walia,Female,35-44,Bhopal,Madhya Pradesh,Regular,2024-03-16
C04055,Ethan Tandon,Male,55+,Madurai,Tamil Nadu,Regular,2024-03-01
C04056,Kritika Dass,Female,35-44,Patna,Bihar,Regular,2023-12-08
C04057,Amruta Korpal,Male,25-34,Madurai,Tamil Nadu,Loyal,2025-06-01
C04058,Baljiwan Krishna,Male,35-44,Delhi,Delhi,Regular,2024-06-20
C04059,Rachana Parekh,Female,45-54,Coimbatore,Tamil Nadu,New,2025-11-05
C04060,Chameli Palla,Male,18-24,Visakhapatnam,Andhra Pradesh,Regular,2025-08-16
C04061,Bhavna Samra,Female,35-44,Mumbai,Maharashtra,Regular,2023-10-18
C04062,Ansh Ahluwalia,Female,55+,Madurai,Tamil Nadu,Regular,2025-07-01
C04063,Yashodhara Pillay,Female,45-54,Bengaluru,Karnataka,Regular,2025-12-28
C04064,Balvan Biswas,Female,25-34,Mumbai,Maharashtra,Loyal,2024-02-23
C04065,Upasna Din,Male,35-44,Bhopal,Madhya Pradesh,Regular,2025-03-30
C04066,Tanveer Grewal,Female,35-44,Coimbatore,Tamil Nadu,Loyal,2024-04-19
C04067,Yatan Hari,Female,18-24,Bhubaneswar,Odisha,Regular,2025-03-27
C04068,Baljiwan Varma,Female,18-24,Coimbatore,Tamil Nadu,Regular,2024-05-26
C04069,Tanish Toor,Female,55+,Mumbai,Maharashtra,Loyal,2024-12-27
C04070,Darika Chandra,Female,55+,Patna,Bihar,Regular,2025-10-19
C04071,Nitesh Narasimhan,Male,25-34,Chennai,Tamil Nadu,New,2023-09-09
C04072,Ishwar Vyas,Male,18-24,Pune,Maharashtra,Loyal,2025-04-20
C04073,Faraj Devi,Male,55+,Pune,Maharashtra,Loyal,2024-10-07
C04074,Adweta Chopra,Female,35-44,Chennai,Tamil Nadu,High Value,2025-10-08
C04075,Ekta Garde,Female,45-54,Mysuru,Karnataka,Loyal,2024-06-05
C04076,Nandini Ramachandran,Male,45-54,Mumbai,Maharashtra,Loyal,2023-10-01
C04077,Urvashi Butala,Male,45-54,Hyderabad,Telangana,Regular,2025-12-20
C04078,Lopa Gour,Male,25-34,Bengaluru,Karnataka,Regular,2023-08-11
C04079,Ria Zacharia,Female,25-34,Visakhapatnam,Andhra Pradesh,Regular,2024-04-29
C04080,Maanas Chakrabarti,Female,35-44,Delhi,Delhi,New,2025-03-01
C04081,Harish Nazareth,Female,25-34,Mumbai,Maharashtra,Regular,2026-02-01
C04082,Gaurangi Chatterjee,Female,25-34,Bhopal,Madhya Pradesh,New,2025-06-27
C04083,Gunbir Mall,Male,45-54,Pune,Maharashtra,Loyal,2024-11-27
C04084,Wahab Naidu,Female,45-54,Kolkata,West Bengal,New,2023-09-09
C04085,Arjun Pant,Female,18-24,Ahmedabad,Gujarat,New,2026-03-17
C04086,Lekha Deep,Female,35-44,Mumbai,Maharashtra,Regular,2024-06-05
C04087,Vincent Sundaram,Female,25-34,Mysuru,Karnataka,High Value,2025-11-07
C04088,Lucky Misra,Male,45-54,Chennai,Tamil Nadu,Regular,2023-09-10
C04089,Wakeeta Choudhry,Female,35-44,Kochi,Kerala,Regular,2025-03-24
C04090,Dominic Sarna,Male,25-34,Bhopal,Madhya Pradesh,Loyal,2025-09-01
C04091,Priya Rana,Male,55+,Ahmedabad,Gujarat,Regular,2025-05-15
C04092,Kiaan Dass,Male,35-44,Bhopal,Madhya Pradesh,Regular,2024-04-09
C04093,Frado Aggarwal,Female,55+,Bengaluru,Karnataka,Loyal,2024-10-27
C04094,Vamakshi Behl,Female,18-24,Coimbatore,Tamil Nadu,Regular,2024-01-16
C04095,Unni Bath,Female,25-34,Coimbatore,Tamil Nadu,Regular,2024-02-13
C04096,Quincy Ramanathan,Male,35-44,Hyderabad,Telangana,New,2026-06-13
C04097,Samuel Shah,Female,55+,Bhopal,Madhya Pradesh,Regular,2024-07-17
C04098,Eta Guha,Female,25-34,Trichy,Tamil Nadu,Loyal,2025-04-26
C04099,Varsha Dewan,Male,18-24,Trichy,Tamil Nadu,Loyal,2024-06-19
C04100,Wriddhish Parekh,Female,18-24,Lucknow,Uttar Pradesh,Regular,2026-05-29
C04101,Mohini Sule,Male,25-34,Visakhapatnam,Andhra Pradesh,Regular,2024-03-02
C04102,Hiral Mannan,Female,25-34,Hyderabad,Telangana,New,2024-05-08
C04103,Urmi Seshadri,Male,18-24,Jaipur,Rajasthan,Loyal,2025-04-02
C04104,Raksha Batra,Male,18-24,Coimbatore,Tamil Nadu,Loyal,2024-04-09
C04105,Orinder Varghese,Female,35-44,Visakhapatnam,Andhra Pradesh,High Value,2026-06-22
C04106,Yashvi Cheema,Female,55+,Trichy,Tamil Nadu,Loyal,2025-06-05
C04107,Krishna Din,Male,18-24,Patna,Bihar,Loyal,2024-04-13
C04108,Amara Mishra,Male,18-24,Hyderabad,Telangana,Regular,2024-01-02
C04109,Pranit Kala,Female,18-24,Jaipur,Rajasthan,Regular,2024-02-10
C04110,Anusha Karan,Male,25-34,Visakhapatnam,Andhra Pradesh,Regular,2026-03-16
C04111,Neelima Dugar,Female,45-54,Jaipur,Rajasthan,Regular,2023-11-26
C04112,Utkarsh Kari,Male,45-54,Delhi,Delhi,Loyal,2024-04-04
C04113,Orinder Choudhury,Male,45-54,Visakhapatnam,Andhra Pradesh,Regular,2026-05-09
C04114,Sai Loyal,Male,18-24,Ahmedabad,Gujarat,New,2025-04-19
C04115,Faraj Mani,Male,18-24,Visakhapatnam,Andhra Pradesh,Loyal,2024-02-06
C04116,Mekhala Subramanian,Female,18-24,Bhubaneswar,Odisha,Regular,2023-11-14
C04117,Mitali Sanghvi,Male,45-54,Mumbai,Maharashtra,Regular,2025-01-29
C04118,Udarsh Loyal,Male,55+,Jaipur,Rajasthan,New,2024-08-21
C04119,Ranveer Jain,Male,25-34,Kochi,Kerala,Loyal,2024-08-28
C04120,Ekalinga Kala,Male,55+,Mysuru,Karnataka,Regular,2025-07-12
C04121,Mason Maharaj,Male,25-34,Bengaluru,Karnataka,Regular,2026-07-06
C04122,Leela Iyer,Female,45-54,Jaipur,Rajasthan,New,2026-02-27
C04123,Chameli Varma,Male,35-44,Pune,Maharashtra,New,2025-06-11
C04124,Zashil Wason,Female,18-24,Patna,Bihar,Loyal,2024-12-17
C04125,Ekaraj Tank,Female,25-34,Chennai,Tamil Nadu,Regular,2024-12-20
C04126,Ekansh Borah,Female,45-54,Kolkata,West Bengal,High Value,2026-05-29
C04127,Madhavi Nadig,Male,18-24,Coimbatore,Tamil Nadu,Loyal,2024-01-13
C04128,Ikbal Sachar,Male,18-24,Kochi,Kerala,Loyal,2026-01-21
C04129,Ekanta Rana,Male,35-44,Coimbatore,Tamil Nadu,Regular,2024-07-29
C04130,Raagini Patel,Male,18-24,Visakhapatnam,Andhra Pradesh,Regular,2024-01-13
C04131,Unnati Singhal,Male,35-44,Lucknow,Uttar Pradesh,Loyal,2024-07-30
C04132,Nimrat D’Alia,Male,25-34,Hyderabad,Telangana,Loyal,2025-09-14
C04133,Vansha Kothari,Female,35-44,Pune,Maharashtra,New,2024-09-15
C04134,Ayush Sankar,Male,45-54,Kochi,Kerala,Regular,2023-11-04
C04135,Mitali Barad,Female,45-54,Indore,Madhya Pradesh,Loyal,2024-07-13
C04136,Ishwar Shroff,Male,55+,Bengaluru,Karnataka,Loyal,2023-09-29
C04137,Gayathri Bava,Male,18-24,Delhi,Delhi,Regular,2024-10-12
C04138,Pavani Palla,Male,55+,Patna,Bihar,High Value,2024-08-15
C04139,Girik Ramachandran,Female,35-44,Hyderabad,Telangana,Regular,2024-04-30
C04140,Hema Kothari,Male,45-54,Patna,Bihar,New,2023-12-14
C04141,Parth Mital,Female,55+,Mumbai,Maharashtra,Loyal,2025-09-20
C04142,Vinaya Banerjee,Male,35-44,Coimbatore,Tamil Nadu,Regular,2024-08-22
C04143,Zarna Kakar,Male,55+,Chennai,Tamil Nadu,Regular,2023-10-15
C04144,Charles Bail,Male,35-44,Bhubaneswar,Odisha,Regular,2026-04-17
C04145,Aarna Nagarajan,Male,45-54,Mysuru,Karnataka,High Value,2026-07-06
C04146,Rachit Palla,Male,45-54,Bhubaneswar,Odisha,Loyal,2025-08-31
C04147,Matthew Chad,Female,55+,Bhubaneswar,Odisha,Regular,2024-08-04
C04148,Chaaya Sahota,Female,55+,Kolkata,West Bengal,Regular,2025-04-04
C04149,Dev Palan,Female,18-24,Visakhapatnam,Andhra Pradesh,Loyal,2023-12-09
C04150,Gaurika Dasgupta,Male,55+,Delhi,Delhi,Loyal,2025-11-01
C04151,Kala Sheth,Female,55+,Bhubaneswar,Odisha,Regular,2024-04-24
C04152,Falguni Ram,Male,35-44,Jaipur,Rajasthan,New,2024-05-11
C04153,Dipta Gupta,Female,55+,Bhopal,Madhya Pradesh,Regular,2025-01-05
C04154,Chavvi Thaker,Male,25-34,Hyderabad,Telangana,New,2023-10-07
C04155,Raagini Brahmbhatt,Female,25-34,Mumbai,Maharashtra,Loyal,2026-03-05
C04156,Fitan Deshmukh,Female,55+,Kochi,Kerala,Regular,2025-09-13
C04157,Darsh Palla,Female,55+,Coimbatore,Tamil Nadu,Regular,2026-05-25
C04158,Chatura Morar,Female,25-34,Patna,Bihar,Regular,2026-03-03
C04159,Daniel Mital,Female,45-54,Trichy,Tamil Nadu,High Value,2026-02-18
C04160,Luke Rout,Female,25-34,Chennai,Tamil Nadu,Loyal,2023-12-03
C04161,Xiti Thaman,Male,55+,Delhi,Delhi,Regular,2025-10-03
C04162,Falguni Gera,Female,25-34,Jaipur,Rajasthan,Loyal,2023-12-18
C04163,Jeremiah Kuruvilla,Male,55+,Bhopal,Madhya Pradesh,Loyal,2024-08-30
C04164,Henry Saha,Male,35-44,Delhi,Delhi,High Value,2024-04-30
C04165,Vrinda Nayak,Male,55+,Trichy,Tamil Nadu,Regular,2023-09-13
C04166,Yahvi Doctor,Male,55+,Jaipur,Rajasthan,Loyal,2025-05-04
C04167,Yachana Misra,female,55+,Bengaluru,Karnataka,Loyal,2025-06-01
C04168,Varsha Bail,Male,45-54,Patna,Bihar,Regular,2025-06-18
C04169,Chandani Gupta,Female,55+,Madurai,Tamil Nadu,Regular,2024-08-21
C04170,Jeremiah Nath,Male,25-34,Kochi,Kerala,New,2023-11-19
C04171,Abhimanyu Sule,Female,18-24,Indore,Madhya Pradesh,Regular,2024-12-23
C04172,Tanay Tak,Male,55+,,Karnataka,Regular,2023-11-01
C04173,Wridesh Dora,Male,35-44,Jaipur,Rajasthan,Loyal,2024-07-29
C04174,Suhani Om,Female,55+,Pune,Maharashtra,New,2025-06-29
C04175,Amara Sahni,Female,55+,Bhubaneswar,Odisha,Regular,2023-10-17
C04176,Keya Singh,Male,25-34,Coimbatore,Tamil Nadu,Regular,2024-07-26
C04177,Warda Konda,Male,18-24,Mumbai,Maharashtra,Regular,2024-02-04
C04178,Tarak Sarkar,Female,55+,Bhopal,Madhya Pradesh,Regular,2023-12-27
C04179,Tristan Krishnan,Male,18-24,Kolkata,West Bengal,New,2023-08-13
C04180,Anmol Tank,Male,18-24,Kolkata,West Bengal,New,2024-05-05
C04181,Warhi Dutt,Female,18-24,Hyderabad,Telangana,New,2023-10-03
C04182,Max Barad,Female,55+,Madurai,Tamil Nadu,New,2025-03-11
C04183,Aadi Pai,Male,35-44,Pune,Maharashtra,Regular,2023-11-28
C04184,Nidhi Mitter,Female,18-24,Madurai,Tamil Nadu,Regular,2025-02-27
C04185,Vrishti Vig,Male,55+,Mysuru,Karnataka,Loyal,2023-10-03
C04186,Darsh Nagy,Male,18-24,Kochi,Kerala,Loyal,2025-03-11
C04187,Balveer Yogi,Female,35-44,Mumbai,Maharashtra,New,2024-04-29
C04188,Jairaj Kothari,Female,45-54,Indore,Madhya Pradesh,Regular,2024-03-17
C04189,Jyoti Raja,Male,18-24,Kolkata,West Bengal,Loyal,2025-03-29
C04190,Jason Date,Male,45-54,Lucknow,Uttar Pradesh,Loyal,2025-11-28
C04191,Omisha Sharma,Male,55+,Kochi,Kerala,New,2023-11-21
C04192,Laksh Borah,Male,45-54,Chennai,Tamil Nadu,Loyal,2026-05-25
C04193,Jackson Mohanty,Female,18-24,Indore,Madhya Pradesh,High Value,2024-06-22
C04194,Wazir Halder,Male,35-44,Bhubaneswar,Odisha,New,2025-11-24
C04195,Noah Korpal,Female,18-24,Bhopal,Madhya Pradesh,High Value,2025-01-30
C04196,Dev Seshadri,Male,45-54,Hyderabad,Telangana,Regular,2023-10-28
C04197,Ucchal Ratti,Female,35-44,Bengaluru,Karnataka,Loyal,2023-10-29
C04198,Unni Srinivas,Male,35-44,Mysuru,Karnataka,Loyal,2023-12-13
C04199,Aarav Kota,Male,45-54,Kolkata,West Bengal,Regular,2025-05-20
C04200,Xiti Prakash,Female,18-24,Madurai,Tamil Nadu,Regular,2025-09-22
C04201,Hema Pai,Male,18-24,Mysuru,Karnataka,Regular,2025-12-12
C04202,Tejas Rai,Female,18-24,Chennai,Tamil Nadu,Regular,2024-01-05
C04203,Aryan Prabhu,Male,55+,Kochi,Kerala,High Value,2024-11-14
C04204,Aadi Madan,Male,45-54,,Rajasthan,Regular,2024-11-29
C04205,Nakul Mand,Female,45-54,Bhubaneswar,Odisha,New,2026-05-16
C04206,Isaiah Sampath,Female,18-24,Hyderabad,Telangana,Loyal,2024-02-09
C04207,Kala Sant,Female,35-44,Patna,Bihar,Regular,2025-10-22
C04208,Bishakha Lalla,Male,55+,Coimbatore,Tamil Nadu,Regular,2024-10-02
C04209,Caleb Om,Female,35-44,Bengaluru,Karnataka,Regular,2023-09-14
C04210,Warda Bhagat,Female,35-44,Trichy,Tamil Nadu,Regular,2025-11-11
C04211,Wazir Dada,Male,45-54,Coimbatore,Tamil Nadu,Regular,2026-01-01
C04212,Gavin Chaudhuri,Male,45-54,Pune,Maharashtra,Regular,2024-04-04
C04213,Chakrika Kibe,Male,45-54,Trichy,Tamil Nadu,Loyal,2026-01-26
C04214,Ekta Wadhwa,Male,25-34,Indore,Madhya Pradesh,New,2025-05-25
C04215,Lucky Dhawan,Male,45-54,Mysuru,Karnataka,Loyal,2025-03-03
C04216,Kala Kamdar,Male,18-24,Bhubaneswar,Odisha,Regular,2023-08-16
C04217,Mitali Misra,Female,25-34,Pune,Maharashtra,Regular,2025-05-16
C04218,Keya Ratti,Female,55+,Jaipur,Rajasthan,Regular,2026-02-18
C04219,Noah Kashyap,Male,55+,Kochi,Kerala,Regular,2024-09-08
C04220,Veda Balasubramanian,Male,55+,Trichy,Tamil Nadu,Regular,2024-04-13
C04221,Lila Yadav,Female,18-24,Jaipur,Rajasthan,Regular,2026-06-09
C04222,Sarthak Mangal,Female,18-24,Bhubaneswar,Odisha,Regular,2026-04-18
C04223,Manan Bandi,Female,45-54,Bhubaneswar,Odisha,Regular,2026-07-06
C04224,Anika Mann,Female,45-54,Trichy,Tamil Nadu,Loyal,2026-02-03
C04225,Vritti Nori,Female,25-34,Kolkata,West Bengal,Loyal,2025-06-09
C04226,Jhalak Venkataraman,Male,18-24,Bhopal,Madhya Pradesh,Regular,2024-04-24
C04227,Manthan Savant,Female,55+,Chennai,Tamil Nadu,New,2024-01-08
C04228,Kamala Pandey,Male,25-34,Mysuru,Karnataka,Regular,2023-09-11
C04229,Advik Srinivasan,Male,18-24,Jaipur,Rajasthan,High Value,2025-07-13
C04230,Triya Bhargava,Male,35-44,Ahmedabad,Gujarat,Regular,2024-07-12
C04231,Yauvani Sachdeva,Male,35-44,,Uttar Pradesh,Regular,2025-03-20
C04232,Agastya Devan,Male,55+,Bengaluru,Karnataka,Regular,2025-05-19
C04233,Arin Nazareth,Male,55+,Mysuru,Karnataka,New,2025-08-24
C04234,Warjas Kala,Female,45-54,Bhubaneswar,Odisha,Loyal,2025-04-09
C04235,Wahab Kalla,Female,25-34,Coimbatore,Tamil Nadu,Regular,2024-07-22
C04236,Nathaniel Murty,Female,55+,Visakhapatnam,Andhra Pradesh,Loyal,2025-08-19
C04237,Hiral Bava,Male,18-24,Mysuru,Karnataka,Loyal,2025-10-20
C04238,Ganga Balay,Male,55+,Coimbatore,Tamil Nadu,Regular,2026-02-05
C04239,Bhavika Bava,Female,55+,Visakhapatnam,Andhra Pradesh,High Value,2023-09-10
C04240,Rajata Goyal,Female,55+,Bengaluru,Karnataka,Regular,2026-04-05
C04241,Hiral Grewal,Male,18-24,Visakhapatnam,Andhra Pradesh,Regular,2025-06-30
C04242,Onkar Ramanathan,Female,18-24,Lucknow,Uttar Pradesh,Regular,2026-06-24
C04243,Timothy Ramesh,Male,35-44,Lucknow,Uttar Pradesh,Loyal,2025-03-02
C04244,Ranveer Saini,Female,45-54,Mumbai,Maharashtra,Regular,2024-11-02
C04245,Chatura Chandran,Male,18-24,Hyderabad,Telangana,Loyal,2025-07-11
C04246,Unnati Morar,Female,45-54,Lucknow,Uttar Pradesh,Loyal,2024-07-22
C04247,Bahadurjit Bir,Male,45-54,Visakhapatnam,Andhra Pradesh,Regular,2023-12-07
C04248,Ishani Sha,Female,45-54,Patna,Bihar,Regular,2025-05-06
C04249,Rajata Banik,Female,55+,Visakhapatnam,Andhra Pradesh,Regular,2023-09-16
C04250,Victor Karnik,Male,35-44,Bengaluru,Karnataka,Regular,2025-12-29
C04251,Adya Parmar,Female,18-24,Hyderabad,Telangana,Loyal,2025-05-02
C04252,Yashodhara Gara,Female,55+,Patna,Bihar,New,2025-02-13
C04253,Samarth Bhasin,Male,35-44,Mysuru,Karnataka,New,2025-04-10
C04254,Lavanya Bahl,Male,35-44,Pune,Maharashtra,Loyal,2024-12-31
C04255,Christopher Kari,Female,55+,Kolkata,West Bengal,Regular,2024-12-15
C04256,Turvi Loyal,Male,18-24,Lucknow,Uttar Pradesh,Regular,2025-01-24
C04257,Shaurya Kaur,Female,55+,Mysuru,Karnataka,New,2025-11-13
C04258,Meera Dada,Female,35-44,Jaipur,Rajasthan,Regular,2024-08-14
C04259,Urvashi Prabhu,Female,45-54,Bhopal,Madhya Pradesh,Regular,2025-12-22
C04260,Jagvi Anand,Male,35-44,Hyderabad,Telangana,Loyal,2025-02-18
C04261,Jai Aurora,Female,25-34,Visakhapatnam,Andhra Pradesh,Regular,2025-08-30
C04262,Maya Chaudhuri,Female,45-54,Bengaluru,Karnataka,Loyal,2026-07-10
C04263,Vasudha Bose,Male,55+,Mumbai,Maharashtra,High Value,2024-11-11
C04264,Kavya Barad,Male,35-44,Bhubaneswar,Odisha,Regular,2025-04-24
C04265,Dakshesh Ganesan,Male,35-44,Pune,Maharashtra,New,2024-07-01
C04266,Jai Chokshi,Female,25-34,Jaipur,Rajasthan,Loyal,2024-07-29
C04267,Girindra Saxena,Female,25-34,Jaipur,Rajasthan,High Value,2026-04-24
C04268,Lucky Nagar,Female,55+,Mysuru,Karnataka,Regular,2024-01-23
C04269,Wazir Mangat,Female,55+,Mumbai,Maharashtra,Regular,2025-08-05
C04270,Urvashi Badami,Male,25-34,Ahmedabad,Gujarat,Loyal,2025-12-26
C04271,Saksham Biswas,Male,55+,Bhopal,Madhya Pradesh,Loyal,2024-01-24
C04272,Upasna Bora,Female,18-24,Ahmedabad,Gujarat,High Value,2025-11-05
C04273,Tarak Oak,Female,45-54,Indore,Madhya Pradesh,Loyal,2024-05-11
C04274,Vasudha Randhawa,Female,18-24,Patna,Bihar,Regular,2026-03-31
C04275,Gopal Peri,Female,35-44,Indore,Madhya Pradesh,Regular,2024-03-12
C04276,Jai Dara,Female,55+,Hyderabad,Telangana,New,2023-09-25
C04277,Triveni Choudhary,Male,18-24,Bhopal,Madhya Pradesh,Loyal,2026-07-10
C04278,Vedika Wable,Female,25-34,Visakhapatnam,Andhra Pradesh,New,2025-12-20
C04279,Turvi Subramanian,Female,55+,Bhopal,Madhya Pradesh,Regular,2024-08-29
C04280,Harshil Patla,Male,35-44,Coimbatore,Tamil Nadu,Regular,2024-06-20
C04281,Kashvi Kannan,Male,35-44,Delhi,Delhi,Regular,2024-07-14
C04282,Ijaya Kapur,Female,35-44,Trichy,Tamil Nadu,Regular,2026-05-12
C04283,Indira Narula,Male,35-44,Hyderabad,Telangana,Regular,2025-02-03
C04284,Hema Venkataraman,Female,45-54,Hyderabad,Telangana,Loyal,2024-10-27
C04285,Gavin Ramaswamy,Male,25-34,Bhopal,Madhya Pradesh,Loyal,2024-02-18
C04286,Anita Dass,Female,18-24,Lucknow,Uttar Pradesh,New,2025-02-09
C04287,Avi Lad,Female,25-34,Visakhapatnam,Andhra Pradesh,Regular,2024-03-01
C04288,Praneel Wadhwa,Female,18-24,Trichy,Tamil Nadu,New,2024-09-09
C04289,Gagan Nazareth,Male,45-54,Ahmedabad,Gujarat,Regular,2025-11-20
C04290,Samesh Narula,Male,55+,Bhopal,Madhya Pradesh,Regular,2023-12-14
C04291,Ryan Trivedi,Male,55+,Patna,Bihar,Loyal,2024-03-26
C04292,Niharika Tara,Female,18-24,Bengaluru,Karnataka,Regular,2024-07-09
C04293,Rachana Shenoy,Male,55+,Bengaluru,Karnataka,Regular,2025-07-11
C04294,Falak Bhalla,Female,25-34,Ahmedabad,Gujarat,Loyal,2024-12-18
C04295,Siddharth Pal,Female,45-54,Jaipur,Rajasthan,New,2024-12-10
C04296,Aarnav Khosla,Female,45-54,Jaipur,Rajasthan,Regular,2025-02-24
C04297,Ranbir Narayan,Female,25-34,Pune,Maharashtra,New,2024-01-17
C04298,Isaiah Manda,Female,35-44,Jaipur,Rajasthan,Regular,2025-02-20
C04299,Chaaya Pradhan,Female,35-44,Jaipur,Rajasthan,Loyal,2025-06-06
C04300,Ayaan Date,Female,25-34,Jaipur,Rajasthan,Regular,2024-05-22
C04301,Unnati Balakrishnan,Male,18-24,Delhi,Delhi,Loyal,2026-02-28
C04302,Faras Lanka,Female,18-24,Kochi,Kerala,New,2025-03-15
C04303,Zashil Bera,Male,18-24,Chennai,Tamil Nadu,New,2023-10-16
C04304,Qadim Bassi,Female,25-34,Delhi,Delhi,Regular,2026-06-25
C04305,Bhavini Purohit,Male,25-34,Mumbai,Maharashtra,New,2024-07-16
C04306,Advaith Gill,Female,35-44,Trichy,Tamil Nadu,New,2024-02-11
C04307,Nitara Bhavsar,Female,35-44,Chennai,Tamil Nadu,Regular,2026-01-15
C04308,Yuvraj Konda,Male,45-54,Bhopal,Madhya Pradesh,Regular,2026-04-01
C04309,Imaran Dey,Male,35-44,Mysuru,Karnataka,Regular,2024-02-16
C04310,Ekapad Mistry,Female,45-54,Bhopal,Madhya Pradesh,Regular,2024-02-05
C04311,Ekavir Patla,Male,45-54,Indore,Madhya Pradesh,High Value,2025-03-07
C04312,Vaishnavi Bose,Female,45-54,Mumbai,Maharashtra,Loyal,2024-09-08
C04313,Mugdha Bansal,Female,45-54,Lucknow,Uttar Pradesh,New,2024-10-21
C04314,Fitan Grewal,Male,35-44,Chennai,Tamil Nadu,Loyal,2025-02-12
C04315,Nikita Behl,Female,35-44,Mysuru,Karnataka,Regular,2025-05-05
C04316,Arjun Sehgal,Male,25-34,Madurai,Tamil Nadu,Loyal,2024-12-24
C04317,Kalpit Mangal,Male,25-34,Trichy,Tamil Nadu,Loyal,2024-10-07
C04318,Max Sane,Male,55+,Bengaluru,Karnataka,New,2024-11-04
C04319,Eshana Shah,Female,55+,Chennai,Tamil Nadu,New,2024-04-27
C04320,Bhavya Sarna,Male,18-24,Kolkata,West Bengal,Regular,2025-03-15
C04321,Baljiwan Mohan,Female,45-54,Kochi,Kerala,New,2026-02-10
C04322,Alexander Ghose,Female,35-44,Patna,Bihar,New,2026-04-18
C04323,Anusha Kadakia,Female,45-54,Mysuru,Karnataka,Regular,2025-02-19
C04324,Chanchal Sood,Female,25-34,Madurai,Tamil Nadu,Loyal,2023-09-19
C04325,Siya Balakrishnan,Female,45-54,Ahmedabad,Gujarat,Regular,2024-09-20
C04326,Janya Kari,Female,45-54,Ahmedabad,Gujarat,New,2024-02-27
C04327,Widisha Bora,Male,35-44,Bengaluru,Karnataka,New,2023-09-09
C04328,Atharv Anne,Female,45-54,Madurai,Tamil Nadu,Loyal,2025-01-17
C04329,Anmol Raman,Male,18-24,Patna,Bihar,Regular,2025-06-19
C04330,Timothy Gole,Male,45-54,Patna,Bihar,High Value,2026-05-07
C04331,Vrishti Keer,Male,18-24,Indore,Madhya Pradesh,Regular,2024-01-03
C04332,Bhavna Khosla,Male,45-54,Hyderabad,Telangana,Loyal,2023-12-24
C04333,Robert Dayal,Male,18-24,Hyderabad,Telangana,Regular,2024-06-20
C04334,Liam Bhalla,Male,55+,Mysuru,Karnataka,High Value,2024-10-02
C04335,Daksh Gupta,Male,45-54,Visakhapatnam,Andhra Pradesh,Loyal,2023-09-19
C04336,Bhanumati Tripathi,Female,35-44,Trichy,Tamil Nadu,Regular,2024-07-29
C04337,Thomas Brahmbhatt,Male,35-44,Bhubaneswar,Odisha,Regular,2024-09-18
C04338,Wazir Bora,Male,25-34,Patna,Bihar,Loyal,2024-12-09
C04339,Harsh Divan,Female,25-34,Jaipur,Rajasthan,Loyal,2025-07-05
C04340,Abha Sule,Male,35-44,Patna,Bihar,Regular,2026-04-25
C04341,Anmol Malhotra,Female,45-54,Delhi,Delhi,New,2023-12-21
C04342,Aradhana Bhandari,Female,25-34,Lucknow,Uttar Pradesh,New,2025-03-27
C04343,Rohan Mital,Female,25-34,Kolkata,West Bengal,Loyal,2023-10-18
C04344,Neelima Trivedi,Female,35-44,Bhubaneswar,Odisha,Loyal,2026-03-11
C04345,Panini Bhakta,Female,55+,Bhubaneswar,Odisha,Loyal,2025-01-23
C04346,Ucchal Sundaram,Male,45-54,Trichy,Tamil Nadu,Regular,2026-02-28
C04347,Nathan Tripathi,Female,18-24,Bhubaneswar,Odisha,New,2025-07-15
C04348,Sanaya Misra,Female,18-24,Mysuru,Karnataka,New,2025-12-09
C04349,Yatin Merchant,Male,55+,,Rajasthan,Regular,2025-03-16
C04350,Eiravati Chauhan,Female,18-24,Bhopal,Madhya Pradesh,Regular,2023-12-13
C04351,Zilmil Dugar,Male,55+,Jaipur,Rajasthan,High Value,2025-12-23
C04352,Dayamai Choudhary,Male,25-34,Bhopal,Madhya Pradesh,New,2025-02-03
C04353,Ansh Kakar,Male,35-44,Trichy,Tamil Nadu,Regular,2024-06-19
C04354,Anika Bala,Male,25-34,Coimbatore,Tamil Nadu,New,2024-02-04
C04355,Amaira Zacharia,Female,55+,Coimbatore,Tamil Nadu,Regular,2023-10-20
C04356,Nihal Kala,Female,35-44,Lucknow,Uttar Pradesh,Regular,2025-04-20
C04357,Eshana Nayak,Female,25-34,Ahmedabad,Gujarat,Regular,2025-04-13
C04358,Yashica Mahal,Female,18-24,Patna,Bihar,Loyal,2023-09-20
C04359,Vinaya Setty,Male,18-24,Coimbatore,Tamil Nadu,Regular,2026-02-05
C04360,Krishna Balasubramanian,Male,45-54,Delhi,Delhi,Regular,2024-06-24
C04361,Jyoti Baria,Female,18-24,Bhubaneswar,Odisha,Regular,2025-11-03
C04362,Bishakha Sarin,Male,25-34,Ahmedabad,Gujarat,Loyal,2026-01-22
C04363,Harrison Bir,Male,18-24,Bhubaneswar,Odisha,Loyal,2024-07-31
C04364,Theodore Master,Male,55+,Bhubaneswar,Odisha,Loyal,2024-08-16
C04365,Lucky Sabharwal,Male,35-44,Chennai,Tamil Nadu,New,2023-12-20
C04366,Sudiksha Jain,Male,18-24,Pune,Maharashtra,Regular,2025-11-02
C04367,Yashvi Varughese,Male,55+,Hyderabad,Telangana,Regular,2026-02-17
C04368,Irya Bakshi,Male,25-34,Indore,Madhya Pradesh,Regular,2025-02-16
C04369,Teerth Pall,Male,55+,Indore,Madhya Pradesh,High Value,2024-01-29
C04370,Edhitha Kala,Female,18-24,Bengaluru,Karnataka,Regular,2024-10-23
C04371,Aashi Yadav,Male,25-34,Bengaluru,Karnataka,New,2026-01-08
C04372,Bina Sethi,Female,45-54,Lucknow,Uttar Pradesh,Loyal,2024-04-13
C04373,Baghyawati Modi,Male,18-24,Bengaluru,Karnataka,Regular,2026-02-16
C04374,Praneel Sachdeva,Male,18-24,Madurai,Tamil Nadu,Regular,2026-01-06
C04375,Vansha Toor,Male,25-34,Trichy,Tamil Nadu,New,2025-01-29
C04376,Yuvraj Kumar,Male,45-54,Visakhapatnam,Andhra Pradesh,New,2025-04-05
C04377,Eta Muni,Female,25-34,Jaipur,Rajasthan,New,2025-10-09
C04378,Meghana Gandhi,Male,18-24,Visakhapatnam,Andhra Pradesh,Regular,2025-04-29
C04379,Sneha Ramaswamy,Female,45-54,Hyderabad,Telangana,Regular,2023-09-17
C04380,Praneel Krish,Male,25-34,Patna,Bihar,Regular,2023-11-10
C04381,Reyansh Sangha,Male,25-34,Delhi,Delhi,Loyal,2025-09-12
C04382,Wyatt Ramanathan,Male,18-24,Delhi,Delhi,New,2025-10-11
C04383,Chaitanya Oza,Female,55+,Chennai,Tamil Nadu,New,2023-12-23
C04384,Reva Sarin,Male,55+,Jaipur,Rajasthan,Regular,2024-11-25
C04385,Bhavya Dayal,Male,55+,Bengaluru,Karnataka,Regular,2024-06-28
C04386,Warhi Hans,Male,55+,Bengaluru,Karnataka,New,2024-11-09
C04387,Chameli Bava,Female,45-54,Ahmedabad,Gujarat,Loyal,2024-12-03
C04388,Chatura Bhalla,Male,25-34,Madurai,Tamil Nadu,Loyal,2025-04-15
C04389,Kai Parsa,Female,25-34,Bhubaneswar,Odisha,Loyal,2025-05-17
C04390,Osha Karnik,Female,18-24,Bhubaneswar,Odisha,Loyal,2023-12-21
C04391,Megha Tandon,Female,18-24,Mumbai,Maharashtra,New,2024-10-24
C04392,Yashawini Oak,Female,35-44,Hyderabad,Telangana,Regular,2025-02-05
C04393,Ekiya Sur,Female,45-54,Patna,Bihar,Regular,2025-11-13
C04394,Omkaar Shetty,Male,18-24,Bengaluru,Karnataka,Regular,2025-03-26
C04395,Anvi Shan,Male,18-24,Madurai,Tamil Nadu,New,2024-10-20
C04396,Krishna Bahl,Male,45-54,Indore,Madhya Pradesh,New,2023-11-30
C04397,Jeremiah Sachdev,Male,45-54,Visakhapatnam,Andhra Pradesh,Regular,2025-11-29
C04398,Vedhika Mitra,Female,18-24,Indore,Madhya Pradesh,New,2026-02-18
C04399,Dayamai Sekhon,Male,45-54,Visakhapatnam,Andhra Pradesh,Loyal,2024-03-31
C04400,Chakradhar Wali,Female,45-54,Madurai,Tamil Nadu,Loyal,2024-05-24
C04401,Nachiket Badal,Female,25-34,Chennai,Tamil Nadu,New,2025-08-04
C04402,Finn Krishnan, MALE ,35-44,Delhi,Delhi,Regular,2025-04-14
C04403,Mohammed Kapur,Male,25-34,Mysuru,Karnataka,Loyal,2026-01-15
C04404,Chakrika Dua,Male,25-34,Delhi,Delhi,New,2026-01-11
C04405,Yagnesh Tank,Female,45-54,Chennai,Tamil Nadu,High Value,2024-04-10
C04406,Anay Parekh,Female,35-44,Bhubaneswar,Odisha,Regular,2025-08-18
C04407,Simon Kala,Male,35-44,Delhi,Delhi,Regular,2026-05-21
C04408,Ojas Lata,Female,35-44,Ahmedabad,Gujarat,Regular,2026-03-20
C04409,Vidhi Bahl,Male,35-44,Mysuru,Karnataka,Regular,2024-07-22
C04410,Advay Taneja,Male,35-44,Trichy,Tamil Nadu,Regular,2025-10-29
C04411,Tara Natt,Male,18-24,Chennai,Tamil Nadu,Regular,2023-09-07
C04412,Farhan Sachdeva,Male,18-24,Trichy,Tamil Nadu,Regular,2025-09-12
C04413,Ethan Magar,Male,18-24,Kochi,Kerala,Regular,2024-05-13
C04414,Frado Natarajan,Male,45-54,Pune,Maharashtra,New,2026-01-23
C04415,Anita Murthy,Male,55+,Bhopal,Madhya Pradesh,New,2024-09-20
C04416,Abhiram Patel,Female,45-54,Trichy,Tamil Nadu,New,2024-12-30
C04417,Anya Subramanian,Male,18-24,Bhubaneswar,Odisha,High Value,2025-08-06
C04418,Ranveer Kothari,Female,18-24,Coimbatore,Tamil Nadu,New,2024-07-06
C04419,Dayamai Handa,Female,45-54,Coimbatore,Tamil Nadu,New,2024-08-07
C04420,Shaurya Narain,Female,25-34,Coimbatore,Tamil Nadu,Regular,2025-09-08
C04421,Rayaan Samra,Female,35-44,Coimbatore,Tamil Nadu,High Value,2024-12-01
C04422,Madhav Ramaswamy,Female,35-44,Pune,Maharashtra,New,2023-08-24
C04423,Orinder Chander,Male,18-24,Kolkata,West Bengal,Loyal,2023-09-23
C04424,Patrick Konda,Male,55+,Chennai,Tamil Nadu,Regular,2025-02-20
C04425,Ekani Gade,Female,45-54,Ahmedabad,Gujarat,Regular,2024-03-13
C04426,Jasmit Mane,Female,45-54,Kochi,Kerala,New,2023-12-08
C04427,Zarna Karpe,Male,35-44,Trichy,Tamil Nadu,New,2024-11-03
C04428,Vasatika Balakrishnan,Female,25-34,Hyderabad,Telangana,Loyal,2025-08-07
C04429,Sai Chaudhary,Female,45-54,Lucknow,Uttar Pradesh,Loyal,2024-10-27
C04430,Nakul Nagi,Male,18-24,Kochi,Kerala,Regular,2026-06-29
C04431,Frederick Tata,Male,25-34,Madurai,Tamil Nadu,Regular,2026-04-26
C04432,Abdul Munshi,Male,18-24,Indore,Madhya Pradesh,New,2026-06-02
C04433,Balvan Varghese,Female,45-54,Pune,Maharashtra,Regular,2024-10-18
C04434,Ishaan Parikh,Female,55+,Delhi,Delhi,New,2025-02-21
C04435,Isaac Devan,Male,18-24,Madurai,Tamil Nadu,Regular,2024-03-27
C04436,Hritik Kashyap,Female,18-24,Indore,Madhya Pradesh,Loyal,2026-07-03
C04437,Yug Maharaj,Male,35-44,Coimbatore,Tamil Nadu,Regular,2024-02-16
C04438,Jairaj Aggarwal,Male,55+,Patna,Bihar,Loyal,2025-05-19
C04439,Timothy Doshi,Male,35-44,Pune,Maharashtra,Regular,2025-02-28
C04440,Zansi Sinha,Female,25-34,Madurai,Tamil Nadu,New,2025-10-23
C04441,Amara Bawa,Male,55+,Visakhapatnam,Andhra Pradesh,Regular,2024-02-19
C04442,Anvi Baria,Female,45-54,Visakhapatnam,Andhra Pradesh,Loyal,2026-04-10
C04443,Omaja Ramesh,Female,25-34,Bhopal,Madhya Pradesh,Regular,2024-04-14
C04444,Udarsh Munshi,Female,55+,Hyderabad,Telangana,Regular,2024-03-10
C04445,Yatin Talwar,Female,45-54,Trichy,Tamil Nadu,Regular,2025-06-14
C04446,Yadavi Naidu,Male,45-54,Delhi,Delhi,Loyal,2025-04-07
C04447,Lohit Pant,Male,25-34,Trichy,Tamil Nadu,Regular,2024-05-01
C04448,Qushi Mitra,Female,45-54,Coimbatore,Tamil Nadu,Regular,2023-08-14
C04449,Alka Gopal,Male,25-34,Mumbai,Maharashtra,Loyal,2026-05-19
C04450,Hiral Borra,Male,25-34,Kochi,Kerala,Loyal,2024-11-16
C04451,Tejas Edwin,Female,55+,Bhopal,Madhya Pradesh,Regular,2023-10-25
C04452,Pranit Bhalla,Female,18-24,Trichy,Tamil Nadu,New,2026-03-31
C04453,Lakshmi Sunder,Male,45-54,Pune,Maharashtra,Loyal,2025-09-19
C04454,Anjali Seshadri,Male,25-34,Bengaluru,Karnataka,Regular,2026-05-05
C04455,Pavani Krishnamurthy,Female,55+,Bhopal,Madhya Pradesh,Loyal,2026-07-06
C04456,Unni Contractor,Male,45-54,Trichy,Tamil Nadu,New,2024-04-02
C04457,Aradhana Sen,Male,35-44,Mysuru,Karnataka,New,2025-10-27
C04458,Fiyaz Bora,Male,25-34,Patna,Bihar,Regular,2026-06-08
C04459,Anita Sahni,Female,25-34,Visakhapatnam,Andhra Pradesh,Loyal,2024-11-08
C04460,Chavvi Randhawa,Female,18-24,Madurai,Tamil Nadu,Loyal,2025-08-03
C04461,Pavani Maharaj,Female,55+,Patna,Bihar,New,2024-10-10
C04462,Rayaan Dara,Female,35-44,Madurai,Tamil Nadu,Regular,2025-10-22
C04463,Aayush Dada,Male,18-24,Bengaluru,Karnataka,Regular,2025-01-16
C04464,Ekantika Tak,Male,55+,Ahmedabad,Gujarat,High Value,2023-09-07
C04465,Eesha Kamdar,Female,45-54,Bhopal,Madhya Pradesh,Loyal,2024-01-05
C04466,Zaid Salvi,Male,18-24,Patna,Bihar,Loyal,2026-06-22
C04467,Dayamai Chakrabarti,Male,45-54,Pune,Maharashtra,Regular,2026-07-04
C04468,Rayaan Khanna,Male,25-34,Indore,Madhya Pradesh,Loyal,2025-01-16
C04469,Watika Halder,Male,35-44,Kolkata,West Bengal,Regular,2023-10-30
C04470,Panini Walia,Male,25-34,Madurai,Tamil Nadu,Regular,2023-12-17
C04471,Teerth Mistry,Female,25-34,Indore,Madhya Pradesh,Regular,2024-02-14
C04472,Varsha Ramanathan,Male,45-54,Kochi,Kerala,Loyal,2026-06-13
C04473,Elijah Mohan,Female,18-24,Kolkata,West Bengal,Regular,2023-11-08
C04474,Alexander Hegde,Female,25-34,Bhubaneswar,Odisha,Loyal,2023-10-20
C04475,Eshana Halder,Male,55+,Pune,Maharashtra,Regular,2024-12-21
C04476,Neelima Srivastava,Female,18-24,Ahmedabad,Gujarat,Regular,2024-09-22
C04477,Priya Nayar,Male,25-34,Patna,Bihar,Regular,2025-09-20
C04478,Laban Loyal,Male,35-44,Patna,Bihar,Loyal,2025-11-25
C04479,Krish Goswami,Male,45-54,Ahmedabad,Gujarat,Regular,2023-10-04
C04480,Ridhi Memon,Male,35-44,Kolkata,West Bengal,Regular,2025-06-06
C04481,Fiyaz Bhagat,Female,35-44,Visakhapatnam,Andhra Pradesh,Loyal,2025-09-14
C04482,Warjas Samra,Female,55+,Kolkata,West Bengal,Regular,2025-09-22
C04483,Kai Basak,Female,18-24,Pune,Maharashtra,Regular,2025-08-12
C04484,Ekaja Jha,Female,25-34,Bhopal,Madhya Pradesh,New,2025-02-19
C04485,Harsh Kulkarni,Male,55+,Chennai,Tamil Nadu,Regular,2026-03-30
C04486,Upma Sane,Male,25-34,Kolkata,West Bengal,High Value,2025-03-22
C04487,Kamya Minhas,Male,45-54,Ahmedabad,Gujarat,Regular,2025-08-27
C04488,Vasatika Wason,Male,18-24,Patna,Bihar,Regular,2025-09-29
C04489,Pahal Nayak,Male,35-44,Bhubaneswar,Odisha,Regular,2024-03-24
C04490,Gagan Apte,Male,55+,Patna,Bihar,New,2026-05-01
C04491,Finn Aggarwal,Male,35-44,Kochi,Kerala,Regular,2023-11-10
C04492,Vivaan Chowdhury,Female,55+,Bengaluru,Karnataka,Regular,2024-06-21
C04493,Krisha Mohanty,Male,55+,Kochi,Kerala,Loyal,2025-10-13
C04494,George Narain,Female,18-24,Madurai,Tamil Nadu,Regular,2026-02-01
C04495,Devansh Naik,Male,35-44,Trichy,Tamil Nadu,Regular,2026-02-05
C04496,Upasna Chauhan,Male,25-34,Visakhapatnam,Andhra Pradesh,Loyal,2025-04-07
C04497,Upadhriti Chander,Male,25-34,Trichy,Tamil Nadu,Regular,2025-08-04
C04498,Triveni Narasimhan,Male,35-44,Kochi,Kerala,New,2024-09-06
C04499,Champak Prakash,Male,35-44,Mumbai,Maharashtra,Regular,2024-05-03
C04500,Jagat Oak,Male,45-54,Bhopal,Madhya Pradesh,Regular,2025-08-27
C04501,Anvi Shah,Male,35-44,Chennai,Tamil Nadu,Loyal,2024-06-03
C04502,Dakshesh Koshy,Female,45-54,Pune,Maharashtra,New,2024-10-04
C04503,Vrinda Shanker,Male,45-54,Trichy,Tamil Nadu,Regular,2024-02-19
C04504,Kabir Rajagopalan,Male,35-44,Coimbatore,Tamil Nadu,Regular,2023-08-22
C04505,Tripti Bhavsar, MALE ,45-54,Bhubaneswar,Odisha,Loyal,2024-02-08
C04506,Rajeshri Sankar,Female,18-24,Indore,Madhya Pradesh,Loyal,2023-09-01
C04507,Dhriti Sachdev,Female,55+,Bengaluru,Karnataka,Regular,2025-06-24
C04508,Ikshita Kapadia,Male,55+,Patna,Bihar,Regular,2024-12-18
C04509,Vedant Batta,Female,45-54,Chennai,Tamil Nadu,Loyal,2026-04-23
C04510,Nihal Sinha,Male,35-44,Bengaluru,Karnataka,New,2023-11-13
C04511,Harshil Tara,Female,55+,Pune,Maharashtra,Loyal,2023-08-31
C04512,Timothy Chhabra,Male,35-44,Trichy,Tamil Nadu,Regular,2024-03-12
C04513,Logan Chandra,Female,35-44,Kolkata,West Bengal,Regular,2025-11-20
C04514,Abdul Samra,Male,55+,Visakhapatnam,Andhra Pradesh,Regular,2023-09-28
C04515,Finn Bala,Female,35-44,Visakhapatnam,Andhra Pradesh,Loyal,2025-09-11
C04516,Nitara Thaman,Female,18-24,Kolkata,West Bengal,Regular,2023-10-19
C04517,Jai Sachdev,Female,35-44,Bhubaneswar,Odisha,Loyal,2026-04-21
C04518,Yoshita Aurora,Male,18-24,Coimbatore,Tamil Nadu,Regular,2025-12-22
C04519,Brinda Pai,Male,18-24,Visakhapatnam,Andhra Pradesh,Loyal,2023-09-29
C04520,Varsha Bahl,Female,25-34,Indore,Madhya Pradesh,Regular,2024-11-15
C04521,Raghav Borde,Male,35-44,Kolkata,West Bengal,New,2024-10-04
C04522,Teerth Amble,Male,45-54,Indore,Madhya Pradesh,Regular,2024-07-03
C04523,Ekapad Chaudhry,Male,55+,Coimbatore,Tamil Nadu,Regular,2024-10-06
C04524,Upkaar Ram,Female,25-34,Patna,Bihar,Regular,2024-04-23
C04525,Joshua Johal,Female,25-34,Mumbai,Maharashtra,New,2025-07-22
C04526,Karan Andra,Female,35-44,Bhubaneswar,Odisha,Regular,2025-10-02
C04527,Nandini Anne,Female,45-54,Coimbatore,Tamil Nadu,New,2026-01-28
C04528,Tarak Peri,Female,25-34,Chennai,Tamil Nadu,Regular,2024-03-04
C04529,Advika Jaggi,Female,25-34,Bhubaneswar,Odisha,New,2025-05-15
C04530,Anjali Sangha,Female,35-44,Kolkata,West Bengal,Loyal,2025-11-17
C04531,Matthew Keer,Female,45-54,Patna,Bihar,Regular,2025-10-25
C04532,Suhani Andra,Female,45-54,Coimbatore,Tamil Nadu,Regular,2024-03-07
C04533,Balhaar Dhar,Female,35-44,Chennai,Tamil Nadu,Regular,2024-09-02
C04534,William Srinivasan,Female,45-54,Ahmedabad,Gujarat,Regular,2025-12-24
C04535,Faqid Bhatnagar,Female,35-44,Chennai,Tamil Nadu,Loyal,2024-01-09
C04536,Jeevika Dua,Male,55+,Mumbai,Maharashtra,Loyal,2026-01-29
C04537,Qushi Edwin,Female,25-34,Chennai,Tamil Nadu,Regular,2025-07-28
C04538,Chanakya Mody,Female,45-54,Ahmedabad,Gujarat,Loyal,2025-04-10
C04539,Rajata Bose,Male,45-54,Bengaluru,Karnataka,Regular,2023-10-18
C04540,Utkarsh Amble,Male,18-24,Delhi,Delhi,Regular,2026-04-11
C04541,Teerth Sengupta,Female,25-34,Jaipur,Rajasthan,Loyal,2023-11-01
C04542,Leela Dubey,Female,25-34,Chennai,Tamil Nadu,Loyal,2026-06-11
C04543,Damyanti Barad,Male,25-34,Trichy,Tamil Nadu,Regular,2024-02-14
C04544,Yatin Brahmbhatt,Female,45-54,Lucknow,Uttar Pradesh,Regular,2024-02-27
C04545,Advik Shroff,Female,45-54,Indore,Madhya Pradesh,New,2024-05-22
C04546,Anusha Apte,Male,45-54,Jaipur,Rajasthan,New,2023-11-25
C04547,Onkar Vig,Male,35-44,Madurai,Tamil Nadu,Loyal,2024-05-22
C04548,Harita Saraf,Male,35-44,Trichy,Tamil Nadu,Loyal,2026-01-24
C04549,Ojas More,Female,55+,Bhopal,Madhya Pradesh,Loyal,2026-01-27
C04550,Balvan Bhakta,Male,18-24,Kolkata,West Bengal,Loyal,2026-04-20
C04551,Nitesh Ahluwalia,Male,18-24,Patna,Bihar,Regular,2023-11-24
C04552,Hredhaan Kothari,Female,45-54,Bhopal,Madhya Pradesh,Loyal,2024-05-26
C04553,Chakradev Dani,Male,25-34,Patna,Bihar,Loyal,2026-06-16
C04554,Vincent Mani,Female,45-54,Mysuru,Karnataka,Loyal,2024-12-04
C04555,Vritti Cherian,Female,45-54,Chennai,Tamil Nadu,New,2024-01-05
C04556,Urmi Ramesh,Female,25-34,Kochi,Kerala,Regular,2024-07-01
C04557,Nihal Baria,Male,25-34,Kochi,Kerala,Loyal,2025-06-05
C04558,Nakul Kaur,Male,25-34,Mysuru,Karnataka,Regular,2025-10-17
C04559,Chakrika Prashad,Female,35-44,Mumbai,Maharashtra,Regular,2024-07-23
C04560,Niharika Thakkar,Female,55+,Ahmedabad,Gujarat,New,2024-09-24
C04561,Maanas Chakraborty,Female,25-34,Patna,Bihar,Regular,2026-01-13
C04562,Logan Kapadia,Male,35-44,,Maharashtra,New,2025-01-17
C04563,Lajita Wagle,Male,55+,Patna,Bihar,Regular,2023-11-15
C04564,Dhriti Shenoy,Female,35-44,,Maharashtra,New,2024-10-03
C04565,Damini Chad,Female,35-44,Kochi,Kerala,Regular,2023-11-19
C04566,Bhavna Ahuja,Female,35-44,Delhi,Delhi,Loyal,2024-11-18
C04567,Nakul Hans,Male,18-24,Hyderabad,Telangana,New,2024-09-22
C04568,Jhalak Barman,Male,45-54,Hyderabad,Telangana,Regular,2025-01-23
C04569,Urishilla Arora,Female,55+,Patna,Bihar,Loyal,2025-04-20
C04570,Quincy Srinivasan,Female,45-54,Madurai,Tamil Nadu,Loyal,2024-12-07
C04571,Vinaya Upadhyay,Male,25-34,Kolkata,West Bengal,Regular,2026-06-09
C04572,Mitesh Thaker,Female,25-34,Mysuru,Karnataka,New,2024-04-10
C04573,Yashoda Guha,Female,25-34,Patna,Bihar,Loyal,2026-01-29
C04574,Yoshita Dhawan,Female,18-24,Indore,Madhya Pradesh,Regular,2026-01-24
C04575,Neha Chad,Male,55+,Coimbatore,Tamil Nadu,Loyal,2024-06-15
C04576,Aarna Ray,Male,35-44,Mumbai,Maharashtra,Regular,2025-10-17
C04577,Maanav Baral,Male,45-54,Hyderabad,Telangana,Regular,2026-04-09
C04578,Elijah Aurora,Female,55+,Mumbai,Maharashtra,Regular,2023-10-20
C04579,Onveer Wable,Female,55+,Bengaluru,Karnataka,Loyal,2025-01-23
C04580,Owen Behl,Male,35-44,Jaipur,Rajasthan,New,2024-06-23
C04581,Gaurika Biswas,Male,45-54,Trichy,Tamil Nadu,Regular,2024-08-07
C04582,Dominic Ghosh,Female,55+,Bhopal,Madhya Pradesh,Loyal,2024-01-01
C04583,Abhimanyu Oza,Female,25-34,Kochi,Kerala,Regular,2025-05-23
C04584,Maanas D’Alia,Female,35-44,Pune,Maharashtra,Regular,2025-12-15
C04585,Ishani Goyal,Male,55+,Coimbatore,Tamil Nadu,Loyal,2026-07-03
C04586,Nikita Walia,Female,55+,Madurai,Tamil Nadu,Regular,2025-07-26
C04587,Sanaya Sama,Male,18-24,Lucknow,Uttar Pradesh,Regular,2026-02-15
C04588,Harish Sem,Male,55+,Jaipur,Rajasthan,New,2025-09-15
C04589,Leena Sachdev,Female,55+,Patna,Bihar,Regular,2024-07-04
C04590,Faraj Dhar,Female,55+,Pune,Maharashtra,Regular,2024-02-27
C04591,Ekiya Butala,Male,55+,Kochi,Kerala,New,2025-12-20
C04592,Onkar Chaudhuri,Female,55+,Jaipur,Rajasthan,Loyal,2025-08-02
C04593,Pratyush Rattan,Male,35-44,Indore,Madhya Pradesh,Loyal,2024-11-17
C04594,Ijaya Ben,Female,45-54,Bengaluru,Karnataka,Regular,2026-01-09
C04595,Jagvi Oak,Female,35-44,Madurai,Tamil Nadu,New,2023-11-30
C04596,Mitali Desai,Male,55+,Bengaluru,Karnataka,Regular,2025-04-07
C04597,Siya Bail,Female,25-34,Bhubaneswar,Odisha,Regular,2023-09-01
C04598,Oni Barman,Male,25-34,Mumbai,Maharashtra,High Value,2024-03-31
C04599,Bishakha Kapoor,Female,18-24,Patna,Bihar,Regular,2024-09-16
C04600,Yuvraj Brar,Male,25-34,Mysuru,Karnataka,Regular,2024-08-05
C04601,Aachal Garg,Male,55+,Bhopal,Madhya Pradesh,Regular,2025-03-20
C04602,Devika Keer,Male,25-34,Hyderabad,Telangana,New,2025-10-03
C04603,Oviya Ganesan,Male,25-34,Trichy,Tamil Nadu,Regular,2026-01-24
C04604,Adya Sane,Male,18-24,Chennai,Tamil Nadu,Regular,2025-11-16
C04605,Manan Gupta,Female,45-54,Kolkata,West Bengal,Regular,2024-07-29
C04606,Kashvi Sharma,Male,55+,Coimbatore,Tamil Nadu,Loyal,2026-01-21
C04607,Liam Mane,Female,45-54,Visakhapatnam,Andhra Pradesh,New,2024-11-25
C04608,Gabriel Batta,Male,35-44,Patna,Bihar,New,2025-05-17
C04609,Devansh Puri,Male,35-44,Kolkata,West Bengal,New,2023-08-20
C04610,Ekbal Wable,Female,35-44,Mumbai,Maharashtra,Regular,2024-11-29
C04611,Turvi Kala,Male,45-54,Madurai,Tamil Nadu,Regular,2025-08-12
C04612,Sudiksha Bajaj,Male,25-34,Patna,Bihar,Regular,2023-12-31
C04613,Veda Om,Female,18-24,Kochi,Kerala,New,2024-07-08
C04614,Priya Badami,Male,45-54,Hyderabad,Telangana,Loyal,2025-08-01
C04615,Vedika Bhatia,Male,18-24,Kolkata,West Bengal,Regular,2024-09-29
C04616,Ikshita Acharya,Female,55+,Pune,Maharashtra,Regular,2023-11-20
C04617,Samarth Sood,Female,18-24,Madurai,Tamil Nadu,Loyal,2024-05-25
C04618,Advik Naidu,Female,45-54,Coimbatore,Tamil Nadu,High Value,2026-01-01
C04619,Damini Sengupta,Female,35-44,Kolkata,West Bengal,New,2026-06-29
C04620,Ranveer Sule,Female,35-44,Chennai,Tamil Nadu,Regular,2024-06-26
C04621,Kala Johal,Male,25-34,Madurai,Tamil Nadu,High Value,2024-06-21
C04622,Kamya Patla,Female,55+,Chennai,Tamil Nadu,Regular,2024-05-08
C04623,Advika Handa,Female,55+,Kolkata,West Bengal,Regular,2026-01-28
C04624,Faqid Kaul,Male,35-44,Bhopal,Madhya Pradesh,Loyal,2025-06-17
C04625,Harini Solanki,Female,45-54,Hyderabad,Telangana,Regular,2023-11-20
C04626,Sneha Narain,Male,45-54,Delhi,Delhi,Regular,2024-01-21
C04627,Bhavini Yadav,Female,25-34,Bhubaneswar,Odisha,Regular,2025-04-08
C04628,Qarin Kumar,Male,55+,Lucknow,Uttar Pradesh,Regular,2023-08-26
C04629,Charvi Ravel,Male,45-54,Kochi,Kerala,Regular,2023-11-28
C04630,Avi Sani,Male,35-44,Indore,Madhya Pradesh,New,2023-12-23
C04631,Bishakha Thaman,Female,25-34,Bhubaneswar,Odisha,Regular,2025-04-08
C04632,Lavanya Reddy,Female,45-54,Madurai,Tamil Nadu,New,2025-03-18
C04633,Luke Ahuja,Male,25-34,Visakhapatnam,Andhra Pradesh,New,2025-12-02
C04634,Laban Mani,Male,45-54,Madurai,Tamil Nadu,Loyal,2025-08-22
C04635,Kala Keer,Female,55+,Ahmedabad,Gujarat,Regular,2025-03-27
C04636,Oliver Narasimhan,Female,18-24,Mysuru,Karnataka,Regular,2024-01-30
C04637,Gaurika Kibe,Male,55+,Madurai,Tamil Nadu,Regular,2025-11-04
C04638,Eta Prabhu,Male,45-54,Bengaluru,Karnataka,Regular,2023-09-03
C04639,Indali Pingle,Female,18-24,Bhopal,Madhya Pradesh,Regular,2026-06-30
C04640,Ekiya Contractor,Female,18-24,Lucknow,Uttar Pradesh,Regular,2024-10-10
C04641,Faris Lanka,Female,35-44,Bengaluru,Karnataka,Regular,2026-05-14
C04642,Pushti Aurora,Male,18-24,Mysuru,Karnataka,Regular,2026-01-30
C04643,Naveen Kar,Male,35-44,Patna,Bihar,New,2025-04-26
C04644,Chasmum Ben,Female,25-34,Bhubaneswar,Odisha,Regular,2025-07-07
C04645,Sara Khare,Male,25-34,Mysuru,Karnataka,Regular,2024-03-14
C04646,Keya Wali,Female,55+,Indore,Madhya Pradesh,Regular,2024-10-19
C04647,Raagini Badami,Male,35-44,Lucknow,Uttar Pradesh,Loyal,2024-07-13
C04648,Hamsini Dhingra,Female,25-34,Ahmedabad,Gujarat,New,2024-09-27
C04649,Fariq Kar,Female,35-44,Patna,Bihar,Regular,2024-03-27
C04650,Mahika Narasimhan,Female,45-54,Coimbatore,Tamil Nadu,Loyal,2025-08-21
C04651,Prisha Tripathi,Male,55+,Bengaluru,Karnataka,New,2026-05-19
C04652,Aayush Chandran,Female,18-24,Ahmedabad,Gujarat,Loyal,2024-06-23
C04653,Janya Gandhi,Male,18-24,Chennai,Tamil Nadu,Regular,2024-07-30
C04654,Wyatt Puri,Female,45-54,Mumbai,Maharashtra,Regular,2026-03-03
C04655,Peter Raghavan,Female,25-34,Coimbatore,Tamil Nadu,Regular,2025-02-06
C04656,Thomas Chauhan,Female,45-54,Bengaluru,Karnataka,High Value,2024-12-16
C04657,Zaid Peri,Male,55+,Bhopal,Madhya Pradesh,Regular,2026-06-06
C04658,Oviya Ramesh,Male,18-24,Pune,Maharashtra,New,2025-09-11
C04659,Aryan Rajan,Male,25-34,Bhopal,Madhya Pradesh,Regular,2025-06-28
C04660,Divya Borde,Male,18-24,Lucknow,Uttar Pradesh,New,2025-06-24
C04661,Utkarsh Dave,Male,45-54,Kochi,Kerala,Loyal,2024-01-29
C04662,Adweta Chada,Female,18-24,Patna,Bihar,Regular,2026-04-17
C04663,Indira Master,Female,55+,Coimbatore,Tamil Nadu,Regular,2024-03-02
C04664,Darpan Mitter,Male,18-24,Coimbatore,Tamil Nadu,Regular,2024-08-01
C04665,Zehaan Kade,Male,45-54,Chennai,Tamil Nadu,Loyal,2023-10-10
C04666,Mohini Krishna,Male,35-44,Trichy,Tamil Nadu,New,2024-04-14
C04667,Harshil Prakash,Male,35-44,Madurai,Tamil Nadu,Regular,2024-09-13
C04668,Theodore Sawhney,Male,55+,Lucknow,Uttar Pradesh,New,2026-07-04
C04669,Chandresh Gade,Male,45-54,Coimbatore,Tamil Nadu,New,2023-10-18
C04670,Qasim Kothari,Female,18-24,,Kerala,New,2025-02-12
C04671,Joshua Tank,Female,18-24,Indore,Madhya Pradesh,Loyal,2025-04-23
C04672,Jai Dani,Female,55+,Bhubaneswar,Odisha,Loyal,2023-09-25
C04673,Divya Aggarwal,Male,25-34,Delhi,Delhi,Loyal,2025-10-23
C04674,Devika Gupta,Female,45-54,Bhopal,Madhya Pradesh,Regular,2025-10-16
C04675,Krishna Srinivas,Male,45-54,Bhubaneswar,Odisha,Regular,2025-05-25
C04676,Gautami Bahri,Female,35-44,Visakhapatnam,Andhra Pradesh,High Value,2024-10-27
C04677,Pavani Chadha,Female,18-24,Trichy,Tamil Nadu,High Value,2023-11-22
C04678,Vinaya Kala,Male,45-54,Bhopal,Madhya Pradesh,Regular,2024-05-25
C04679,Yochana Tak,Male,25-34,Delhi,Delhi,Loyal,2026-04-14
C04680,Forum Sundaram,Male,35-44,Madurai,Tamil Nadu,Regular,2025-10-21
C04681,Nakul Din,Female,55+,Bengaluru,Karnataka,Regular,2025-03-12
C04682,Bimala Cheema,Male,25-34,Kolkata,West Bengal,New,2023-12-06
C04683,Vidhi Natarajan,Male,35-44,Delhi,Delhi,Regular,2025-01-13
C04684,Zilmil Prabhakar,Male,35-44,Bhopal,Madhya Pradesh,Loyal,2026-01-18
C04685,Sai Sethi,Female,55+,Bengaluru,Karnataka,New,2025-04-25
C04686,Mohini Dubey,Female,18-24,Pune,Maharashtra,Loyal,2025-06-01
C04687,Mahika Mitra,Male,55+,Lucknow,Uttar Pradesh,Regular,2025-08-18
C04688,Luke More,Female,55+,Pune,Maharashtra,Regular,2026-04-17
C04689,Harshil Wable,Female,25-34,Patna,Bihar,Regular,2025-06-26
C04690,Sneha Dash,Female,35-44,Mumbai,Maharashtra,Regular,2025-08-14
C04691,Hiral Mammen,Male,35-44,Bengaluru,Karnataka,Regular,2024-03-11
C04692,Qadim Rajagopalan,Female,35-44,Lucknow,Uttar Pradesh,Loyal,2026-02-22
C04693,Sanya Ganesh,Female,45-54,Kolkata,West Bengal,Regular,2025-09-07
C04694,Qasim Khosla,Male,35-44,Ahmedabad,Gujarat,High Value,2024-02-19
C04695,Irya Ramanathan,Male,55+,Mysuru,Karnataka,New,2025-08-12
C04696,Brinda Bhargava,Male,55+,Chennai,Tamil Nadu,Loyal,2026-05-13
C04697,Damyanti Yohannan,Male,18-24,Jaipur,Rajasthan,Regular,2023-09-25
C04698,Chatresh Kohli,Male,55+,Delhi,Delhi,New,2025-10-27
C04699,Samuel Sahni,Male,18-24,Mumbai,Maharashtra,High Value,2026-03-20
C04700,Gaurika Verma,Female,18-24,Lucknow,Uttar Pradesh,Regular,2025-08-24
C04701,Aradhana Thaman,Male,35-44,Chennai,Tamil Nadu,Loyal,2025-12-17
C04702,Chakradev Kala,Female,18-24,Lucknow,Uttar Pradesh,Regular,2025-05-31
C04703,Bhavna Balasubramanian,Male,18-24,Mysuru,Karnataka,Regular,2024-11-08
C04704,Vivaan Vasa,Female,25-34,Visakhapatnam,Andhra Pradesh,Regular,2024-09-24
C04705,Urvi Tara,Male,25-34,Pune,Maharashtra,High Value,2025-12-07
C04706,Chakrika Chhabra,Male,25-34,Madurai,Tamil Nadu,Regular,2024-05-27
C04707,Rehaan Bhat,Female,18-24,Jaipur,Rajasthan,New,2026-02-19
C04708,Saksham Rao,Male,18-24,Kochi,Kerala,Regular,2024-02-16
C04709,Timothy Merchant,Male,25-34,Jaipur,Rajasthan,Loyal,2025-10-31
C04710,Widisha Bahri,Female,45-54,Ahmedabad,Gujarat,Regular,2026-02-13
C04711,Wakeeta Bahl,Female,18-24,Visakhapatnam,Andhra Pradesh,Regular,2025-09-17
C04712,Yasti Nath,Female,18-24,Coimbatore,Tamil Nadu,Loyal,2024-05-20
C04713,Yauvani Dyal,Male,45-54,Hyderabad,Telangana,Regular,2025-10-17
C04714,Vidhi Sem,Female,55+,Coimbatore,Tamil Nadu,Regular,2026-06-04
C04715,Nitesh Dugar,Male,18-24,Chennai,Tamil Nadu,New,2024-12-05
C04716,Rushil Dhillon,Female,55+,Kolkata,West Bengal,Regular,2023-08-19
C04717,Rajata Gala,Male,25-34,Delhi,Delhi,Regular,2024-08-30
C04718,Inaya Natarajan,Male,18-24,Bhubaneswar,Odisha,Regular,2024-03-10
C04719,Chatura Walia,Male,25-34,Bengaluru,Karnataka,Regular,2025-02-17
C04720,Abdul Sheth,Female,18-24,Bhopal,Madhya Pradesh,New,2024-08-24
C04721,Victor Zachariah,Male,25-34,Delhi,Delhi,High Value,2024-01-18
C04722,Shivani Badami,Male,55+,Jaipur,Rajasthan,Regular,2025-06-25
C04723,Aarna Sem,Female,55+,Mumbai,Maharashtra,Regular,2025-10-26
C04724,Michael Borra,Female,45-54,Coimbatore,Tamil Nadu,New,2026-05-31
C04725,Nachiket Nagy,Female,45-54,Coimbatore,Tamil Nadu,Regular,2023-12-29
C04726,Girish Sodhi,Male,18-24,Bhubaneswar,Odisha,Regular,2023-09-23
C04727,Jagvi Agarwal,Male,18-24,Kochi,Kerala,Regular,2025-03-12
C04728,Jeet Nagar,Female,35-44,Lucknow,Uttar Pradesh,New,2024-02-28
C04729,Ekaraj Ganesh,Female,55+,Mumbai,Maharashtra,Regular,2023-08-17
C04730,Bachittar Sangha,Male,25-34,Bengaluru,Karnataka,Regular,2026-03-04
C04731,Faqid Gill,Female,55+,,Delhi,Regular,2023-12-26
C04732,Pranit Kapur,Male,18-24,Ahmedabad,Gujarat,New,2025-04-16
C04733,Pallavi Kapoor,Female,45-54,Indore,Madhya Pradesh,Loyal,2024-06-17
C04734,Eshana Sagar,Female,35-44,Mysuru,Karnataka,New,2025-02-09
C04735,Bishakha Mohanty,Female,18-24,Mysuru,Karnataka,New,2026-06-14
C04736,Jairaj Gole,Female,35-44,Hyderabad,Telangana,Regular,2024-04-12
C04737,Frado Sachdev,Male,35-44,Kolkata,West Bengal,New,2025-04-18
C04738,Ladli Babu,Female,25-34,Patna,Bihar,Regular,2024-02-21
C04739,Rajeshri Handa,Male,25-34,Mysuru,Karnataka,Loyal,2026-05-21
C04740,Ojasvi Randhawa,Female,18-24,Delhi,Delhi,New,2026-06-09
C04741,Faris Sharaf,Male,45-54,Coimbatore,Tamil Nadu,Loyal,2026-02-16
C04742,Ati Parekh,Female,25-34,Coimbatore,Tamil Nadu,New,2023-09-15
C04743,Nakul Srivastava,Female,55+,Patna,Bihar,Regular,2024-07-23
C04744,Shivansh Bobal,Male,18-24,Chennai,Tamil Nadu,New,2026-07-09
C04745,Chakrika Rao,Female,25-34,Kolkata,West Bengal,Loyal,2025-11-25
C04746,Bahadurjit Palla,Male,35-44,Visakhapatnam,Andhra Pradesh,Loyal,2025-04-27
C04747,Leena Magar,Female,35-44,Jaipur,Rajasthan,Loyal,2026-03-07
C04748,Abha Kumar,Female,35-44,Bhubaneswar,Odisha,Loyal,2024-06-23
C04749,Ijaya Sehgal,Male,25-34,Mysuru,Karnataka,Regular,2025-08-23
C04750,Aayush Dugal,Female,35-44,Bhubaneswar,Odisha,New,2025-04-08
C04751,Xiti Sundaram,Male,25-34,Coimbatore,Tamil Nadu,Regular,2023-11-24
C04752,Jairaj Sha,Male,25-34,Mysuru,Karnataka,Regular,2024-01-27
C04753,Lakshmi Puri,Male,18-24,Ahmedabad,Gujarat,Regular,2024-11-25
C04754,Robert Panchal,Male,55+,Lucknow,Uttar Pradesh,New,2025-12-26
C04755,Kamya Ghosh,Male,18-24,Lucknow,Uttar Pradesh,Loyal,2023-08-27
C04756,David Dugar,Male,55+,Mysuru,Karnataka,New,2024-02-05
C04757,Abha Karnik,Female,25-34,Hyderabad,Telangana,New,2026-06-28
C04758,Vasudha Swaminathan,Male,18-24,Visakhapatnam,Andhra Pradesh,Regular,2026-02-03
C04759,Manthan Narula,Male,55+,Bhopal,Madhya Pradesh,Regular,2025-08-24
C04760,Lopa Gill,Male,35-44,Indore,Madhya Pradesh,Regular,2025-11-28
C04761,Advik Thakkar,Male,18-24,Kochi,Kerala,Regular,2025-03-20
C04762,Darsh Lata,Female,35-44,Hyderabad,Telangana,Regular,2026-07-03
C04763,Vanya More,Female,55+,Madurai,Tamil Nadu,Loyal,2024-04-14
C04764,Udyati Sahota,Male,18-24,Indore,Madhya Pradesh,Regular,2025-06-14
C04765,Vanya Tripathi,Male,18-24,Bhopal,Madhya Pradesh,Loyal,2026-02-02
C04766,Orinder Srinivasan,Male,45-54,Jaipur,Rajasthan,Regular,2026-04-17
C04767,Amol Keer,Male,18-24,Visakhapatnam,Andhra Pradesh,Regular,2026-05-09
C04768,Oscar Vasa,Male,55+,Kolkata,West Bengal,Loyal,2025-11-12
C04769,Dayita Dua,Male,55+,Indore,Madhya Pradesh,Regular,2024-08-08
C04770,Omisha Divan,Male,18-24,Delhi,Delhi,High Value,2023-10-18
C04771,Widisha Krishnamurthy,Male,45-54,Bengaluru,Karnataka,New,2025-04-11
C04772,Qabil Nanda,Male,55+,Coimbatore,Tamil Nadu,Regular,2025-03-15
C04773,Turvi Manda,Male,25-34,Delhi,Delhi,New,2024-10-09
C04774,Anay Narula,Male,35-44,Bengaluru,Karnataka,New,2025-03-07
C04775,Vasudha Chanda,Female,35-44,Pune,Maharashtra,Regular,2025-04-30
C04776,Xiti Varma,Male,18-24,Bengaluru,Karnataka,Regular,2023-11-22
C04777,Ekta Singhal,Male,18-24,Ahmedabad,Gujarat,Regular,2024-10-30
C04778,Ryan Hayre,Male,18-24,Chennai,Tamil Nadu,Regular,2024-09-14
C04779,Yatan Rajagopal,Female,25-34,Coimbatore,Tamil Nadu,Regular,2025-11-09
C04780,Anthony Bassi,Male,45-54,Bengaluru,Karnataka,Regular,2025-03-26
C04781,Anvi Grover,Male,25-34,Bengaluru,Karnataka,Regular,2026-03-30
C04782,Utkarsh Yohannan,Male,25-34,Hyderabad,Telangana,Regular,2025-07-15
C04783,Advay Sankaran,Female,18-24,Kochi,Kerala,Regular,2024-03-10
C04784,Dayamai Bhardwaj,Male,18-24,Kolkata,West Bengal,Regular,2024-10-07
C04785,Chandresh Sibal,Female,55+,Coimbatore,Tamil Nadu,Regular,2023-09-30
C04786,Ekiya Ravel,Female,45-54,Lucknow,Uttar Pradesh,Regular,2025-08-06
C04787,Krish Sandal,Male,55+,Bhubaneswar,Odisha,Regular,2024-10-01
C04788,Azaan Rama,Male,18-24,Bengaluru,Karnataka,Regular,2024-07-14
C04789,Chaitaly Kuruvilla,Male,45-54,Visakhapatnam,Andhra Pradesh,Regular,2024-03-10
C04790,Agastya Mangat,Female,35-44,Madurai,Tamil Nadu,Regular,2024-02-08
C04791,Azaan Bhargava,Male,25-34,Visakhapatnam,Andhra Pradesh,Regular,2025-07-07
C04792,Orinder Garg,Male,18-24,Bhopal,Madhya Pradesh,Loyal,2025-06-01
C04793,Chatresh Mital,Female,25-34,Chennai,Tamil Nadu,Loyal,2024-02-21
C04794,Netra Bedi,Female,18-24,Patna,Bihar,Regular,2025-10-16
C04795,Ikbal Pau,Male,25-34,Kolkata,West Bengal,Regular,2026-03-07
C04796,Harini Sekhon,Male,45-54,Hyderabad,Telangana,Regular,2025-12-06
C04797,Pratyush Pillai,Male,35-44,Bhopal,Madhya Pradesh,Regular,2026-01-11
C04798,Omya Devan,Female,45-54,Ahmedabad,Gujarat,Regular,2024-11-15
C04799,Ria Srinivasan,Female,25-34,Coimbatore,Tamil Nadu,Loyal,2025-03-09
C04800,Anmol Dalal,Male,55+,Bengaluru,Karnataka,Regular,2026-05-06
C04801,Chaaya Jaggi,Female,35-44,Kolkata,West Bengal,New,2025-10-15
C04802,Baghyawati Goel,Female,35-44,Bhubaneswar,Odisha,Regular,2025-02-20
C04803,Mitali Wali,Female,45-54,Coimbatore,Tamil Nadu,Regular,2025-01-02
C04804,Aarush Mallick,Female,55+,Hyderabad,Telangana,Loyal,2025-03-16
C04805,Ojas Chandra,Female,35-44,Mumbai,Maharashtra,New,2025-06-25
C04806,Aarnav Sampath,Female,25-34,Visakhapatnam,Andhra Pradesh,Regular,2024-11-02
C04807,Urvashi Mukherjee,Male,45-54,Bengaluru,Karnataka,New,2025-05-25
C04808,Nathan Narain,Male,35-44,Trichy,Tamil Nadu,High Value,2025-09-02
C04809,Rudra Ghose,Male,45-54,Pune,Maharashtra,Regular,2023-08-11
C04810,Dalbir Ravi,Female,35-44,Jaipur,Rajasthan,Regular,2025-01-15
C04811,Bina Sachdeva,Male,55+,Trichy,Tamil Nadu,Loyal,2025-01-24
C04812,Yatin Amble,Male,55+,Visakhapatnam,Andhra Pradesh,Loyal,2023-12-07
C04813,Amol Venkataraman,Male,35-44,Bengaluru,Karnataka,Loyal,2026-05-26
C04814,Gautam Pai,Female,35-44,Madurai,Tamil Nadu,Regular,2024-06-10
C04815,Nitara Sinha,Female,25-34,Patna,Bihar,Loyal,2024-07-21
C04816,William Sathe,Female,25-34,Delhi,Delhi,Loyal,2024-08-28
C04817,Irya Bhatia,Female,55+,Coimbatore,Tamil Nadu,Regular,2025-04-30
C04818,Gautami Dua,Female,25-34,Mumbai,Maharashtra,Loyal,2025-03-28
C04819,Triveni Rattan,Male,18-24,Coimbatore,Tamil Nadu,New,2025-03-29
C04820,Chaman Bahri,Female,45-54,Ahmedabad,Gujarat,New,2024-12-19
C04821,Michael Issac,Female,45-54,Pune,Maharashtra,Loyal,2024-01-08
C04822,Rudra Barad,Female,45-54,Kolkata,West Bengal,Regular,2024-12-04
C04823,Netra Ganesan,Female,55+,Lucknow,Uttar Pradesh,Loyal,2025-04-16
C04824,Upma Wable,Female,25-34,Pune,Maharashtra,Regular,2026-05-02
C04825,Jagat Bali,Female,35-44,Mumbai,Maharashtra,Regular,2025-10-25
C04826,Balvan Guha,female,45-54,Pune,Maharashtra,Loyal,2026-02-14
C04827,Gagan Dugal,Female,18-24,Visakhapatnam,Andhra Pradesh,Regular,2024-12-07
C04828,Advay Hayre,Male,18-24,Pune,Maharashtra,New,2025-09-25
C04829,Jalsa Mani,Female,18-24,Delhi,Delhi,Regular,2024-09-17
C04830,Jeet Merchant,Female,55+,Chennai,Tamil Nadu,Loyal,2025-01-21
C04831,Dalbir Dani,Male,35-44,Delhi,Delhi,New,2023-12-23
C04832,Idika Mitra,Male,35-44,Kolkata,West Bengal,Loyal,2026-02-20
C04833,Harita Sachdeva,Female,45-54,Ahmedabad,Gujarat,Regular,2023-12-13
C04834,Kala Dayal,Male,18-24,Lucknow,Uttar Pradesh,Loyal,2024-12-06
C04835,Falan Kota,Male,45-54,Mumbai,Maharashtra,Loyal,2024-04-22
C04836,Samaksh Rao,Male,25-34,Pune,Maharashtra,Regular,2025-03-26
C04837,Madhavi Dixit,Male,35-44,Bhubaneswar,Odisha,New,2024-04-10
C04838,Unni Behl,Female,18-24,Trichy,Tamil Nadu,High Value,2025-07-25
C04839,Hredhaan Parmer,Male,25-34,Pune,Maharashtra,Loyal,2024-08-15
C04840,Bhanumati Cherian,Female,18-24,Mysuru,Karnataka,Regular,2025-05-17
C04841,Ojas Narayan,Female,25-34,Jaipur,Rajasthan,Loyal,2025-04-05
C04842,Bhanumati Dyal,Female,55+,Coimbatore,Tamil Nadu,Regular,2026-05-23
C04843,Yahvi Ganguly,Male,18-24,Lucknow,Uttar Pradesh,High Value,2023-09-05
C04844,Barkha Ram,Male,55+,Chennai,Tamil Nadu,Regular,2025-04-26
C04845,Sarthak Chowdhury,Female,55+,Trichy,Tamil Nadu,Loyal,2024-09-30
C04846,Nachiket Sem,Male,18-24,Mysuru,Karnataka,New,2024-09-13
C04847,Nathaniel Nagy,Female,18-24,Patna,Bihar,Loyal,2025-12-11
C04848,Champak Sibal,Female,35-44,Patna,Bihar,New,2024-01-27
C04849,Diya Bahri,Female,25-34,Ahmedabad,Gujarat,Regular,2024-09-17
C04850,Adya Mistry,Female,35-44,Bhopal,Madhya Pradesh,Regular,2023-11-05
C04851,Akshay Hora,Male,18-24,Indore,Madhya Pradesh,Regular,2024-02-12
C04852,Gaurangi Narasimhan,Male,55+,Mysuru,Karnataka,Regular,2024-07-01
C04853,Kashvi Pillai,Male,25-34,Jaipur,Rajasthan,Loyal,2025-09-15
C04854,Anika Nagarajan,Female,25-34,Lucknow,Uttar Pradesh,Regular,2026-03-10
C04855,Wazir Kala,Female,45-54,Kolkata,West Bengal,New,2025-05-29
C04856,Karan Singh,Male,18-24,Lucknow,Uttar Pradesh,Regular,2024-01-18
C04857,Krisha Rama,Male,35-44,Coimbatore,Tamil Nadu,Loyal,2024-02-19
C04858,Nachiket Deo,Male,18-24,Lucknow,Uttar Pradesh,Loyal,2026-07-07
C04859,Maanas Sinha,Female,55+,Ahmedabad,Gujarat,Regular,2024-09-06
C04860,Baghyawati Srinivasan,Male,18-24,Coimbatore,Tamil Nadu,Loyal,2025-08-06
C04861,Aarush Gole,Male,25-34,Indore,Madhya Pradesh,New,2026-04-29
C04862,Caleb Natt,Female,45-54,Mysuru,Karnataka,Regular,2026-04-23
C04863,Arya Saraf,Male,45-54,Hyderabad,Telangana,New,2023-11-29
C04864,Maanas Boase,Male,55+,Delhi,Delhi,Regular,2025-12-13
C04865,Fiyaz Narula,Male,45-54,Trichy,Tamil Nadu,Regular,2024-03-11
C04866,Chameli Mannan,Female,25-34,Madurai,Tamil Nadu,Loyal,2026-04-13
C04867,Mohammed Mishra,Male,25-34,Hyderabad,Telangana,Regular,2023-10-18
C04868,Praneel Sani,Female,25-34,Ahmedabad,Gujarat,Regular,2026-07-10
C04869,Sathvik Subramanian,Male,18-24,Kolkata,West Bengal,Regular,2024-06-20
C04870,Samar Sidhu,Female,25-34,Mysuru,Karnataka,Regular,2025-02-01
C04871,Wriddhish Ray,Female,25-34,Ahmedabad,Gujarat,Loyal,2025-02-21
C04872,Anika Dube,Male,25-34,Bengaluru,Karnataka,Regular,2025-10-09
C04873,Hitesh Bose,Male,55+,Lucknow,Uttar Pradesh,New,2024-07-13
C04874,Hemani Natarajan,Male,18-24,Bhopal,Madhya Pradesh,Regular,2025-08-15
C04875,Bimala Murty,Male,35-44,Indore,Madhya Pradesh,Regular,2025-11-28
C04876,Guneet Sidhu,Female,45-54,Mumbai,Maharashtra,New,2024-08-04
C04877,Urvi Goswami,Male,45-54,Ahmedabad,Gujarat,Regular,2025-04-13
C04878,Radhika Sani,Female,18-24,Coimbatore,Tamil Nadu,Regular,2024-04-01
C04879,Urishilla Kannan,Female,18-24,Kolkata,West Bengal,Loyal,2026-05-19
C04880,Devika Gole,Male,45-54,Mysuru,Karnataka,New,2025-08-26
C04881,Lopa Palla,Female,18-24,Chennai,Tamil Nadu,New,2023-12-31
C04882,Oni Chana,Female,55+,Trichy,Tamil Nadu,Regular,2026-04-09
C04883,Madhav Gopal,Male,18-24,Patna,Bihar,High Value,2024-02-06
C04884,Upadhriti Mohan,Female,35-44,Indore,Madhya Pradesh,Regular,2026-01-21
C04885,Tanmayi Thaman,Female,45-54,Pune,Maharashtra,Regular,2026-02-07
C04886,Siya Mitra,Female,25-34,Lucknow,Uttar Pradesh,New,2025-09-19
C04887,Falak Prakash,Male,25-34,Hyderabad,Telangana,High Value,2025-04-09
C04888,Jyoti Dayal,Male,18-24,Bhopal,Madhya Pradesh,Loyal,2024-03-25
C04889,Ojasvi Dasgupta,Female,25-34,Delhi,Delhi,Regular,2026-03-16
C04890,Sanaya Sen,Male,25-34,Bhubaneswar,Odisha,New,2024-09-25
C04891,Krisha Dhaliwal,Female,18-24,Ahmedabad,Gujarat,Regular,2024-07-31
C04892,Samaksh Mitter,Female,25-34,Visakhapatnam,Andhra Pradesh,Regular,2025-09-24
C04893,Jackson Mohanty,Female,25-34,Coimbatore,Tamil Nadu,Loyal,2025-01-17
C04894,Adya Kale,Male,18-24,Indore,Madhya Pradesh,Loyal,2025-02-09
C04895,Mugdha Pal,Male,35-44,Trichy,Tamil Nadu,Regular,2026-03-08
C04896,Oviya Sawhney,Female,18-24,Indore,Madhya Pradesh,Loyal,2025-05-07
C04897,Kalpit Joshi,Female,35-44,Chennai,Tamil Nadu,Regular,2024-10-16
C04898,Vedika Dave,Female,18-24,Patna,Bihar,Regular,2026-06-23
C04899,Akshay Thakkar,Male,18-24,Jaipur,Rajasthan,Loyal,2025-09-18
C04900,Charvi Sethi,Male,45-54,Madurai,Tamil Nadu,New,2025-10-20
C04901,Rudra Radhakrishnan,Female,45-54,Coimbatore,Tamil Nadu,Regular,2026-02-04
C04902,Indrajit Lala,Female,45-54,Indore,Madhya Pradesh,New,2026-05-24
C04903,Chavvi Zachariah,Female,18-24,Pune,Maharashtra,Regular,2026-06-16
C04904,Wazir Muni,Male,25-34,Pune,Maharashtra,Loyal,2026-06-03
C04905,Rajeshri Dara,Female,18-24,Madurai,Tamil Nadu,Regular,2024-05-10
C04906,Tanmayi Dada,Male,18-24,Pune,Maharashtra,Regular,2025-11-02
C04907,Wishi Mannan,Female,45-54,Jaipur,Rajasthan,Regular,2023-09-20
C04908,Nidra Wason,Male,55+,Bhubaneswar,Odisha,Loyal,2026-04-16
C04909,Aayush Krishnamurthy,Male,55+,Bhubaneswar,Odisha,Regular,2026-04-30
C04910,Kamya Mistry,Female,35-44,Patna,Bihar,Loyal,2024-05-06
C04911,Frado Batta,Female,18-24,Coimbatore,Tamil Nadu,Loyal,2025-04-17
C04912,Upkaar Ranganathan,Female,25-34,Chennai,Tamil Nadu,Regular,2025-03-14
C04913,Harrison Dubey,Male,18-24,Mysuru,Karnataka,Regular,2024-07-23
C04914,Saanvi Kothari,Male,25-34,Indore,Madhya Pradesh,Loyal,2025-01-05
C04915,Ekbal Sachdeva,Male,35-44,Madurai,Tamil Nadu,New,2024-10-21
C04916,Chandresh Sangha,Male,45-54,Hyderabad,Telangana,Loyal,2026-02-15
C04917,Frado Nadig,Female,45-54,Visakhapatnam,Andhra Pradesh,Regular,2025-05-14
C04918,Qadim Soman,Female,18-24,Lucknow,Uttar Pradesh,Regular,2024-07-24
C04919,Samaksh Vig,Female,25-34,Bhopal,Madhya Pradesh,New,2025-01-15
C04920,Anmol Mann,Female,45-54,Kochi,Kerala,Regular,2024-02-18
C04921,Hema Chad,Male,25-34,Visakhapatnam,Andhra Pradesh,Regular,2025-05-30
C04922,Reyansh Edwin,Male,45-54,Kolkata,West Bengal,High Value,2026-01-29
C04923,Kai Barman,Female,55+,Bhubaneswar,Odisha,Regular,2026-04-13
C04924,Chavvi Sharaf,Male,55+,Mumbai,Maharashtra,Loyal,2025-04-27
C04925,Jackson Bhatt,Male,18-24,Delhi,Delhi,Regular,2026-02-28
C04926,Avi Sampath,Female,35-44,Kolkata,West Bengal,New,2026-05-15
C04927,Tanvi Dara,Female,25-34,Bhopal,Madhya Pradesh,Regular,2025-11-28
C04928,Naveen Srinivasan,Male,25-34,Bengaluru,Karnataka,New,2025-04-21
C04929,Yashawini Pingle,Female,18-24,Madurai,Tamil Nadu,Loyal,2024-09-26
C04930,Yutika Iyengar,Female,35-44,Indore,Madhya Pradesh,High Value,2025-08-19
C04931,Neelima Talwar,Female,35-44,Bhubaneswar,Odisha,Regular,2026-03-07
C04932,Tarak Sabharwal,Male,25-34,Coimbatore,Tamil Nadu,Regular,2025-01-15
C04933,Panini Oak,Female,45-54,Patna,Bihar,Regular,2026-03-11
C04934,Gaurangi Prasad,Female,45-54,Patna,Bihar,Regular,2024-04-21
C04935,Mitesh Talwar,Female,55+,Bhubaneswar,Odisha,Regular,2023-08-15
C04936,Charan Swaminathan,Male,45-54,Delhi,Delhi,Loyal,2024-05-17
C04937,Manya Kari,Female,45-54,Kolkata,West Bengal,Regular,2023-12-10
C04938,Zayyan Vig,Female,35-44,Coimbatore,Tamil Nadu,New,2024-07-08
C04939,Lakshmi Shanker,Male,35-44,Kochi,Kerala,Regular,2023-08-11
C04940,Aryan Kapadia,Female,25-34,Mumbai,Maharashtra,New,2025-07-29
C04941,Januja Dubey,Female,55+,Kolkata,West Bengal,Regular,2026-03-07
C04942,Raksha Sahota,Female,45-54,Mysuru,Karnataka,New,2026-03-08
C04943,Eshana Tripathi,Female,25-34,Bhubaneswar,Odisha,Regular,2024-11-10
C04944,Sudiksha Manda,Male,35-44,Kolkata,West Bengal,Regular,2026-01-12
C04945,Lavanya Mander,Female,18-24,Ahmedabad,Gujarat,New,2025-11-04
C04946,Devika Sood,Male,25-34,Ahmedabad,Gujarat,Regular,2025-04-03
C04947,Champak Chakraborty,Female,25-34,Lucknow,Uttar Pradesh,Regular,2025-05-30
C04948,Utkarsh Shan,Male,35-44,Mumbai,Maharashtra,Regular,2025-12-16
C04949,Yutika Narasimhan,Female,55+,Bhopal,Madhya Pradesh,Regular,2024-09-07
C04950,Dipta Chadha,Female,45-54,Delhi,Delhi,Regular,2025-01-05
C04951,Januja Choudhury,Female,35-44,Jaipur,Rajasthan,Loyal,2025-05-03
C04952,Meera Wadhwa,Female,18-24,Delhi,Delhi,Loyal,2026-06-04
C04953,Ekaja Sundaram,Male,45-54,Delhi,Delhi,Regular,2025-08-19
C04954,Girik Bhagat,Male,55+,Visakhapatnam,Andhra Pradesh,Regular,2024-05-06
C04955,Harish Sankaran,Female,55+,Pune,Maharashtra,Regular,2024-03-04
C04956,Zashil Bedi,Female,45-54,Mumbai,Maharashtra,Regular,2024-03-05
C04957,Ria Badami,Male,25-34,Bhopal,Madhya Pradesh,Regular,2025-08-19
C04958,Geetika Sridhar,Female,55+,Bhubaneswar,Odisha,Regular,2025-10-06
C04959,Aayush Mital,Female,25-34,Visakhapatnam,Andhra Pradesh,High Value,2023-12-01
C04960,Mugdha Sankaran,Female,18-24,Patna,Bihar,Regular,2024-06-22
C04961,Harish Jha,Male,55+,Trichy,Tamil Nadu,Regular,2024-08-19
C04962,Tanish Loyal,female,18-24,Coimbatore,Tamil Nadu,Loyal,2023-10-15
C04963,Udant Sengupta,Female,35-44,Coimbatore,Tamil Nadu,Regular,2024-06-25
C04964,Xalak Amble,Female,25-34,Bhopal,Madhya Pradesh,Regular,2026-01-31
C04965,Ekaja Hari,Female,35-44,Kochi,Kerala,Regular,2024-09-10
C04966,Omkaar Chad,Male,25-34,Bhubaneswar,Odisha,New,2023-10-27
C04967,Tripti Jani,Male,35-44,Chennai,Tamil Nadu,Regular,2024-01-02
C04968,Qabil Cherian,Female,45-54,Kochi,Kerala,Loyal,2024-08-01
C04969,Warinder Sarin,Male,55+,Bengaluru,Karnataka,New,2024-11-12
C04970,Rachana Sami,Male,35-44,Chennai,Tamil Nadu,New,2025-06-17
C04971,Gaurang Karnik,Male,45-54,Trichy,Tamil Nadu,Regular,2026-01-10
C04972,Faqid Kannan,Female,55+,Kolkata,West Bengal,Loyal,2024-10-21
C04973,Mitali Jain,Male,35-44,Kolkata,West Bengal,Regular,2025-04-19
C04974,Pushti Shetty,Male,55+,Indore,Madhya Pradesh,Loyal,2023-10-07
C04975,Yatan Dhar,Male,18-24,Madurai,Tamil Nadu,Regular,2024-09-10
C04976,Chakrika Butala,Female,25-34,Ahmedabad,Gujarat,Regular,2024-01-17
C04977,Aradhana Vig,Female,45-54,Jaipur,Rajasthan,Regular,2024-12-29
C04978,Aradhana Tank,Male,55+,Madurai,Tamil Nadu,Regular,2025-08-09
C04979,Oliver Pandey,Male,35-44,Coimbatore,Tamil Nadu,Loyal,2024-08-10
C04980,Radhika Ramanathan,Female,25-34,Hyderabad,Telangana,Loyal,2025-07-04
C04981,Yamini Bawa,Male,25-34,Bengaluru,Karnataka,New,2025-08-14
C04982,Upma Maharaj,Female,25-34,Lucknow,Uttar Pradesh,Regular,2023-08-27
C04983,Noah Brar,Male,18-24,Hyderabad,Telangana,Regular,2026-03-25
C04984,Rachit Hora,Female,55+,Lucknow,Uttar Pradesh,Loyal,2025-02-21
C04985,Madhavi Varma,Male,18-24,Kolkata,West Bengal,Regular,2026-04-27
C04986,Frado Ranganathan,Male,55+,Jaipur,Rajasthan,Loyal,2025-09-27
C04987,Kamala Khosla,Male,25-34,Kolkata,West Bengal,Loyal,2025-06-15
C04988,Warjas Sethi,Female,45-54,Madurai,Tamil Nadu,Loyal,2026-05-28
C04989,Tanveer Padmanabhan,Female,35-44,Madurai,Tamil Nadu,New,2026-03-05
C04990,Andrew Korpal,Female,25-34,Coimbatore,Tamil Nadu,Loyal,2023-10-26
C04991,Geetika Edwin,Male,25-34,Coimbatore,Tamil Nadu,Regular,2025-01-29
C04992,Sarthak Buch,Male,25-34,Ahmedabad,Gujarat,New,2023-09-29
C04993,Wahab Sule,Female,45-54,Patna,Bihar,Regular,2024-09-29
C04994,Unni Walla,Female,35-44,Mysuru,Karnataka,Loyal,2026-03-21
C04995,Bimala Varma,Male,25-34,Mysuru,Karnataka,New,2024-01-02
C04996,Liam Vora,Male,18-24,Bengaluru,Karnataka,New,2025-07-16
C04997,Faraj Jayaraman,Female,45-54,Bengaluru,Karnataka,Regular,2025-04-06
C04998,Dayamai Handa,Male,25-34,Trichy,Tamil Nadu,Loyal,2025-10-13
C04999,Timothy Tailor,Male,25-34,Mumbai,Maharashtra,New,2025-08-22
C05000,Amaira Agrawal,Female,45-54,Kochi,Kerala,New,2026-04-27
