return_id,order_id,return_date,return_reason,return_category,refund_amount,return_status,condition_after_return
R000001,O000002,2025-11-25,Missing Accessories,Product Issue,3078.3,Approved,Good
R000002,O000005,2025-12-08,Damaged Product,Product Issue,727.15,Approved,Damaged
R000003,O000008,2026-08-19,Wrong Product,Product Issue,3870.47,Approved,Damaged
R000004,O000014,2026-07-21,Product Quality Issue,Product Issue,1202.67,Approved,Opened
R000005,O000015,2026-07-12,Product Quality Issue,Product Issue,1248.95,Approved,Good
R000006,O000021,2025-10-15,Not as Expected,Customer Preference,936.19,Approved,Good
R000007,O000036,2026-08-18,Missing Accessories,Product Issue,521.6,Approved,Damaged
R000008,O000043,2026-07-25,Wrong Product,Product Issue,3862.44,Approved,Good
R000009,O000048,2026-03-18,Wrong Product,Product Issue,445.63,Approved,Opened
R000010,O000056,2025-10-07,Damaged Product,Product Issue,1497.56,Approved,Damaged
R000011,O000059,2026-07-10,Late Delivery,Customer Preference,1540.58,Approved,Damaged
R000012,O000062,2026-07-06,Wrong Product,Product Issue,1339.96,Approved,Damaged
R000013,O000083,2026-08-11,Not as Expected,Customer Preference,782.35,Approved,Good
R000014,O000092,2026-07-09,Missing Accessories,Product Issue,1375.21,Approved,Good
R000015,O000096,2025-08-26,Wrong Product ,Product Issue,1056.52,Approved,Damaged
R000016,O000097,2026-04-13,Missing Accessories,Product Issue,813.98,Approved,Opened
R000017,O000099,2025-12-27,Wrong Size,Customer Preference,881.95,Approved,Good
R000018,O000100,2026-06-25,Damaged Product,Product Issue,395.32,Approved,Opened
R000019,O000106,2026-04-28,Changed Mind,Customer Preference,3388.07,Approved,Opened
R000020,O000108,2025-10-29,Changed Mind,Customer Preference,913.0,Approved,Good
R000021,O000115,2025-11-02,Missing Accessories,Product Issue,2425.27,Approved,Good
R000022,O000132,2026-01-30,Changed Mind,Customer Preference,1394.86,Approved,Good
R000023,O000137,2026-04-29,Late Delivery,Customer Preference,1542.48,Approved,Opened
R000024,O000175,2026-02-13,Wrong Product,Product Issue,1079.21,Approved,Opened
R000025,O000180,2026-07-22,Not as Expected,Customer Preference,3197.33,Approved,Damaged
R000026,O000187,2026-02-20,Damaged Product,Product Issue,1267.49,Approved,Good
R000027,O000197,2025-10-03,Product Quality Issue,Product Issue,3122.6,Approved,Good
R000028,O000203,2025-10-18,Damaged Product,Product Issue,1415.01,Approved,Opened
R000029,O000207,2026-01-13,Wrong Product,Product Issue,220.02,Approved,Good
R000030,O000214,2026-07-01,Wrong Product,Product Issue,2402.18,Approved,Opened
R000031,O000219,2026-02-03,Wrong Size,Customer Preference,1451.54,Approved,Damaged
R000032,O000229,2026-04-02,Wrong Product,Product Issue,1881.94,Approved,Good
R000033,O000233,2026-01-06,Product Quality Issue,Product Issue,2994.61,Approved,Good
R000034,O000240,2026-07-22,Missing Accessories,Product Issue,3504.31,Approved,Damaged
R000035,O000251,2025-09-30,Missing Accessories,Product Issue,2151.49,Rejected,Opened
R000036,O000257,2025-12-20,Changed Mind,Customer Preference,1132.6,Approved,Good
R000037,O000279,2026-05-13,Product Quality Issue,Product Issue,2153.0,Approved,Opened
R000038,O000292,2026-03-11,Changed Mind,Customer Preference,634.94,Approved,Good
R000039,O000293,2026-08-22,Late Delivery,Customer Preference,893.82,Approved,Good
R000040,O000307,2026-04-09,Not as Expected,Customer Preference,291.1,Approved,Good
R000041,O000315,2025-12-22,Not as Expected,Customer Preference,3057.88,Approved,Damaged
R000042,O000323,2026-01-14,Damaged Product,Product Issue,1286.55,Approved,Opened
R000043,O000331,2025-10-28,Product Quality Issue,Product Issue,123.75,Approved,Damaged
R000044,O000340,2026-04-27,Damaged Product,Product Issue,1295.43,Approved,Good
R000045,O000347,2025-11-09,Not as Expected,Customer Preference,947.84,Approved,Opened
R000046,O000363,2026-08-06,Changed Mind,Customer Preference,2164.47,Approved,Damaged
R000047,O000364,2025-10-11,Late Delivery,Customer Preference,1827.71,Approved,Good
R000048,O000365,2026-03-18,Not as Expected,Customer Preference,1483.78,Approved,Good
R000049,O000370,2026-06-11,Wrong Product,Product Issue,488.62,Approved,Damaged
R000050,O000372,2026-02-02,Wrong Product,Product Issue,373.12,Approved,Good
R000051,O000392,2026-01-07,Missing Accessories,Product Issue,748.44,Approved,Damaged
R000052,O000393,2026-01-08,Damaged Product,Product Issue,1495.1,Approved,Damaged
R000053,O000429,2025-12-15,Product Quality Issue,Product Issue,3400.14,Approved,Damaged
R000054,O000437,2025-12-11,Damaged Product,Product Issue,757.9,Approved,Damaged
R000055,O000438,2026-05-17,Changed Mind,Customer Preference,827.03,Approved,Damaged
R000056,O000444,2026-03-13,Not as Expected,Customer Preference,2144.85,Approved,Opened
R000057,O000445,2026-07-09,Wrong Size,Customer Preference,1797.44,Approved,Opened
R000058,O000454,2026-04-25,Not as Expected,Customer Preference,965.68,Approved,Good
R000059,O000456,2026-01-18,Missing Accessories,Product Issue,3078.24,Approved,Damaged
R000060,O000458,2026-07-15,Wrong Size,Customer Preference,2260.04,Approved,Good
R000061,O000463,2025-09-29,Damaged Product,Product Issue,1322.5,Approved,Damaged
R000062,O000471,2026-04-13,Wrong Size,Customer Preference,761.89,Approved,Good
R000063,O000478,2025-09-17,Damaged Product,Product Issue,1081.16,Approved,Damaged
R000064,O000490,2025-09-30,Not as Expected,Customer Preference,3298.85,Approved,Opened
R000065,O000492,2026-08-13,Damaged Product,Product Issue,1693.78,Approved,Good
R000066,O000497,2026-06-15,Wrong Product,Product Issue,4311.05,Approved,Good
R000067,O000528,2026-05-09,Late Delivery,Customer Preference,1512.53,Approved,Damaged
R000068,O000536,2025-09-02,Product Quality Issue,Product Issue,613.94,Approved,Damaged
R000069,O000556,2026-07-30,Late Delivery,Customer Preference,2434.14,Approved,Good
R000070,O000558,2026-04-02,Wrong Size,Customer Preference,1723.19,Approved,Opened
R000071,O000568,2026-02-06,Product Quality Issue,Product Issue,1618.68,Approved,Good
R000072,O000582,2026-03-16,Wrong Product,Product Issue,619.99,Approved,Opened
R000073,O000584,2026-08-16,Wrong Size,Customer Preference,211.19,Approved,Good
R000074,O000586,2025-12-19,Changed Mind,Customer Preference,1963.48,Approved,Damaged
R000075,O000590,2026-05-23,Changed Mind,Customer Preference,1850.41,Approved,Damaged
R000076,O000597,2025-10-20,Changed Mind,Customer Preference,3257.06,Approved,Damaged
R000077,O000606,2026-06-29,Wrong Size,Customer Preference,358.72,Approved,Opened
R000078,O000622,2026-02-03,Changed Mind,Customer Preference,1069.63,Approved,Opened
R000079,O000629,2026-05-31,Damaged Product,Product Issue,1099.54,Approved,Opened
R000080,O000634,2026-02-12,Wrong Product,Product Issue,1266.96,Approved,Damaged
R000081,O000645,2025-09-19,Missing Accessories,Product Issue,655.74,Approved,Good
R000082,O000660,2025-09-28,Missing Accessories,Product Issue,6457.82,Approved,Opened
R000083,O000661,2025-12-31,Product Quality Issue,Product Issue,1090.48,Approved,Good
R000084,O000678,2026-04-24,Late Delivery,Customer Preference,1394.45,Approved,Good
R000085,O000681,2026-06-14,Not as Expected,Customer Preference,854.65,Approved,Opened
R000086,O000687,2026-04-26,Late Delivery,Customer Preference,1770.62,Approved,Damaged
R000087,O000695,2026-05-24,Late Delivery,Customer Preference,969.4,Approved,Good
R000088,O000696,2026-06-27,Late Delivery,Customer Preference,1256.5,Approved,Good
R000089,O000702,2026-08-16,Late Delivery,Customer Preference,923.6,Approved,Damaged
R000090,O000708,2026-07-28,Wrong Product,Product Issue,4133.91,Rejected,Damaged
R000091,O000713,2025-12-27,Wrong Size,Customer Preference,965.3,Approved,Opened
R000092,O000718,2026-04-11,Changed Mind,Customer Preference,369.89,Approved,Opened
R000093,O000720,2026-03-26,Product Quality Issue,Product Issue,1185.3,Approved,Damaged
R000094,O000724,2025-11-01,Wrong Product,Product Issue,894.86,Approved,Damaged
R000095,O000726,2025-12-12,Changed Mind,Customer Preference,443.17,Approved,Opened
R000096,O000734,2026-07-05,Wrong Product,Product Issue,1773.57,Approved,Good
R000097,O000739,2026-08-05,Missing Accessories,Product Issue,532.84,Approved,Opened
R000098,O000741,2026-05-19,Not as Expected,Customer Preference,448.2,Approved,Opened
R000099,O000747,2026-04-26,Late Delivery,Customer Preference,1647.51,Approved,Damaged
R000100,O000749,2026-05-14,Wrong Product,Product Issue,1037.76,Approved,Opened
R000101,O000751,2025-09-02,Damaged Product,Product Issue,694.35,Approved,Opened
R000102,O000755,2026-04-01,Damaged Product,Product Issue,803.82,Approved,Damaged
R000103,O000766,2026-06-03,Missing Accessories,Product Issue,754.25,Approved,Good
R000104,O000768,2026-03-15,Wrong Size,Customer Preference,2047.01,Approved,Damaged
R000105,O000769,2026-04-10,Not as Expected,Customer Preference,1609.62,Approved,Opened
R000106,O000781,2025-11-20,Not as Expected,Customer Preference,2868.42,Approved,Good
R000107,O000790,2026-06-25,Changed Mind,Customer Preference,1934.61,Approved,Damaged
R000108,O000796,2025-11-12,Wrong Product,Product Issue,365.1,Rejected,Good
R000109,O000800,2026-05-01,Missing Accessories,Product Issue,1268.74,Approved,Good
R000110,O000810,2025-09-17,Wrong Size,Customer Preference,1351.57,Approved,Good
R000111,O000814,2025-08-29,Missing Accessories,Product Issue,523.93,Approved,Damaged
R000112,O000816,2026-02-04,Changed Mind,Customer Preference,1417.67,Rejected,Good
R000113,O000821,2026-03-28,Late Delivery,Customer Preference,1752.23,Approved,Damaged
R000114,O000823,2026-03-13,Changed Mind ,Customer Preference,2918.0,Approved,Damaged
R000115,O000824,2025-08-27,Missing Accessories,Product Issue,1001.46,Approved,Opened
R000116,O000829,2025-12-31,Product Quality Issue,Product Issue,1006.84,Approved,Damaged
R000117,O000830,2026-08-13,Not as Expected,Customer Preference,1761.46,Approved,Damaged
R000118,O000831,2025-10-19,Wrong Size,Customer Preference,1241.32,Approved,Opened
R000119,O000834,2026-03-18,Missing Accessories,Product Issue,2346.34,Approved,Opened
R000120,O000840,2026-08-16,Not as Expected,Customer Preference,1144.25,Rejected,Opened
R000121,O000843,2025-12-04,Wrong Product,Product Issue,1279.17,Approved,Opened
R000122,O000847,2026-06-11,Product Quality Issue,Product Issue,3189.27,Approved,Opened
R000123,O000860,2026-02-04,Wrong Size,Customer Preference,1400.27,Rejected,Opened
R000124,O000867,2025-10-21,Wrong Product,Product Issue,6885.43,Approved,Damaged
R000125,O000879,2025-10-30,Changed Mind,Customer Preference,2328.06,Approved,Damaged
R000126,O000899,2025-10-21,Changed Mind,Customer Preference,493.84,Rejected,Opened
R000127,O000900,2025-12-18,Missing Accessories,Product Issue,1308.13,Approved,Damaged
R000128,O000909,2026-03-29,Missing Accessories,Product Issue,1746.23,Approved,Damaged
R000129,O000911,2025-10-16,Wrong Size,Customer Preference,739.57,Approved,Damaged
R000130,O000912,2026-03-26,Changed Mind,Customer Preference,1167.85,Approved,Damaged
R000131,O000926,2025-12-28,Not as Expected,Customer Preference,795.23,Approved,Good
R000132,O000933,2026-03-25,Missing Accessories,Product Issue,1188.99,Approved,Good
R000133,O000940,2026-01-10,Missing Accessories,Product Issue,1945.48,Approved,Damaged
R000134,O000953,2025-09-20,Product Quality Issue,Product Issue,1812.76,Approved,Opened
R000135,O000959,2026-03-15,Wrong Size,Customer Preference,611.11,Approved,Good
R000136,O000966,2025-12-13,Late Delivery,Customer Preference,6956.07,Approved,Opened
R000137,O000987,2025-12-31,Product Quality Issue,Product Issue,1576.29,Approved,Damaged
R000138,O000988,2026-08-11,Damaged Product,Product Issue,3541.54,Approved,Damaged
R000139,O000992,2026-04-02,Damaged Product,Product Issue,1513.88,Approved,Damaged
R000140,O001002,2026-01-26,Late Delivery,Customer Preference,2252.0,Approved,Damaged
R000141,O001004,2026-03-01,Wrong Size,Customer Preference,1747.51,Approved,Damaged
R000142,O001018,2025-10-06,Not as Expected,Customer Preference,3961.0,Approved,Damaged
R000143,O001036,2026-03-10,Wrong Size,Customer Preference,996.81,Approved,Opened
R000144,O001037,2026-03-01,Wrong Size,Customer Preference,890.71,Approved,Good
R000145,O001040,2026-04-10,Missing Accessories,Product Issue,1463.21,Approved,Damaged
R000146,O001043,2026-03-19,Damaged Product,Product Issue,1558.38,Approved,Damaged
R000147,O001050,2025-12-14,Not as Expected,Customer Preference,814.74,Approved,Good
R000148,O001057,2026-01-29,Late Delivery ,Customer Preference,634.86,Approved,Good
R000149,O001061,2025-10-05,Late Delivery,Customer Preference,1100.8,Rejected,Damaged
R000150,O001072,2026-05-24,Wrong Product,Product Issue,3179.37,Approved,Good
R000151,O001074,2025-10-14,Damaged Product,Product Issue,1692.67,Approved,Opened
R000152,O001076,2025-11-30,Late Delivery,Customer Preference,1224.25,Approved,Opened
R000153,O001080,2025-10-03,Changed Mind,Customer Preference,632.04,Approved,Opened
R000154,O001081,2026-04-14,Not as Expected,Customer Preference,1132.37,Approved,Good
R000155,O001083,2025-11-29,Wrong Size,Customer Preference,673.93,Approved,Damaged
R000156,O001086,2026-08-04,Changed Mind,Customer Preference,2437.59,Approved,Opened
R000157,O001088,2026-08-06,Wrong Size,Customer Preference,263.16,Approved,Damaged
R000158,O001090,2026-08-06,Wrong Size,Customer Preference,1218.44,Approved,Opened
R000159,O001093,2026-01-05,Wrong Size,Customer Preference,1502.46,Approved,Damaged
R000160,O001101,2025-12-08,Changed Mind,Customer Preference,1566.98,Approved,Opened
R000161,O001102,2026-01-07,Product Quality Issue,Product Issue,1974.02,Approved,Good
R000162,O001103,2025-12-13,Wrong Product,Product Issue,2619.93,Approved,Good
R000163,O001109,2026-04-03,Changed Mind,Customer Preference,2897.56,Approved,Damaged
R000164,O001111,2025-09-11,Damaged Product,Product Issue,526.63,Approved,Damaged
R000165,O001115,2026-07-31,Wrong Size,Customer Preference,6957.79,Approved,Damaged
R000166,O001116,2026-06-22,Wrong Size ,Customer Preference,2451.86,Approved,Good
R000167,O001117,2025-12-19,Damaged Product,Product Issue,4130.15,Approved,Damaged
R000168,O001123,2025-10-10,Wrong Product,Product Issue,2238.48,Rejected,Damaged
R000169,O001125,2026-08-15,Wrong Product,Product Issue,818.85,Approved,Opened
R000170,O001132,2026-07-02,Wrong Size,Customer Preference,651.59,Approved,Opened
R000171,O001140,2026-07-19,Late Delivery,Customer Preference,680.36,Approved,Damaged
R000172,O001141,2025-12-21,Late Delivery,Customer Preference,587.73,Approved,Good
R000173,O001146,2026-08-08,Damaged Product,Product Issue,1128.18,Approved,Damaged
R000174,O001149,2026-06-29,Wrong Product,Product Issue,4587.66,Approved,Opened
R000175,O001150,2026-01-08,Changed Mind,Customer Preference,2189.38,Approved,Opened
R000176,O001163,2026-07-08,Damaged Product,Product Issue,589.43,Approved,Damaged
R000177,O001168,2025-10-17,Damaged Product,Product Issue,1495.46,Approved,Opened
R000178,O001183,2025-09-24,Not as Expected,Customer Preference,938.53,Approved,Good
R000179,O001189,2026-07-20,Damaged Product,Product Issue,8685.3,Approved,Opened
R000180,O001193,2026-04-07,Product Quality Issue,Product Issue,1274.94,Approved,Damaged
R000181,O001195,2026-04-30,Damaged Product,Product Issue,1661.89,Approved,Damaged
R000182,O001205,2026-01-06,Wrong Size,Customer Preference,876.37,Approved,Good
R000183,O001220,2026-08-15,Not as Expected,Customer Preference,595.71,Approved,Good
R000184,O001229,2025-09-09,Wrong Product,Product Issue,240.18,Approved,Good
R000185,O001235,2026-03-21,Product Quality Issue,Product Issue,223.66,Approved,Opened
R000186,O001238,2026-08-07,Damaged Product,Product Issue,1977.57,Approved,Opened
R000187,O001241,2025-12-22,Missing Accessories,Product Issue,1102.61,Approved,Damaged
R000188,O001268,2025-09-27,Wrong Product,Product Issue,1461.59,Approved,Good
R000189,O001291,2026-05-26,Changed Mind,Customer Preference,2944.98,Rejected,Opened
R000190,O001293,2026-06-24,Damaged Product,Product Issue,1213.52,Approved,Good
R000191,O001305,2026-06-19,Product Quality Issue,Product Issue,227.88,Approved,Good
R000192,O001327,2026-05-15,Not as Expected,Customer Preference,753.09,Approved,Opened
R000193,O001332,2025-12-31,Product Quality Issue,Product Issue,2023.32,Approved,Damaged
R000194,O001336,2025-09-14,Not as Expected,Customer Preference,894.21,Approved,Damaged
R000195,O001345,2026-03-08,Late Delivery,Customer Preference,581.31,Approved,Good
R000196,O001347,2025-11-06,Missing Accessories,Product Issue,1576.83,Approved,Good
R000197,O001362,2026-03-20,Damaged Product,Product Issue,1377.93,Approved,Opened
R000198,O001381,2025-12-09,Wrong Size,Customer Preference,682.17,Approved,Opened
R000199,O001395,2026-08-07,Late Delivery,Customer Preference,1708.87,Approved,Opened
R000200,O001412,2026-02-25,Product Quality Issue,Product Issue,1327.17,Approved,Damaged
R000201,O001413,2026-01-01,Not as Expected,Customer Preference,1114.99,Approved,Good
R000202,O001425,2026-04-20,Damaged Product,Product Issue,1382.59,Approved,Good
R000203,O001446,2026-01-06,Missing Accessories,Product Issue,3141.48,Rejected,Good
R000204,O001475,2025-10-08,Changed Mind,Customer Preference,930.42,Approved,Good
R000205,O001476,2025-09-03,Not as Expected,Customer Preference,1345.24,Approved,Damaged
R000206,O001493,2025-08-15,Product Quality Issue,Product Issue,628.74,Approved,Damaged
R000207,O001501,2026-04-04,Missing Accessories,Product Issue,2607.75,Approved,Opened
R000208,O001505,2026-05-04,Changed Mind,Customer Preference,679.45,Approved,Good
R000209,O001527,2026-08-11,Not as Expected,Customer Preference,1721.46,Approved,Opened
R000210,O001531,2026-03-05,Changed Mind,Customer Preference,1683.91,Approved,Opened
R000211,O001541,2025-11-07,Wrong Size,Customer Preference,437.8,Approved,Opened
R000212,O001555,2026-07-11,Changed Mind,Customer Preference,887.5,Approved,Good
R000213,O001559,2025-10-01,Damaged Product,Product Issue,1356.66,Approved,Damaged
R000214,O001565,2026-03-10,Product Quality Issue,Product Issue,4338.27,Rejected,Good
R000215,O001571,2026-01-14,Wrong Product,Product Issue,1478.16,Approved,Good
R000216,O001574,2026-07-01,Damaged Product,Product Issue,757.45,Approved,Damaged
R000217,O001581,2025-08-31,Late Delivery,Customer Preference,775.28,Approved,Good
R000218,O001604,2026-06-05,Wrong Product,Product Issue,2424.43,Rejected,Good
R000219,O001605,2026-07-07,Damaged Product,Product Issue,611.03,Approved,Damaged
R000220,O001607,2026-05-27,Missing Accessories,Product Issue,697.34,Approved,Opened
R000221,O001620,2026-07-15,Late Delivery,Customer Preference,2654.98,Approved,Good
R000222,O001632,2026-03-12,Damaged Product,Product Issue,457.32,Approved,Opened
R000223,O001636,2026-03-07,Changed Mind,Customer Preference,540.62,Approved,Damaged
R000224,O001645,2026-08-07,Missing Accessories,Product Issue,1729.55,Approved,Good
R000225,O001655,2026-01-14,Late Delivery,Customer Preference,1115.64,Approved,Opened
R000226,O001661,2026-01-12,Changed Mind,Customer Preference,5141.01,Approved,Damaged
R000227,O001664,2026-04-05,Not as Expected,Customer Preference,3559.86,Approved,Good
R000228,O001667,2025-11-19,Missing Accessories,Product Issue,4486.18,Approved,Damaged
R000229,O001668,2026-03-03,Changed Mind,Customer Preference,1257.77,Approved,Damaged
R000230,O001674,2026-04-22,Wrong Size,Customer Preference,1941.67,Approved,Damaged
R000231,O001680,2025-08-20,Not as Expected,Customer Preference,193.23,Approved,Good
R000232,O001681,2026-04-06,Product Quality Issue,Product Issue,1283.31,Rejected,Damaged
R000233,O001686,2026-06-02,Wrong Size,Customer Preference,1399.02,Approved,Good
R000234,O001690,2026-08-02,Missing Accessories,Product Issue,1347.13,Approved,Damaged
R000235,O001709,2026-06-07,Late Delivery,Customer Preference,439.63,Approved,Damaged
R000236,O001729,2025-11-22,Changed Mind,Customer Preference,4211.71,Approved,Damaged
R000237,O001743,2026-05-08,Damaged Product ,Product Issue,584.53,Approved,Good
R000238,O001745,2025-12-15,Missing Accessories,Product Issue,3946.85,Approved,Good
R000239,O001753,2026-06-08,Missing Accessories,Product Issue,860.63,Rejected,Opened
R000240,O001754,2025-10-28,Missing Accessories,Product Issue,1664.5,Approved,Damaged
R000241,O001759,2026-01-13,Wrong Size,Customer Preference,271.22,Approved,Damaged
R000242,O001763,2026-04-07,Changed Mind,Customer Preference,2248.08,Approved,Opened
R000243,O001764,2025-11-06,Wrong Product,Product Issue,1007.04,Approved,Damaged
R000244,O001770,2025-09-16,Changed Mind,Customer Preference,2582.07,Rejected,Damaged
R000245,O001771,2025-10-08,Changed Mind,Customer Preference,524.94,Approved,Good
R000246,O001774,2026-07-04,Wrong Product,Product Issue,3594.39,Approved,Damaged
R000247,O001784,2025-09-12,Wrong Size ,Customer Preference,812.16,Approved,Damaged
R000248,O001811,2026-04-23,Product Quality Issue,Product Issue,2739.99,Approved,Damaged
R000249,O001817,2026-03-22,Missing Accessories,Product Issue,474.6,Approved,Good
R000250,O001828,2026-07-10,Damaged Product,Product Issue,896.21,Approved,Good
R000251,O001835,2026-05-02,Product Quality Issue,Product Issue,1872.84,Approved,Good
R000252,O001847,2025-11-13,Wrong Size,Customer Preference,1288.2,Approved,Opened
R000253,O001870,2025-10-31,Changed Mind,Customer Preference,833.17,Approved,Good
R000254,O001872,2026-06-27,Product Quality Issue,Product Issue,1068.7,Approved,Damaged
R000255,O001878,2026-02-15,Damaged Product,Product Issue,1420.98,Approved,Opened
R000256,O001893,2025-09-21,Changed Mind,Customer Preference,2774.32,Approved,Damaged
R000257,O001894,2025-09-06,Product Quality Issue,Product Issue,1877.84,Approved,Good
R000258,O001907,2026-05-17,Wrong Size,Customer Preference,6871.64,Approved,Opened
R000259,O001923,2025-12-27,Damaged Product,Product Issue,3443.17,Approved,Good
R000260,O001927,2025-10-16,Late Delivery,Customer Preference,313.57,Approved,Damaged
R000261,O001929,2025-11-16,Late Delivery,Customer Preference,1628.57,Approved,Good
R000262,O001933,2026-08-14,Wrong Product,Product Issue,222.31,Approved,Opened
R000263,O001938,2026-05-10,Wrong Size,Customer Preference,1727.04,Approved,Good
R000264,O001940,2026-04-10,Wrong Size,Customer Preference,499.34,Approved,Damaged
R000265,O001942,2025-11-14,Damaged Product,Product Issue,1529.84,Approved,Damaged
R000266,O001952,2025-09-24,Changed Mind,Customer Preference,1685.32,Approved,Good
R000267,O001956,2026-02-10,Wrong Product,Product Issue,395.13,Rejected,Good
R000268,O001965,2026-04-10,Missing Accessories,Product Issue,2119.64,Approved,Good
R000269,O001966,2026-07-02,Missing Accessories,Product Issue,1716.47,Approved,Good
R000270,O001967,2026-07-16,Product Quality Issue,Product Issue,5567.27,Approved,Good
R000271,O001971,2025-11-20,Product Quality Issue,Product Issue,544.27,Approved,Damaged
R000272,O001972,2025-09-28,Wrong Product,Product Issue,768.63,Approved,Damaged
R000273,O001980,2025-11-06,Changed Mind,Customer Preference,772.6,Approved,Good
R000274,O001982,2026-06-05,Missing Accessories,Product Issue,2125.86,Approved,Damaged
R000275,O001989,2026-08-07,Missing Accessories,Product Issue,2368.11,Approved,Good
R000276,O001992,2025-12-31,Damaged Product,Product Issue,3763.72,Approved,Damaged
R000277,O001995,2025-12-25,Wrong Product,Product Issue,846.62,Approved,Damaged
R000278,O001998,2026-04-17,Wrong Product,Product Issue,2071.02,Approved,Damaged
R000279,O001999,2025-09-22,Missing Accessories,Product Issue,1374.02,Approved,Good
R000280,O002001,2025-12-24,Missing Accessories,Product Issue,1724.37,Approved,Good
R000281,O002006,2026-06-28,Wrong Product,Product Issue,2462.0,Approved,Opened
R000282,O002009,2026-02-15,Product Quality Issue,Product Issue,780.4,Approved,Good
R000283,O002010,2025-09-16,Wrong Product,Product Issue,1082.59,Approved,Opened
R000284,O002015,2025-10-17,Late Delivery,Customer Preference,1228.61,Approved,Opened
R000285,O002024,2026-04-04,Wrong Product,Product Issue,1155.81,Rejected,Opened
R000286,O002029,2026-05-04,Wrong Product,Product Issue,2066.07,Approved,Damaged
R000287,O002045,2026-04-19,Changed Mind,Customer Preference,1138.4,Approved,Good
R000288,O002047,2026-05-14,Product Quality Issue,Product Issue,1805.49,Approved,Good
R000289,O002067,2025-12-22,Changed Mind,Customer Preference,2056.76,Approved,Opened
R000290,O002068,2026-01-08,Product Quality Issue,Product Issue,2209.24,Approved,Opened
R000291,O002075,2026-06-27,Wrong Size,Customer Preference,2138.15,Approved,Opened
R000292,O002077,2025-10-29,Not as Expected,Customer Preference,5195.09,Approved,Damaged
R000293,O002080,2026-01-08,Not as Expected,Customer Preference,1644.34,Rejected,Opened
R000294,O002084,2025-10-05,Product Quality Issue,Product Issue,1394.29,Rejected,Damaged
R000295,O002086,2025-11-08,Late Delivery,Customer Preference,2431.56,Approved,Damaged
R000296,O002088,2026-07-03,Product Quality Issue,Product Issue,811.7,Approved,Damaged
R000297,O002092,2026-02-20,Product Quality Issue,Product Issue,933.33,Approved,Opened
R000298,O002103,2025-10-28,Damaged Product,Product Issue,648.21,Approved,Opened
R000299,O002109,2026-05-12,Late Delivery,Customer Preference,489.99,Approved,Good
R000300,O002116,2026-07-19,Not as Expected,Customer Preference,284.34,Approved,Good
R000301,O002140,2026-07-04,Wrong Product,Product Issue,3802.8,Approved,Good
R000302,O002146,2026-07-30,Missing Accessories,Product Issue,1103.9,Approved,Good
R000303,O002151,2025-12-30,Late Delivery,Customer Preference,971.71,Approved,Good
R000304,O002152,2026-08-06,Product Quality Issue,Product Issue,197.08,Approved,Good
R000305,O002156,2026-05-07,Late Delivery,Customer Preference,1157.23,Approved,Damaged
R000306,O002161,2026-02-16,Late Delivery,Customer Preference,521.61,Approved,Damaged
R000307,O002178,2025-10-03,Not as Expected,Customer Preference,3547.09,Approved,Good
R000308,O002186,2026-02-10,Late Delivery,Customer Preference,2552.37,Rejected,Opened
R000309,O002192,2026-05-07,Late Delivery,Customer Preference,272.57,Approved,Damaged
R000310,O002194,2026-08-12,Wrong Size,Customer Preference,985.31,Approved,Damaged
R000311,O002203,2026-02-07,Wrong Size,Customer Preference,905.64,Approved,Damaged
R000312,O002207,2025-09-30,Not as Expected,Customer Preference,1955.65,Approved,Opened
R000313,O002211,2026-01-17,Wrong Size,Customer Preference,2123.14,Approved,Opened
R000314,O002214,2025-12-19,Wrong Size,Customer Preference,5275.39,Approved,Opened
R000315,O002220,2025-10-19,Late Delivery,Customer Preference,125.29,Approved,Opened
R000316,O002231,2026-03-20,Late Delivery,Customer Preference,879.28,Approved,Damaged
R000317,O002262,2026-08-04,Late Delivery,Customer Preference,910.3,Approved,Good
R000318,O002265,2026-07-11,Missing Accessories,Product Issue,1164.09,Approved,Opened
R000319,O002273,2026-01-05,Wrong Size,Customer Preference,2634.66,Approved,Good
R000320,O002274,2026-08-14,Not as Expected,Customer Preference,1922.5,Rejected,Damaged
R000321,O002276,2026-03-04,Wrong Product,Product Issue,177.3,Approved,Good
R000322,O002282,2025-12-08,Wrong Product,Product Issue,2501.45,Approved,Good
R000323,O002286,2026-07-20,Changed Mind,Customer Preference,1588.28,Approved,Opened
R000324,O002289,2026-02-26,Wrong Size,Customer Preference,2184.2,Approved,Good
R000325,O002293,2025-09-01,Product Quality Issue,Product Issue,1637.36,Approved,Damaged
R000326,O002296,2026-01-02,Wrong Size,Customer Preference,3620.55,Approved,Damaged
R000327,O002303,2026-04-04,Wrong Product,Product Issue,1196.0,Approved,Opened
R000328,O002305,2025-12-24,Missing Accessories,Product Issue,1019.71,Approved,Opened
R000329,O002316,2026-05-10,Damaged Product,Product Issue,298.19,Approved,Good
R000330,O002321,2026-01-26,Late Delivery,Customer Preference,2150.1,Approved,Opened
R000331,O002322,2026-05-07,Wrong Product,Product Issue,1199.61,Rejected,Good
R000332,O002323,2026-03-13,Late Delivery,Customer Preference,944.9,Approved,Damaged
R000333,O002327,2025-10-23,Missing Accessories,Product Issue,500.63,Approved,Opened
R000334,O002341,2026-08-10,Product Quality Issue,Product Issue,2313.69,Approved,Opened
R000335,O002343,2025-09-18,Wrong Product,Product Issue,1132.24,Approved,Good
R000336,O002361,2025-11-20,Changed Mind,Customer Preference,598.68,Approved,Opened
R000337,O002375,2026-01-03,Damaged Product,Product Issue,1390.5,Approved,Opened
R000338,O002376,2026-03-16,Not as Expected,Customer Preference,2787.01,Approved,Good
R000339,O002377,2025-10-19,Damaged Product ,Product Issue,1544.59,Approved,Good
R000340,O002393,2026-07-20,Wrong Product,Product Issue,1401.38,Approved,Opened
R000341,O002394,2026-08-10,Wrong Size,Customer Preference,539.92,Approved,Opened
R000342,O002403,2026-05-19,Changed Mind,Customer Preference,1345.94,Approved,Good
R000343,O002404,2026-07-11,Late Delivery,Customer Preference,1498.55,Approved,Opened
R000344,O002407,2026-07-01,Product Quality Issue,Product Issue,1804.76,Approved,Damaged
R000345,O002410,2026-07-16,Product Quality Issue,Product Issue,1074.61,Rejected,Damaged
R000346,O002411,2026-07-23,Not as Expected,Customer Preference,1785.86,Approved,Opened
R000347,O002415,2026-08-16,Not as Expected,Customer Preference,490.18,Approved,Good
R000348,O002419,2025-12-31,Changed Mind,Customer Preference,441.08,Approved,Damaged
R000349,O002421,2025-12-07,Not as Expected,Customer Preference,2584.77,Approved,Damaged
R000350,O002431,2026-05-21,Product Quality Issue,Product Issue,2339.72,Approved,Opened
R000351,O002447,2026-01-13,Wrong Size,Customer Preference,1481.52,Approved,Damaged
R000352,O002448,2026-04-13,Wrong Size,Customer Preference,1279.58,Approved,Good
R000353,O002453,2026-04-20,Late Delivery,Customer Preference,1237.79,Approved,Damaged
R000354,O002470,2026-02-22,Wrong Size,Customer Preference,1267.84,Approved,Good
R000355,O002477,2025-09-11,Wrong Product,Product Issue,189.29,Approved,Good
R000356,O002479,2025-09-16,Missing Accessories,Product Issue,4294.02,Approved,Good
R000357,O002483,2026-08-11,Late Delivery,Customer Preference,1817.4,Approved,Good
R000358,O002490,2026-06-15,Missing Accessories,Product Issue,1474.88,Approved,Damaged
R000359,O002492,2026-06-11,Product Quality Issue,Product Issue,1742.31,Rejected,Damaged
R000360,O002494,2026-05-08,Wrong Size,Customer Preference,2286.35,Approved,Opened
R000361,O002537,2026-06-07,Wrong Product,Product Issue,120.43,Approved,Good
R000362,O002540,2025-11-24,Wrong Size,Customer Preference,1157.27,Approved,Good
R000363,O002543,2026-07-28,Changed Mind,Customer Preference,537.69,Approved,Damaged
R000364,O002549,2026-01-06,Damaged Product,Product Issue,1661.93,Approved,Damaged
R000365,O002551,2025-10-19,Not as Expected,Customer Preference,1182.59,Approved,Opened
R000366,O002564,2026-03-14,Damaged Product,Product Issue,863.62,Rejected,Good
R000367,O002566,2025-09-23,Damaged Product,Product Issue,3476.33,Approved,Damaged
R000368,O002568,2026-02-02,Missing Accessories,Product Issue,188.37,Approved,Damaged
R000369,O002569,2026-04-29,Not as Expected,Customer Preference,766.25,Approved,Opened
R000370,O002571,2026-02-05,Missing Accessories,Product Issue,1872.15,Approved,Damaged
R000371,O002573,2026-07-19,Changed Mind,Customer Preference,1973.27,Approved,Good
R000372,O002584,2025-11-06,Product Quality Issue,Product Issue,1261.99,Approved,Opened
R000373,O002585,2025-11-05,Wrong Size,Customer Preference,1355.81,Approved,Good
R000374,O002593,2025-09-13,Wrong Size,Customer Preference,2107.91,Approved,Good
R000375,O002594,2025-11-18,Wrong Size,Customer Preference,3950.7,Approved,Opened
R000376,O002598,2026-08-10,Not as Expected,Customer Preference,2182.48,Approved,Opened
R000377,O002602,2025-09-06,Product Quality Issue,Product Issue,761.01,Approved,Opened
R000378,O002607,2025-12-01,Product Quality Issue,Product Issue,2261.67,Approved,Damaged
R000379,O002608,2026-05-10,Wrong Product,Product Issue,522.82,Approved,Opened
R000380,O002611,2026-04-30,Missing Accessories,Product Issue,5032.9,Approved,Good
R000381,O002616,2025-09-12,Not as Expected,Customer Preference,392.27,Approved,Opened
R000382,O002623,2026-03-10,Damaged Product,Product Issue,1228.09,Approved,Damaged
R000383,O002625,2026-02-15,Not as Expected,Customer Preference,1112.19,Approved,Damaged
R000384,O002631,2025-10-01,Missing Accessories,Product Issue,592.36,Approved,Good
R000385,O002636,2025-09-24,Wrong Size,Customer Preference,1148.86,Approved,Good
R000386,O002658,2026-05-06,Changed Mind,Customer Preference,1284.3,Approved,Opened
R000387,O002666,2026-08-11,Missing Accessories,Product Issue,1485.35,Approved,Damaged
R000388,O002672,2025-08-28,Wrong Size,Customer Preference,977.25,Approved,Damaged
R000389,O002682,2026-03-26,Product Quality Issue,Product Issue,1100.81,Approved,Good
R000390,O002683,2025-11-12,Not as Expected,Customer Preference,986.26,Approved,Good
R000391,O002686,2026-05-20,Wrong Product,Product Issue,193.32,Rejected,Opened
R000392,O002689,2025-10-02,Wrong Size,Customer Preference,936.69,Approved,Opened
R000393,O002693,2026-03-09,Wrong Size,Customer Preference,1731.27,Approved,Opened
R000394,O002698,2025-08-23,Changed Mind,Customer Preference,3684.34,Approved,Damaged
R000395,O002703,2025-08-23,Late Delivery,Customer Preference,1526.04,Approved,Opened
R000396,O002704,2025-11-02,Damaged Product,Product Issue,2440.54,Approved,Opened
R000397,O002706,2025-09-19,Wrong Product,Product Issue,1655.74,Approved,Opened
R000398,O002712,2025-12-19,Missing Accessories,Product Issue,732.8,Approved,Good
R000399,O002716,2026-08-11,Missing Accessories,Product Issue,1358.66,Rejected,Good
R000400,O002736,2025-10-23,Damaged Product,Product Issue,579.41,Approved,Good
R000401,O002741,2026-07-10,Product Quality Issue,Product Issue,1507.28,Rejected,Opened
R000402,O002753,2025-09-15,Missing Accessories,Product Issue,351.43,Approved,Damaged
R000403,O002756,2026-06-25,Product Quality Issue,Product Issue,1112.09,Approved,Opened
R000404,O002760,2026-05-23,Product Quality Issue,Product Issue,1796.72,Approved,Opened
R000405,O002770,2026-03-04,Wrong Size,Customer Preference,1998.0,Approved,Opened
R000406,O002777,2025-12-24,Wrong Size,Customer Preference,3410.99,Approved,Damaged
R000407,O002779,2026-02-28,Wrong Size,Customer Preference,1420.08,Approved,Opened
R000408,O002782,2025-11-04,Product Quality Issue,Product Issue,1845.57,Approved,Opened
R000409,O002805,2026-06-25,Changed Mind,Customer Preference,2194.1,Approved,Opened
R000410,O002808,2026-07-04,Product Quality Issue,Product Issue,2432.42,Approved,Good
R000411,O002810,2026-07-17,Not as Expected,Customer Preference,432.5,Approved,Good
R000412,O002811,2026-04-01,Late Delivery,Customer Preference,3014.04,Approved,Opened
R000413,O002815,2026-08-18,Damaged Product,Product Issue,911.68,Approved,Opened
R000414,O002827,2025-12-07,Wrong Product,Product Issue,194.77,Approved,Damaged
R000415,O002841,2025-11-06,Changed Mind,Customer Preference,1033.9,Approved,Good
R000416,O002843,2026-03-07,Changed Mind,Customer Preference,3318.51,Approved,Good
R000417,O002863,2026-06-18,Missing Accessories,Product Issue,1202.98,Approved,Good
R000418,O002874,2025-08-19,Changed Mind,Customer Preference,700.54,Approved,Damaged
R000419,O002893,2026-02-05,Not as Expected,Customer Preference,889.43,Approved,Opened
R000420,O002900,2026-05-08,Wrong Size,Customer Preference,1316.71,Approved,Good
R000421,O002909,2026-07-09,Changed Mind,Customer Preference,328.18,Approved,Opened
R000422,O002910,2026-05-01,Not as Expected,Customer Preference,2240.69,Approved,Damaged
R000423,O002912,2026-08-18,Wrong Product,Product Issue,6457.57,Approved,Opened
R000424,O002916,2025-11-02,Changed Mind,Customer Preference,2777.74,Approved,Opened
R000425,O002925,2026-04-14,Not as Expected,Customer Preference,1819.4,Approved,Damaged
R000426,O002929,2026-03-14,Wrong Size,Customer Preference,2927.75,Approved,Damaged
R000427,O002937,2026-05-22,Wrong Size,Customer Preference,1532.57,Approved,Opened
R000428,O002946,2025-10-22,Missing Accessories,Product Issue,1473.35,Approved,Opened
R000429,O002948,2025-11-23,Missing Accessories,Product Issue,1945.8,Approved,Opened
R000430,O002957,2025-09-22,Wrong Product,Product Issue,2166.63,Approved,Opened
R000431,O002978,2026-05-23,Wrong Product,Product Issue,967.17,Approved,Opened
R000432,O002980,2026-05-10,Wrong Size,Customer Preference,544.85,Approved,Damaged
R000433,O002993,2025-09-03,Changed Mind,Customer Preference,2890.52,Approved,Good
R000434,O002995,2026-04-02,Changed Mind,Customer Preference,913.88,Approved,Damaged
R000435,O003008,2025-08-23,Late Delivery,Customer Preference,478.59,Approved,Opened
R000436,O003009,2026-01-19,Late Delivery,Customer Preference,2133.27,Approved,Opened
R000437,O003014,2025-12-24,Missing Accessories,Product Issue,636.19,Approved,Opened
R000438,O003018,2026-07-29,Not as Expected,Customer Preference,3334.4,Approved,Good
R000439,O003021,2025-10-19,Not as Expected,Customer Preference,1241.7,Approved,Damaged
R000440,O003022,2025-10-03,Damaged Product,Product Issue,1139.16,Approved,Opened
R000441,O003059,2026-07-11,Not as Expected,Customer Preference,638.49,Approved,Good
R000442,O003061,2026-04-26,Damaged Product,Product Issue,595.02,Approved,Damaged
R000443,O003069,2026-05-22,Product Quality Issue,Product Issue,1570.25,Approved,Good
R000444,O003082,2026-02-28,Changed Mind,Customer Preference,3209.12,Approved,Good
R000445,O003087,2025-12-15,Changed Mind,Customer Preference,314.84,Approved,Damaged
R000446,O003092,2025-08-29,Damaged Product,Product Issue,756.25,Approved,Opened
R000447,O003096,2026-07-10,Missing Accessories,Product Issue,3402.67,Approved,Good
R000448,O003111,2026-05-16,Damaged Product,Product Issue,1637.28,Rejected,Good
R000449,O003119,2026-05-21,Wrong Product,Product Issue,963.86,Approved,Damaged
R000450,O003131,2025-12-09,Wrong Product,Product Issue,562.16,Approved,Damaged
R000451,O003134,2026-03-04,Not as Expected,Customer Preference,1182.3,Approved,Good
R000452,O003135,2026-05-05,Missing Accessories,Product Issue,1613.9,Approved,Opened
R000453,O003144,2026-03-15,Changed Mind,Customer Preference,256.44,Approved,Opened
R000454,O003145,2025-12-13,Product Quality Issue,Product Issue,1186.15,Approved,Good
R000455,O003153,2026-04-04,Late Delivery,Customer Preference,1200.47,Approved,Damaged
R000456,O003162,2026-02-17,Not as Expected,Customer Preference,2185.65,Rejected,Damaged
R000457,O003163,2026-07-21,Damaged Product,Product Issue,528.95,Approved,Good
R000458,O003166,2026-07-31,Changed Mind,Customer Preference,330.23,Approved,Damaged
R000459,O003171,2025-12-13,Wrong Product,Product Issue,5234.0,Rejected,Damaged
R000460,O003183,2026-02-28,Wrong Product,Product Issue,2138.18,Approved,Good
R000461,O003191,2026-01-03,Changed Mind,Customer Preference,440.34,Rejected,Damaged
R000462,O003204,2025-08-19,Product Quality Issue,Product Issue,1575.08,Approved,Damaged
R000463,O003216,2026-06-09,Damaged Product,Product Issue,1109.32,Approved,Good
R000464,O003221,2025-12-24,Missing Accessories,Product Issue,1105.08,Approved,Good
R000465,O003226,2025-10-08,Not as Expected,Customer Preference,773.26,Approved,Opened
R000466,O003233,2026-01-26,Changed Mind,Customer Preference,187.14,Approved,Opened
R000467,O003254,2026-03-07,Not as Expected,Customer Preference,8480.66,Approved,Damaged
R000468,O003258,2026-02-17,Not as Expected,Customer Preference,1275.42,Approved,Good
R000469,O003266,2026-04-07,Late Delivery,Customer Preference,300.57,Approved,Opened
R000470,O003279,2026-03-20,Not as Expected,Customer Preference,1923.41,Approved,Damaged
R000471,O003289,2025-11-30,Missing Accessories,Product Issue,4239.37,Approved,Damaged
R000472,O003295,2026-02-10,Late Delivery,Customer Preference,1656.66,Approved,Damaged
R000473,O003296,2026-02-17,Wrong Size,Customer Preference,1781.95,Approved,Damaged
R000474,O003306,2025-09-02,Changed Mind,Customer Preference,1592.27,Approved,Opened
R000475,O003308,2026-07-24,Wrong Product,Product Issue,197.22,Approved,Damaged
R000476,O003312,2026-02-15,Missing Accessories,Product Issue,2070.62,Approved,Good
R000477,O003318,2026-05-27,Damaged Product,Product Issue,1696.59,Approved,Good
R000478,O003319,2026-04-30,Wrong Size,Customer Preference,595.36,Approved,Opened
R000479,O003321,2026-06-15,Not as Expected,Customer Preference,1776.38,Approved,Damaged
R000480,O003322,2026-03-04,Damaged Product,Product Issue,1022.48,Approved,Good
R000481,O003335,2025-12-28,Missing Accessories,Product Issue,1369.55,Approved,Good
R000482,O003340,2026-06-30,Not as Expected,Customer Preference,1815.21,Approved,Good
R000483,O003344,2026-06-04,Damaged Product,Product Issue,797.6,Approved,Good
R000484,O003352,2026-04-07,Missing Accessories,Product Issue,470.08,Approved,Opened
R000485,O003354,2026-01-02,Not as Expected,Customer Preference,1380.4,Rejected,Damaged
R000486,O003363,2026-01-16,Damaged Product,Product Issue,1937.39,Approved,Good
R000487,O003366,2025-08-27,Changed Mind,Customer Preference,677.09,Approved,Good
R000488,O003371,2026-01-09,Wrong Size,Customer Preference,1554.15,Approved,Good
R000489,O003406,2026-07-30,Missing Accessories,Product Issue,1414.5,Approved,Good
R000490,O003411,2026-08-02,Late Delivery,Customer Preference,1562.45,Approved,Good
R000491,O003417,2026-07-04,Wrong Size,Customer Preference,2600.91,Approved,Opened
R000492,O003421,2026-02-14,Changed Mind,Customer Preference,3922.1,Approved,Opened
R000493,O003423,2025-11-28,Wrong Product,Product Issue,4197.57,Approved,Opened
R000494,O003454,2025-08-27,Changed Mind,Customer Preference,987.21,Approved,Damaged
R000495,O003455,2025-12-29,Damaged Product,Product Issue,1191.19,Approved,Good
R000496,O003463,2026-05-08,Changed Mind,Customer Preference,1485.92,Approved,Good
R000497,O003464,2026-08-22,Wrong Size,Customer Preference,1145.38,Approved,Opened
R000498,O003467,2026-02-14,Not as Expected,Customer Preference,1240.77,Approved,Opened
R000499,O003470,2026-04-05,Damaged Product,Product Issue,1231.1,Approved,Good
R000500,O003479,2026-04-14,Late Delivery,Customer Preference,1928.02,Approved,Opened
R000501,O003481,2026-02-08,Late Delivery,Customer Preference,543.73,Approved,Damaged
R000502,O003484,2025-12-23,Missing Accessories,Product Issue,849.59,Approved,Good
R000503,O003487,2026-06-28,Changed Mind,Customer Preference,1497.65,Approved,Good
R000504,O003488,2026-07-22,Changed Mind,Customer Preference,565.23,Approved,Good
R000505,O003491,2026-01-05,Wrong Size,Customer Preference,1343.8,Approved,Damaged
R000506,O003493,2026-01-05,Wrong Size,Customer Preference,390.6,Approved,Good
R000507,O003496,2026-07-26,Wrong Product,Product Issue,915.98,Approved,Good
R000508,O003499,2025-12-03,Damaged Product,Product Issue,802.91,Approved,Opened
R000509,O003508,2026-04-15,Wrong Size,Customer Preference,1621.36,Approved,Damaged
R000510,O003515,2025-12-14,Missing Accessories,Product Issue,1211.29,Approved,Opened
R000511,O003518,2025-10-07,Product Quality Issue,Product Issue,2178.2,Approved,Opened
R000512,O003519,2026-02-05,Missing Accessories,Product Issue,779.87,Approved,Damaged
R000513,O003530,2026-01-04,Wrong Product,Product Issue,1134.47,Approved,Opened
R000514,O003533,2025-12-12,Changed Mind,Customer Preference,1441.27,Approved,Opened
R000515,O003542,2026-06-23,Wrong Product,Product Issue,1854.2,Approved,Opened
R000516,O003555,2026-07-19,Product Quality Issue,Product Issue,4867.99,Approved,Opened
R000517,O003558,2026-05-02,Missing Accessories,Product Issue,1958.58,Approved,Opened
R000518,O003568,2026-01-07,Late Delivery,Customer Preference,345.48,Approved,Good
R000519,O003577,2025-10-07,Wrong Product,Product Issue,3332.46,Approved,Opened
R000520,O003580,2026-01-21,Wrong Size,Customer Preference,1109.44,Approved,Good
R000521,O003584,2026-03-09,Missing Accessories,Product Issue,1166.39,Approved,Damaged
R000522,O003608,2026-07-06,Damaged Product,Product Issue,1613.74,Rejected,Opened
R000523,O003611,2026-07-07,Changed Mind,Customer Preference,2065.01,Approved,Damaged
R000524,O003613,2025-12-12,Damaged Product,Product Issue,1087.61,Rejected,Opened
R000525,O003618,2025-10-25,Wrong Size,Customer Preference,1239.71,Approved,Opened
R000526,O003627,2025-10-13,Wrong Product,Product Issue,1732.47,Approved,Good
R000527,O003637,2026-06-23,Damaged Product,Product Issue,2012.46,Approved,Good
R000528,O003642,2025-11-21,Wrong Product,Product Issue,631.32,Approved,Opened
R000529,O003648,2026-03-08,Missing Accessories,Product Issue,3347.89,Approved,Opened
R000530,O003650,2026-01-02,Wrong Product,Product Issue,769.02,Rejected,Good
R000531,O003652,2026-03-14,Late Delivery,Customer Preference,493.26,Approved,Good
R000532,O003655,2026-08-02,Missing Accessories,Product Issue,624.4,Approved,Damaged
R000533,O003674,2026-01-09,Not as Expected,Customer Preference,2488.55,Approved,Good
R000534,O003685,2025-09-09,Late Delivery,Customer Preference,1507.35,Approved,Good
R000535,O003688,2026-04-26,Wrong Product,Product Issue,1998.69,Approved,Good
R000536,O003699,2026-06-21,Not as Expected,Customer Preference,505.65,Rejected,Opened
R000537,O003719,2026-05-01,Late Delivery,Customer Preference,1125.9,Approved,Damaged
R000538,O003730,2025-11-16,Damaged Product,Product Issue,2500.6,Approved,Damaged
R000539,O003736,2025-12-26,Not as Expected,Customer Preference,672.69,Approved,Opened
R000540,O003739,2026-08-04,Late Delivery,Customer Preference,1456.34,Approved,Opened
R000541,O003740,2026-04-21,Product Quality Issue,Product Issue,3757.29,Approved,Opened
R000542,O003742,2026-06-25,Product Quality Issue,Product Issue,494.77,Rejected,Good
R000543,O003748,2026-02-11,Missing Accessories,Product Issue,2190.35,Approved,Damaged
R000544,O003766,2026-01-25,Product Quality Issue,Product Issue,2389.46,Approved,Opened
R000545,O003772,2026-07-20,Product Quality Issue,Product Issue,1869.45,Approved,Good
R000546,O003773,2026-06-17,Missing Accessories,Product Issue,1289.37,Approved,Opened
R000547,O003774,2026-07-10,Late Delivery,Customer Preference,2327.5,Approved,Opened
R000548,O003777,2025-09-21,Product Quality Issue,Product Issue,667.65,Approved,Good
R000549,O003786,2025-09-30,Late Delivery,Customer Preference,1641.44,Approved,Opened
R000550,O003788,2025-12-25,Wrong Product,Product Issue,4384.62,Approved,Good
R000551,O003816,2025-09-23,Late Delivery,Customer Preference,2271.51,Approved,Opened
R000552,O003817,2026-04-05,Product Quality Issue,Product Issue,476.65,Approved,Opened
R000553,O003829,2026-04-22,Missing Accessories,Product Issue,2066.1,Approved,Good
R000554,O003835,2026-08-11,Late Delivery,Customer Preference,373.8,Approved,Opened
R000555,O003839,2025-10-26,Changed Mind,Customer Preference,2552.82,Approved,Damaged
R000556,O003843,2026-02-12,Damaged Product,Product Issue,1792.58,Approved,Opened
R000557,O003849,2025-09-06,Wrong Product,Product Issue,3379.3,Approved,Opened
R000558,O003864,2026-02-25,Product Quality Issue,Product Issue,1422.66,Approved,Good
R000559,O003869,2025-12-07,Damaged Product,Product Issue,1705.53,Approved,Good
R000560,O003870,2026-06-19,Wrong Product,Product Issue,1103.65,Approved,Good
R000561,O003871,2026-04-25,Wrong Product,Product Issue,3765.1,Approved,Good
R000562,O003879,2026-06-08,Product Quality Issue,Product Issue,1361.33,Approved,Opened
R000563,O003886,2026-02-13,Damaged Product,Product Issue,1701.19,Approved,Damaged
R000564,O003890,2026-05-07,Wrong Size,Customer Preference,560.39,Approved,Opened
R000565,O003893,2025-09-15,Late Delivery,Customer Preference,312.32,Approved,Opened
R000566,O003912,2025-09-15,Product Quality Issue,Product Issue,942.36,Approved,Good
R000567,O003944,2026-04-22,Damaged Product,Product Issue,1700.21,Approved,Damaged
R000568,O003950,2026-02-17,Damaged Product,Product Issue,2841.3,Approved,Damaged
R000569,O003951,2026-01-13,Wrong Size,Customer Preference,1814.94,Approved,Opened
R000570,O003954,2025-11-16,Wrong Size,Customer Preference,1520.5,Approved,Opened
R000571,O003973,2026-01-20,Not as Expected,Customer Preference,1421.04,Approved,Good
R000572,O003978,2025-09-25,Product Quality Issue,Product Issue,494.17,Approved,Opened
R000573,O003983,2025-09-05,Wrong Size,Customer Preference,1333.09,Rejected,Damaged
R000574,O003984,2026-01-09,Missing Accessories,Product Issue,445.44,Approved,Good
R000575,O003991,2025-09-06,Damaged Product,Product Issue,948.26,Approved,Opened
R000576,O003994,2026-05-24,Wrong Size,Customer Preference,3322.5,Approved,Damaged
R000577,O004003,2026-01-04,Product Quality Issue,Product Issue,4274.29,Approved,Damaged
R000578,O004007,2025-11-09,Product Quality Issue,Product Issue,2431.46,Rejected,Damaged
R000579,O004010,2026-05-02,Wrong Size,Customer Preference,5648.95,Approved,Damaged
R000580,O004012,2026-03-27,Wrong Product,Product Issue,224.59,Approved,Opened
R000581,O004013,2026-03-29,Product Quality Issue,Product Issue,4246.87,Approved,Good
R000582,O004024,2026-06-09,Damaged Product,Product Issue,2110.94,Approved,Good
R000583,O004033,2026-06-30,Changed Mind,Customer Preference,1010.85,Approved,Good
R000584,O004057,2026-06-26,Wrong Product,Product Issue,657.59,Approved,Good
R000585,O004069,2026-01-04,Product Quality Issue,Product Issue,1561.71,Approved,Good
R000586,O004076,2026-01-15,Changed Mind,Customer Preference,2089.53,Approved,Opened
R000587,O004081,2026-03-13,Not as Expected,Customer Preference,1193.23,Approved,Opened
R000588,O004089,2025-09-16,Damaged Product,Product Issue,1777.2,Approved,Good
R000589,O004091,2026-02-17,Product Quality Issue,Product Issue,2025.05,Approved,Good
R000590,O004092,2026-02-28,Wrong Product,Product Issue,762.58,Approved,Damaged
R000591,O004105,2026-04-01,Wrong Size,Customer Preference,593.73,Approved,Good
R000592,O004114,2026-01-27,Missing Accessories,Product Issue,4573.49,Approved,Good
R000593,O004139,2025-12-08,Late Delivery,Customer Preference,1709.09,Approved,Opened
R000594,O004149,2026-05-17,Wrong Product,Product Issue,6866.56,Approved,Damaged
R000595,O004163,2025-10-02,Wrong Size,Customer Preference,630.32,Approved,Opened
R000596,O004165,2026-07-25,Missing Accessories,Product Issue,4465.8,Approved,Good
R000597,O004189,2026-05-17,Late Delivery,Customer Preference,1511.51,Approved,Opened
R000598,O004195,2025-09-16,Wrong Product,Product Issue,1203.01,Approved,Opened
R000599,O004203,2026-04-03,Not as Expected,Customer Preference,624.51,Approved,Opened
R000600,O004206,2025-11-08,Product Quality Issue,Product Issue,798.99,Approved,Opened
R000601,O004211,2025-08-27,Wrong Product,Product Issue,1710.25,Approved,Opened
R000602,O004216,2026-02-11,Wrong Product,Product Issue,988.33,Approved,Opened
R000603,O004218,2026-04-29,Wrong Size,Customer Preference,1367.08,Approved,Damaged
R000604,O004219,2025-11-11,Changed Mind,Customer Preference,650.27,Approved,Opened
R000605,O004228,2025-11-06,Late Delivery,Customer Preference,2381.49,Rejected,Opened
R000606,O004232,2025-12-25,Not as Expected,Customer Preference,1257.05,Approved,Damaged
R000607,O004234,2026-08-20,Damaged Product,Product Issue,864.53,Approved,Good
R000608,O004237,2026-08-07,Product Quality Issue,Product Issue,341.5,Rejected,Damaged
R000609,O004243,2026-02-20,Late Delivery,Customer Preference,1427.26,Approved,Damaged
R000610,O004244,2025-09-24,Changed Mind,Customer Preference,1513.85,Approved,Good
R000611,O004245,2026-05-25,Late Delivery,Customer Preference,1197.44,Approved,Damaged
R000612,O004273,2025-10-20,Changed Mind,Customer Preference,820.18,Rejected,Opened
R000613,O004282,2025-12-02,Missing Accessories,Product Issue,860.16,Rejected,Opened
R000614,O004289,2026-01-19,Changed Mind,Customer Preference,580.18,Approved,Good
R000615,O004296,2026-08-03,Wrong Size,Customer Preference,1139.74,Rejected,Damaged
R000616,O004310,2026-07-27,Product Quality Issue,Product Issue,602.12,Approved,Good
R000617,O004315,2026-02-08,Late Delivery,Customer Preference,243.55,Approved,Opened
R000618,O004323,2026-04-02,Not as Expected,Customer Preference,3950.12,Approved,Damaged
R000619,O004340,2026-03-02,Missing Accessories,Product Issue,459.88,Approved,Good
R000620,O004342,2026-04-17,Product Quality Issue,Product Issue,1687.64,Approved,Damaged
R000621,O004343,2025-08-26,Not as Expected,Customer Preference,225.76,Approved,Good
R000622,O004344,2025-11-11,Damaged Product,Product Issue,909.37,Approved,Opened
R000623,O004345,2025-10-15,Damaged Product,Product Issue,1513.47,Approved,Damaged
R000624,O004362,2026-06-12,Product Quality Issue,Product Issue,6948.41,Approved,Good
R000625,O004365,2025-10-13,Missing Accessories,Product Issue,1017.42,Approved,Opened
R000626,O004366,2025-12-03,Wrong Product,Product Issue,675.12,Approved,Good
R000627,O004375,2026-01-16,Wrong Size,Customer Preference,940.55,Approved,Opened
R000628,O004390,2026-01-01,Damaged Product,Product Issue,1673.29,Approved,Damaged
R000629,O004396,2026-02-15,Not as Expected,Customer Preference,686.23,Approved,Good
R000630,O004401,2026-01-16,Missing Accessories,Product Issue,5188.87,Approved,Opened
R000631,O004404,2025-12-23,Damaged Product,Product Issue,2092.75,Approved,Good
R000632,O004415,2026-07-28,Changed Mind,Customer Preference,1792.75,Approved,Good
R000633,O004424,2026-01-06,Damaged Product,Product Issue,1517.36,Approved,Opened
R000634,O004436,2025-09-14,Changed Mind,Customer Preference,1143.97,Approved,Good
R000635,O004439,2025-12-23,Product Quality Issue,Product Issue,1296.42,Approved,Opened
R000636,O004441,2026-01-18,Late Delivery,Customer Preference,612.68,Approved,Damaged
R000637,O004471,2025-10-08,Wrong Size,Customer Preference,2002.97,Approved,Opened
R000638,O004480,2025-12-15,Late Delivery,Customer Preference,1548.9,Approved,Good
R000639,O004506,2025-10-20,Wrong Product,Product Issue,1414.71,Approved,Good
R000640,O004507,2026-05-27,Not as Expected,Customer Preference,1664.16,Approved,Good
R000641,O004508,2025-12-26,Late Delivery,Customer Preference,545.08,Approved,Damaged
R000642,O004511,2026-07-28,Not as Expected,Customer Preference,695.97,Approved,Opened
R000643,O004513,2025-11-27,Wrong Size,Customer Preference,1890.31,Approved,Opened
R000644,O004515,2025-11-27,Wrong Size,Customer Preference,1152.87,Approved,Good
R000645,O004518,2026-08-20,Not as Expected,Customer Preference,905.21,Approved,Good
R000646,O004523,2025-09-14,Wrong Product,Product Issue,1244.72,Approved,Good
R000647,O004527,2025-09-17,Wrong Product,Product Issue,1752.04,Approved,Damaged
R000648,O004528,2025-09-09,Wrong Size,Customer Preference,417.79,Approved,Damaged
R000649,O004531,2026-02-22,Wrong Product ,Product Issue,4575.94,Approved,Damaged
R000650,O004533,2026-01-23,Damaged Product,Product Issue,373.3,Approved,Opened
R000651,O004536,2025-09-16,Not as Expected,Customer Preference,2259.69,Approved,Good
R000652,O004541,2025-09-07,Not as Expected,Customer Preference,2855.39,Approved,Good
R000653,O004542,2026-08-17,Product Quality Issue,Product Issue,1718.4,Approved,Good
R000654,O004544,2025-09-12,Damaged Product,Product Issue,2215.13,Approved,Good
R000655,O004550,2025-12-20,Late Delivery,Customer Preference,834.2,Approved,Damaged
R000656,O004551,2026-03-08,Late Delivery,Customer Preference,1250.83,Approved,Damaged
R000657,O004552,2026-01-24,Damaged Product,Product Issue,2087.91,Approved,Good
R000658,O004554,2026-04-08,Late Delivery,Customer Preference,1284.68,Rejected,Good
R000659,O004557,2026-02-26,Wrong Size,Customer Preference,1065.52,Approved,Opened
R000660,O004560,2026-01-23,Wrong Size,Customer Preference,935.62,Approved,Good
R000661,O004566,2025-12-03,Wrong Product,Product Issue,252.18,Approved,Opened
R000662,O004569,2026-05-24,Product Quality Issue,Product Issue,165.36,Approved,Damaged
R000663,O004582,2026-03-16,Product Quality Issue,Product Issue,635.37,Approved,Damaged
R000664,O004600,2026-05-08,Changed Mind,Customer Preference,1309.45,Approved,Damaged
R000665,O004601,2026-02-03,Late Delivery,Customer Preference,821.73,Approved,Good
R000666,O004607,2026-05-01,Wrong Size,Customer Preference,1134.47,Approved,Opened
R000667,O004612,2026-08-11,Wrong Product,Product Issue,1549.92,Approved,Good
R000668,O004618,2026-07-09,Damaged Product,Product Issue,224.26,Approved,Opened
R000669,O004634,2025-12-23,Product Quality Issue,Product Issue,3782.37,Approved,Opened
R000670,O004642,2025-12-22,Wrong Product,Product Issue,494.53,Approved,Damaged
R000671,O004647,2025-10-06,Missing Accessories,Product Issue,1063.26,Approved,Damaged
R000672,O004650,2026-07-19,Wrong Size,Customer Preference,1785.01,Approved,Good
R000673,O004668,2025-10-20,Damaged Product,Product Issue,4330.75,Approved,Damaged
R000674,O004694,2026-06-26,Wrong Size,Customer Preference,342.95,Approved,Damaged
R000675,O004695,2025-12-12,Missing Accessories,Product Issue,5570.37,Approved,Opened
R000676,O004709,2025-10-24,Late Delivery,Customer Preference,2934.24,Approved,Opened
R000677,O004733,2026-02-16,Missing Accessories,Product Issue,1034.59,Approved,Opened
R000678,O004736,2026-07-24,Missing Accessories,Product Issue,384.08,Approved,Opened
R000679,O004758,2026-04-09,Wrong Product,Product Issue,858.82,Approved,Damaged
R000680,O004759,2026-01-10,Wrong Product,Product Issue,1160.21,Approved,Good
R000681,O004767,2025-11-02,Damaged Product,Product Issue,2992.08,Approved,Opened
R000682,O004772,2026-07-27,Changed Mind,Customer Preference,731.81,Approved,Damaged
R000683,O004776,2025-10-12,Changed Mind,Customer Preference,1978.5,Approved,Damaged
R000684,O004789,2025-12-09,Not as Expected,Customer Preference,441.46,Approved,Good
R000685,O004791,2025-12-16,Wrong Product,Product Issue,1456.55,Approved,Opened
R000686,O004799,2025-10-18,Product Quality Issue,Product Issue,811.05,Approved,Damaged
R000687,O004816,2025-11-20,Missing Accessories,Product Issue,1170.04,Approved,Good
R000688,O004819,2025-09-21,Missing Accessories,Product Issue,700.81,Approved,Good
R000689,O004834,2026-04-20,Missing Accessories,Product Issue,582.31,Approved,Damaged
R000690,O004843,2025-10-08,Product Quality Issue,Product Issue,1661.74,Approved,Damaged
R000691,O004845,2025-09-07,Wrong Size,Customer Preference,716.16,Approved,Good
R000692,O004850,2025-11-26,Late Delivery,Customer Preference,625.13,Approved,Opened
R000693,O004865,2026-04-10,Late Delivery,Customer Preference,1935.63,Approved,Damaged
R000694,O004867,2026-03-19,Damaged Product,Product Issue,1765.41,Approved,Opened
R000695,O004870,2025-10-05,Missing Accessories,Product Issue,855.32,Rejected,Opened
R000696,O004884,2026-04-04,Damaged Product,Product Issue,3254.76,Approved,Damaged
R000697,O004889,2025-09-30,Product Quality Issue,Product Issue,802.01,Approved,Opened
R000698,O004897,2026-03-16,Wrong Size,Customer Preference,854.17,Approved,Opened
R000699,O004899,2026-07-10,Product Quality Issue,Product Issue,1536.45,Approved,Opened
R000700,O004901,2026-01-16,Late Delivery,Customer Preference,3865.74,Approved,Good
R000701,O004903,2026-04-18,Damaged Product,Product Issue,831.13,Approved,Opened
R000702,O004919,2026-06-18,Wrong Size,Customer Preference,2101.94,Approved,Opened
R000703,O004934,2026-01-13,Wrong Size,Customer Preference,705.91,Approved,Damaged
R000704,O004939,2026-01-16,Late Delivery,Customer Preference,1349.58,Approved,Damaged
R000705,O004955,2026-08-11,Changed Mind,Customer Preference,2419.89,Approved,Damaged
R000706,O004959,2026-01-28,Changed Mind,Customer Preference,653.37,Approved,Good
R000707,O004963,2026-02-09,Late Delivery,Customer Preference,3702.72,Approved,Good
R000708,O004971,2025-10-06,Damaged Product,Product Issue,3195.8,Approved,Opened
R000709,O004976,2025-11-18,Wrong Size,Customer Preference,1828.85,Approved,Damaged
R000710,O004978,2026-03-15,Wrong Product,Product Issue,634.92,Approved,Damaged
R000711,O004986,2026-07-05,Missing Accessories,Product Issue,3302.36,Approved,Damaged
R000712,O004992,2026-07-10,Late Delivery,Customer Preference,1556.16,Approved,Opened
R000713,O005027,2025-10-28,Product Quality Issue,Product Issue,3292.61,Approved,Good
R000714,O005030,2026-05-09,Wrong Product,Product Issue,5297.02,Approved,Good
R000715,O005045,2026-04-26,Missing Accessories,Product Issue,904.41,Approved,Good
R000716,O005055,2025-08-26,Wrong Product,Product Issue,1425.73,Approved,Damaged
R000717,O005056,2025-09-21,Damaged Product,Product Issue,1967.52,Approved,Damaged
R000718,O005062,2025-11-17,Missing Accessories,Product Issue,1540.99,Approved,Damaged
R000719,O005073,2026-01-15,Damaged Product,Product Issue,1519.5,Approved,Damaged
R000720,O005082,2026-02-06,Late Delivery,Customer Preference,471.05,Approved,Damaged
R000721,O005094,2026-03-13,Missing Accessories,Product Issue,2433.87,Approved,Damaged
R000722,O005096,2026-04-11,Product Quality Issue,Product Issue,264.24,Approved,Damaged
R000723,O005101,2025-12-11,Late Delivery,Customer Preference,1724.58,Approved,Damaged
R000724,O005108,2026-03-14,Missing Accessories,Product Issue,2295.65,Approved,Opened
R000725,O005116,2026-05-30,Missing Accessories,Product Issue,620.44,Approved,Opened
R000726,O005117,2026-01-08,Not as Expected,Customer Preference,1454.06,Approved,Good
R000727,O005120,2025-11-13,Changed Mind,Customer Preference,872.5,Approved,Opened
R000728,O005121,2026-02-19,Missing Accessories,Product Issue,1309.33,Approved,Good
R000729,O005125,2026-05-17,Not as Expected,Customer Preference,1632.7,Approved,Opened
R000730,O005126,2025-12-31,Damaged Product,Product Issue,2586.26,Approved,Opened
R000731,O005138,2025-12-05,Late Delivery,Customer Preference,4053.86,Approved,Good
R000732,O005141,2026-02-03,Not as Expected,Customer Preference,1875.23,Approved,Opened
R000733,O005158,2025-09-13,Late Delivery,Customer Preference,3357.99,Approved,Damaged
R000734,O005189,2025-09-26,Wrong Size,Customer Preference,2765.49,Approved,Damaged
R000735,O005196,2026-08-01,Not as Expected,Customer Preference,1664.98,Rejected,Damaged
R000736,O005199,2026-02-21,Wrong Size,Customer Preference,771.97,Approved,Damaged
R000737,O005208,2026-08-16,Damaged Product,Product Issue,1378.65,Approved,Damaged
R000738,O005218,2026-06-12,Missing Accessories,Product Issue,957.1,Rejected,Damaged
R000739,O005219,2026-02-17,Missing Accessories,Product Issue,652.67,Approved,Damaged
R000740,O005221,2026-01-07,Changed Mind,Customer Preference,797.54,Approved,Damaged
R000741,O005228,2025-12-28,Wrong Size,Customer Preference,3751.83,Approved,Opened
R000742,O005229,2025-09-12,Wrong Size,Customer Preference,369.07,Rejected,Good
R000743,O005244,2026-05-24,Missing Accessories,Product Issue,198.81,Approved,Good
R000744,O005247,2025-12-14,Product Quality Issue,Product Issue,1231.6,Approved,Good
R000745,O005263,2025-12-18,Changed Mind,Customer Preference,256.62,Approved,Opened
R000746,O005266,2026-04-26,Not as Expected,Customer Preference,2352.17,Approved,Opened
R000747,O005272,2026-05-05,Not as Expected,Customer Preference,1652.09,Approved,Opened
R000748,O005276,2025-10-15,Late Delivery,Customer Preference,2466.75,Approved,Good
R000749,O005277,2026-04-08,Wrong Size,Customer Preference,1301.3,Approved,Good
R000750,O005286,2026-01-12,Wrong Size,Customer Preference,2454.9,Approved,Good
R000751,O005291,2026-02-13,Not as Expected,Customer Preference,3437.56,Approved,Good
R000752,O005295,2026-01-10,Missing Accessories,Product Issue,651.21,Rejected,Good
R000753,O005301,2025-12-19,Wrong Size,Customer Preference,2064.93,Approved,Damaged
R000754,O005311,2025-09-04,Damaged Product,Product Issue,452.12,Approved,Damaged
R000755,O005314,2026-06-28,Late Delivery,Customer Preference,2342.01,Approved,Damaged
R000756,O005319,2026-03-30,Wrong Size,Customer Preference,2108.8,Approved,Damaged
R000757,O005321,2025-12-28,Wrong Size,Customer Preference,1280.35,Approved,Good
R000758,O005327,2026-07-31,Late Delivery,Customer Preference,998.3,Approved,Damaged
R000759,O005334,2025-09-16,Late Delivery,Customer Preference,1613.33,Approved,Damaged
R000760,O005336,2025-08-24,Wrong Size,Customer Preference,4053.93,Approved,Damaged
R000761,O005338,2025-11-03,Damaged Product,Product Issue,356.36,Approved,Opened
R000762,O005353,2025-11-08,Product Quality Issue,Product Issue,2539.91,Approved,Good
R000763,O005355,2025-09-21,Late Delivery,Customer Preference,1222.88,Approved,Damaged
R000764,O005361,2025-10-20,Wrong Size,Customer Preference,466.73,Rejected,Opened
R000765,O005365,2026-02-19,Wrong Size,Customer Preference,1538.93,Approved,Good
R000766,O005372,2026-08-09,Missing Accessories,Product Issue,261.37,Approved,Good
R000767,O005377,2025-10-15,Product Quality Issue,Product Issue,1488.65,Approved,Damaged
R000768,O005379,2025-11-21,Late Delivery ,Customer Preference,936.36,Approved,Opened
R000769,O005387,2026-08-21,Changed Mind,Customer Preference,2045.56,Approved,Good
R000770,O005391,2026-07-02,Wrong Product,Product Issue,2799.57,Approved,Good
R000771,O005393,2025-12-15,Wrong Product,Product Issue,1182.09,Approved,Damaged
R000772,O005399,2026-05-25,Product Quality Issue,Product Issue,765.76,Approved,Good
R000773,O005425,2026-04-10,Not as Expected,Customer Preference,317.37,Approved,Damaged
R000774,O005430,2026-05-19,Missing Accessories,Product Issue,3794.04,Approved,Opened
R000775,O005432,2026-05-01,Damaged Product,Product Issue,1223.6,Approved,Damaged
R000776,O005436,2026-01-08,Wrong Size ,Customer Preference,596.73,Approved,Opened
R000777,O005439,2026-03-22,Not as Expected,Customer Preference,4687.54,Approved,Good
R000778,O005442,2026-01-16,Damaged Product,Product Issue,414.5,Approved,Opened
R000779,O005446,2025-09-11,Late Delivery,Customer Preference,1650.43,Approved,Good
R000780,O005448,2025-11-29,Missing Accessories,Product Issue,867.23,Approved,Damaged
R000781,O005458,2026-03-27,Not as Expected,Customer Preference,699.17,Rejected,Opened
R000782,O005459,2025-12-19,Late Delivery,Customer Preference,3497.95,Approved,Damaged
R000783,O005465,2026-03-24,Missing Accessories,Product Issue,607.44,Approved,Good
R000784,O005467,2025-09-30,Product Quality Issue,Product Issue,8675.55,Approved,Damaged
R000785,O005472,2025-10-01,Damaged Product,Product Issue,178.0,Approved,Damaged
R000786,O005485,2025-09-25,Wrong Size,Customer Preference,1369.96,Approved,Opened
R000787,O005487,2025-12-12,Late Delivery,Customer Preference,811.29,Approved,Damaged
R000788,O005491,2026-01-17,Late Delivery,Customer Preference,1703.54,Approved,Good
R000789,O005495,2026-04-27,Damaged Product,Product Issue,1638.35,Approved,Damaged
R000790,O005505,2025-11-07,Missing Accessories,Product Issue,4609.79,Approved,Opened
R000791,O005511,2026-01-07,Damaged Product,Product Issue,175.65,Rejected,Good
R000792,O005517,2026-08-17,Not as Expected,Customer Preference,3030.43,Approved,Good
R000793,O005520,2025-12-05,Changed Mind,Customer Preference,5284.71,Approved,Damaged
R000794,O005523,2025-10-22,Not as Expected,Customer Preference,1341.01,Approved,Good
R000795,O005524,2026-05-23,Product Quality Issue,Product Issue,1483.29,Approved,Damaged
R000796,O005526,2025-12-04,Wrong Size,Customer Preference,1682.57,Approved,Damaged
R000797,O005546,2026-06-01,Changed Mind,Customer Preference,1495.59,Approved,Opened
R000798,O005556,2025-11-22,Changed Mind,Customer Preference,7640.28,Approved,Good
R000799,O005559,2026-07-22,Missing Accessories,Product Issue,2172.26,Approved,Opened
R000800,O005568,2026-04-12,Wrong Size,Customer Preference,1647.62,Approved,Good
R000801,O005575,2026-02-17,Wrong Size,Customer Preference,427.94,Approved,Good
R000802,O005576,2025-08-31,Missing Accessories,Product Issue,2269.17,Approved,Opened
R000803,O005579,2026-02-11,Product Quality Issue,Product Issue,2130.76,Approved,Opened
R000804,O005591,2026-04-16,Late Delivery,Customer Preference,1663.07,Approved,Good
R000805,O005594,2025-09-06,Wrong Size,Customer Preference,590.04,Approved,Damaged
R000806,O005601,2025-09-09,Missing Accessories,Product Issue,2413.42,Approved,Good
R000807,O005604,2026-06-09,Damaged Product,Product Issue,1172.57,Approved,Good
R000808,O005606,2026-01-24,Late Delivery,Customer Preference,576.09,Approved,Good
R000809,O005607,2026-03-20,Changed Mind,Customer Preference,1955.65,Approved,Good
R000810,O005611,2025-11-14,Not as Expected,Customer Preference,1244.46,Approved,Opened
R000811,O005626,2026-01-23,Late Delivery,Customer Preference,558.26,Approved,Damaged
R000812,O005627,2026-01-18,Wrong Size,Customer Preference,2637.26,Rejected,Damaged
R000813,O005635,2026-06-23,Late Delivery,Customer Preference,1135.6,Approved,Damaged
R000814,O005636,2026-08-04,Wrong Size,Customer Preference,1024.79,Approved,Good
R000815,O005639,2026-07-13,Changed Mind,Customer Preference,2053.85,Approved,Opened
R000816,O005640,2026-01-13,Wrong Size,Customer Preference,638.07,Approved,Good
R000817,O005646,2025-09-13,Damaged Product,Product Issue,1218.0,Approved,Damaged
R000818,O005649,2026-01-01,Wrong Product,Product Issue,451.3,Approved,Damaged
R000819,O005651,2026-02-16,Wrong Size,Customer Preference,2193.83,Approved,Good
R000820,O005657,2026-03-05,Missing Accessories,Product Issue,8111.07,Approved,Damaged
R000821,O005661,2026-03-13,Wrong Product,Product Issue,379.62,Approved,Opened
R000822,O005662,2026-07-01,Late Delivery,Customer Preference,1247.19,Approved,Good
R000823,O005665,2026-05-23,Product Quality Issue,Product Issue,2029.59,Rejected,Good
R000824,O005668,2026-08-11,Not as Expected,Customer Preference,347.33,Approved,Opened
R000825,O005681,2026-05-27,Late Delivery,Customer Preference,1650.86,Approved,Damaged
R000826,O005686,2026-02-14,Missing Accessories,Product Issue,213.89,Approved,Damaged
R000827,O005689,2025-10-22,Not as Expected,Customer Preference,1813.97,Approved,Good
R000828,O005694,2026-08-06,Wrong Size,Customer Preference,8161.68,Approved,Opened
R000829,O005706,2026-04-17,Missing Accessories,Product Issue,259.09,Approved,Opened
R000830,O005710,2026-04-09,Not as Expected,Customer Preference,1776.7,Approved,Damaged
R000831,O005735,2025-12-18,Late Delivery,Customer Preference,1576.51,Approved,Damaged
R000832,O005741,2026-02-22,Not as Expected,Customer Preference,221.19,Approved,Good
R000833,O005744,2026-06-13,Changed Mind,Customer Preference,1668.7,Approved,Opened
R000834,O005745,2026-06-18,Wrong Product,Product Issue,502.41,Approved,Damaged
R000835,O005757,2025-11-28,Not as Expected,Customer Preference,999.39,Approved,Opened
R000836,O005763,2026-03-10,Wrong Product,Product Issue,767.77,Approved,Opened
R000837,O005784,2025-09-06,Missing Accessories,Product Issue,787.98,Approved,Good
R000838,O005792,2025-11-16,Changed Mind,Customer Preference,1405.23,Approved,Opened
R000839,O005799,2026-05-18,Not as Expected,Customer Preference,1693.15,Approved,Opened
R000840,O005806,2026-07-09,Not as Expected,Customer Preference,1882.57,Approved,Damaged
R000841,O005812,2026-06-12,Wrong Size,Customer Preference,1033.67,Approved,Damaged
R000842,O005818,2025-08-25,Product Quality Issue,Product Issue,114.27,Approved,Damaged
R000843,O005821,2025-10-27,Missing Accessories,Product Issue,884.14,Approved,Good
R000844,O005827,2025-12-14,Changed Mind,Customer Preference,1181.19,Approved,Good
R000845,O005865,2026-01-10,Missing Accessories,Product Issue,992.41,Approved,Damaged
R000846,O005870,2026-06-04,Product Quality Issue,Product Issue,560.84,Approved,Opened
R000847,O005873,2025-11-12,Damaged Product,Product Issue,3501.39,Rejected,Opened
R000848,O005878,2026-07-03,Product Quality Issue,Product Issue,1697.67,Approved,Damaged
R000849,O005908,2026-08-02,Wrong Size,Customer Preference,1822.28,Approved,Good
R000850,O005914,2026-08-03,Damaged Product,Product Issue,1102.37,Approved,Damaged
R000851,O005920,2026-07-15,Changed Mind,Customer Preference,1864.71,Approved,Good
R000852,O005922,2026-05-26,Wrong Size,Customer Preference,465.78,Approved,Damaged
R000853,O005926,2025-10-12,Late Delivery,Customer Preference,2166.66,Approved,Good
R000854,O005934,2025-09-24,Changed Mind,Customer Preference,493.65,Approved,Opened
R000855,O005935,2025-12-11,Missing Accessories,Product Issue,2449.08,Approved,Good
R000856,O005936,2026-04-01,Product Quality Issue,Product Issue,3252.53,Approved,Good
R000857,O005956,2025-10-19,Wrong Size,Customer Preference,894.92,Approved,Good
R000858,O005961,2026-02-14,Missing Accessories,Product Issue,8961.91,Approved,Damaged
R000859,O006002,2025-10-23,Product Quality Issue,Product Issue,1261.88,Approved,Opened
R000860,O006006,2026-01-15,Damaged Product,Product Issue,1788.95,Approved,Good
R000861,O006011,2026-08-03,Late Delivery,Customer Preference,702.89,Rejected,Good
R000862,O006038,2026-06-29,Late Delivery,Customer Preference,818.92,Approved,Opened
R000863,O006041,2026-02-14,Changed Mind,Customer Preference,3497.19,Approved,Good
R000864,O006045,2025-09-20,Wrong Product,Product Issue,1621.31,Rejected,Damaged
R000865,O006055,2026-07-25,Wrong Product,Product Issue,1908.05,Approved,Good
R000866,O006062,2026-06-01,Wrong Product,Product Issue,2283.68,Approved,Opened
R000867,O006095,2025-11-15,Product Quality Issue,Product Issue,733.25,Rejected,Opened
R000868,O006097,2025-09-26,Changed Mind,Customer Preference,1735.49,Approved,Damaged
R000869,O006099,2026-04-08,Damaged Product,Product Issue,3145.29,Approved,Good
R000870,O006108,2026-04-24,Product Quality Issue,Product Issue,763.97,Approved,Damaged
R000871,O006121,2026-08-01,Wrong Product,Product Issue,804.53,Approved,Damaged
R000872,O006130,2026-04-15,Changed Mind ,Customer Preference,404.34,Approved,Opened
R000873,O006147,2026-06-08,Missing Accessories,Product Issue,961.55,Approved,Good
R000874,O006150,2026-03-01,Damaged Product,Product Issue,1832.35,Approved,Good
R000875,O006153,2025-12-08,Wrong Product,Product Issue,1580.75,Approved,Opened
R000876,O006160,2025-11-11,Wrong Product,Product Issue,692.45,Approved,Opened
R000877,O006184,2026-03-08,Wrong Size,Customer Preference,952.32,Approved,Damaged
R000878,O006187,2026-01-16,Damaged Product,Product Issue,1703.59,Approved,Damaged
R000879,O006188,2026-07-23,Damaged Product,Product Issue,186.09,Approved,Damaged
R000880,O006196,2026-06-18,Not as Expected,Customer Preference,1429.78,Approved,Damaged
R000881,O006197,2026-05-26,Product Quality Issue,Product Issue,884.54,Approved,Damaged
R000882,O006212,2025-10-05,Not as Expected,Customer Preference,4026.66,Approved,Damaged
R000883,O006223,2025-11-25,Wrong Product ,Product Issue,1528.86,Approved,Opened
R000884,O006224,2026-02-24,Not as Expected,Customer Preference,564.7,Rejected,Good
R000885,O006228,2026-03-11,Damaged Product,Product Issue,937.06,Approved,Damaged
R000886,O006230,2026-08-12,Not as Expected,Customer Preference,1003.83,Approved,Opened
R000887,O006233,2026-05-22,Wrong Size,Customer Preference,664.16,Approved,Damaged
R000888,O006257,2025-09-13,Changed Mind,Customer Preference,127.99,Approved,Good
R000889,O006262,2025-11-16,Wrong Size,Customer Preference,865.93,Approved,Good
R000890,O006264,2025-10-23,Not as Expected,Customer Preference,1306.99,Approved,Opened
R000891,O006271,2026-08-24,Product Quality Issue,Product Issue,560.44,Approved,Opened
R000892,O006284,2025-12-11,Wrong Size,Customer Preference,857.2,Approved,Damaged
R000893,O006290,2026-05-09,Wrong Product,Product Issue,1083.03,Approved,Good
R000894,O006292,2026-03-24,Changed Mind,Customer Preference,1350.68,Approved,Good
R000895,O006294,2026-07-31,Damaged Product,Product Issue,968.11,Approved,Damaged
R000896,O006304,2025-11-03,Missing Accessories,Product Issue,1113.54,Approved,Good
R000897,O006305,2026-06-26,Missing Accessories,Product Issue,783.98,Approved,Good
R000898,O006309,2026-06-24,Late Delivery,Customer Preference,5638.03,Approved,Damaged
R000899,O006321,2025-11-06,Wrong Size,Customer Preference,1121.14,Approved,Opened
R000900,O006343,2026-03-17,Damaged Product,Product Issue,369.64,Approved,Good
R000901,O006352,2026-02-11,Product Quality Issue,Product Issue,573.29,Rejected,Opened
R000902,O006357,2026-01-05,Product Quality Issue,Product Issue,933.41,Approved,Good
R000903,O006358,2025-12-06,Not as Expected,Customer Preference,1575.44,Approved,Opened
R000904,O006365,2026-08-02,Product Quality Issue,Product Issue,1847.44,Approved,Good
R000905,O006366,2026-07-04,Changed Mind,Customer Preference,1624.19,Approved,Damaged
R000906,O006378,2025-12-08,Wrong Product,Product Issue,1019.18,Approved,Good
R000907,O006380,2026-02-25,Missing Accessories,Product Issue,1286.42,Approved,Opened
R000908,O006406,2026-06-09,Late Delivery,Customer Preference,594.45,Approved,Opened
R000909,O006417,2026-02-19,Not as Expected,Customer Preference,215.7,Approved,Opened
R000910,O006434,2026-03-11,Product Quality Issue,Product Issue,2569.1,Approved,Damaged
R000911,O006437,2026-03-15,Not as Expected,Customer Preference,781.54,Approved,Opened
R000912,O006444,2026-03-09,Changed Mind,Customer Preference,5652.36,Approved,Opened
R000913,O006448,2026-05-18,Late Delivery,Customer Preference,1394.48,Approved,Good
R000914,O006452,2026-06-04,Product Quality Issue,Product Issue,7807.81,Rejected,Opened
R000915,O006474,2025-10-11,Product Quality Issue,Product Issue,270.12,Approved,Damaged
R000916,O006476,2026-07-01,Late Delivery,Customer Preference,1361.62,Approved,Damaged
R000917,O006485,2026-06-30,Changed Mind,Customer Preference,499.69,Approved,Damaged
R000918,O006490,2025-09-03,Product Quality Issue,Product Issue,726.93,Approved,Damaged
R000919,O006494,2025-12-07,Not as Expected,Customer Preference,1832.64,Rejected,Damaged
R000920,O006497,2026-01-19,Product Quality Issue,Product Issue,584.08,Approved,Good
R000921,O006504,2026-02-13,Wrong Product,Product Issue,1293.91,Approved,Good
R000922,O006508,2026-03-25,Wrong Size,Customer Preference,1757.95,Approved,Opened
R000923,O006515,2025-12-20,Damaged Product,Product Issue,580.41,Approved,Good
R000924,O006516,2025-12-31,Wrong Product,Product Issue,2555.58,Approved,Damaged
R000925,O006526,2026-01-24,Not as Expected,Customer Preference,817.97,Approved,Damaged
R000926,O006528,2026-01-29,Damaged Product,Product Issue,1801.31,Approved,Opened
R000927,O006538,2026-02-06,Wrong Product,Product Issue,520.09,Approved,Good
R000928,O006544,2026-01-14,Late Delivery,Customer Preference,2109.81,Approved,Opened
R000929,O006548,2026-01-20,Changed Mind,Customer Preference,2164.67,Approved,Opened
R000930,O006551,2026-04-21,Damaged Product,Product Issue,437.7,Approved,Damaged
R000931,O006554,2026-04-15,Wrong Product,Product Issue,1146.15,Approved,Good
R000932,O006556,2025-10-16,Missing Accessories,Product Issue,7417.15,Approved,Damaged
R000933,O006565,2026-05-26,Wrong Size,Customer Preference,993.74,Approved,Damaged
R000934,O006568,2026-07-13,Not as Expected,Customer Preference,1395.01,Approved,Opened
R000935,O006570,2026-05-31,Wrong Size,Customer Preference,1972.08,Approved,Opened
R000936,O006587,2026-05-08,Late Delivery,Customer Preference,543.16,Approved,Opened
R000937,O006588,2025-10-06,Wrong Size,Customer Preference,281.71,Approved,Opened
R000938,O006596,2025-09-24,Late Delivery,Customer Preference,5553.33,Approved,Damaged
R000939,O006598,2026-03-19,Late Delivery,Customer Preference,1518.71,Rejected,Damaged
R000940,O006603,2026-01-25,Product Quality Issue,Product Issue,717.81,Approved,Damaged
R000941,O006607,2025-12-03,Wrong Product,Product Issue,1446.08,Approved,Damaged
R000942,O006608,2026-01-31,Changed Mind,Customer Preference,3570.5,Approved,Good
R000943,O006610,2026-06-09,Changed Mind,Customer Preference,4505.43,Approved,Damaged
R000944,O006625,2025-12-16,Changed Mind,Customer Preference,1025.55,Approved,Good
R000945,O006626,2026-03-25,Changed Mind,Customer Preference,121.05,Approved,Damaged
R000946,O006635,2026-01-28,Wrong Product,Product Issue,2480.66,Approved,Damaged
R000947,O006638,2026-07-05,Changed Mind,Customer Preference,3165.24,Approved,Good
R000948,O006659,2026-04-28,Late Delivery,Customer Preference,477.46,Approved,Damaged
R000949,O006665,2025-10-04,Late Delivery,Customer Preference,1727.67,Rejected,Opened
R000950,O006666,2026-01-16,Late Delivery,Customer Preference,1676.01,Approved,Good
R000951,O006691,2026-01-20,Late Delivery,Customer Preference,790.01,Approved,Good
R000952,O006692,2025-12-20,Changed Mind,Customer Preference,1192.89,Approved,Damaged
R000953,O006694,2025-09-20,Product Quality Issue,Product Issue,4804.79,Approved,Opened
R000954,O006695,2026-03-06,Wrong Size,Customer Preference,2532.09,Approved,Damaged
R000955,O006699,2026-06-16,Wrong Size,Customer Preference,736.35,Approved,Opened
R000956,O006703,2025-10-17,Late Delivery,Customer Preference,1785.88,Approved,Damaged
R000957,O006710,2026-04-28,Changed Mind,Customer Preference,810.01,Approved,Damaged
R000958,O006744,2026-08-08,Product Quality Issue,Product Issue,654.03,Approved,Damaged
R000959,O006754,2026-01-07,Product Quality Issue,Product Issue,1077.89,Approved,Damaged
R000960,O006764,2025-09-18,Late Delivery,Customer Preference,1063.49,Approved,Good
R000961,O006781,2025-12-29,Changed Mind,Customer Preference,1382.89,Approved,Opened
R000962,O006783,2025-10-26,Changed Mind,Customer Preference,694.53,Approved,Good
R000963,O006784,2025-11-17,Missing Accessories,Product Issue,406.61,Approved,Damaged
R000964,O006803,2026-02-14,Damaged Product,Product Issue,480.05,Rejected,Good
R000965,O006804,2026-01-20,Late Delivery,Customer Preference,1075.29,Rejected,Opened
R000966,O006809,2025-12-23,Changed Mind,Customer Preference,1878.98,Approved,Good
R000967,O006817,2026-05-26,Wrong Product,Product Issue,176.47,Approved,Opened
R000968,O006836,2026-03-14,Wrong Product,Product Issue,2056.22,Approved,Good
R000969,O006840,2025-11-23,Damaged Product,Product Issue,2191.95,Approved,Good
R000970,O006847,2026-08-19,Missing Accessories,Product Issue,1206.7,Approved,Damaged
R000971,O006856,2026-06-11,Missing Accessories,Product Issue,1760.14,Approved,Damaged
R000972,O006858,2025-11-06,Changed Mind,Customer Preference,1627.97,Approved,Opened
R000973,O006877,2026-07-01,Damaged Product,Product Issue,753.75,Approved,Good
R000974,O006884,2025-09-27,Damaged Product,Product Issue,526.09,Approved,Damaged
R000975,O006896,2025-12-29,Not as Expected,Customer Preference,3305.97,Approved,Opened
R000976,O006899,2026-03-19,Wrong Product,Product Issue,1595.91,Approved,Good
R000977,O006907,2026-04-24,Damaged Product,Product Issue,893.53,Approved,Good
R000978,O006909,2025-11-09,Wrong Product,Product Issue,1162.11,Approved,Good
R000979,O006919,2026-02-25,Missing Accessories,Product Issue,504.55,Approved,Opened
R000980,O006921,2025-12-05,Wrong Size,Customer Preference,2043.36,Approved,Good
R000981,O006925,2025-12-03,Not as Expected,Customer Preference,1075.34,Approved,Good
R000982,O006933,2025-09-24,Not as Expected,Customer Preference,501.85,Approved,Good
R000983,O006937,2026-05-24,Damaged Product,Product Issue,882.48,Approved,Damaged
R000984,O006938,2026-03-04,Wrong Product,Product Issue,625.75,Approved,Good
R000985,O006941,2026-04-01,Missing Accessories,Product Issue,2939.5,Approved,Opened
R000986,O006963,2025-09-13,Late Delivery,Customer Preference,2933.57,Approved,Opened
R000987,O006975,2026-06-22,Not as Expected,Customer Preference,1666.63,Approved,Opened
R000988,O006977,2025-10-04,Wrong Product,Product Issue,533.88,Approved,Good
R000989,O006984,2026-06-16,Changed Mind ,Customer Preference,547.02,Approved,Good
R000990,O006985,2026-07-27,Damaged Product,Product Issue,476.3,Approved,Good
R000991,O006986,2025-12-16,Wrong Product,Product Issue,1263.47,Approved,Good
R000992,O006992,2026-03-26,Not as Expected,Customer Preference,2289.08,Approved,Good
R000993,O006999,2026-02-11,Wrong Size,Customer Preference,881.35,Approved,Opened
R000994,O007006,2026-03-07,Missing Accessories,Product Issue,1326.36,Approved,Good
R000995,O007012,2026-01-06,Wrong Size,Customer Preference,1786.55,Approved,Opened
R000996,O007014,2026-02-03,Product Quality Issue,Product Issue,3435.85,Approved,Damaged
R000997,O007019,2025-09-17,Damaged Product,Product Issue,1594.08,Approved,Opened
R000998,O007038,2026-05-21,Wrong Product,Product Issue,698.04,Approved,Good
R000999,O007040,2025-09-17,Damaged Product,Product Issue,525.29,Approved,Good
R001000,O007054,2026-04-03,Not as Expected,Customer Preference,2838.95,Approved,Opened
R001001,O007067,2025-12-01,Wrong Product,Product Issue,1870.45,Approved,Opened
R001002,O007068,2026-03-16,Not as Expected,Customer Preference,1145.97,Approved,Opened
R001003,O007077,2025-09-23,Wrong Product,Product Issue,3948.41,Approved,Good
R001004,O007079,2025-12-30,Wrong Size,Customer Preference,517.57,Approved,Good
R001005,O007085,2026-03-19,Changed Mind,Customer Preference,891.73,Approved,Damaged
R001006,O007093,2026-07-10,Changed Mind,Customer Preference,1177.72,Approved,Damaged
R001007,O007101,2026-05-29,Changed Mind,Customer Preference,531.59,Approved,Opened
R001008,O007102,2025-10-26,Missing Accessories,Product Issue,2497.72,Approved,Opened
R001009,O007112,2025-12-12,Damaged Product,Product Issue,302.4,Approved,Damaged
R001010,O007121,2025-09-24,Product Quality Issue,Product Issue,1189.17,Approved,Damaged
R001011,O007122,2026-03-28,Not as Expected,Customer Preference,624.58,Approved,Damaged
R001012,O007135,2026-04-20,Late Delivery,Customer Preference,1184.85,Approved,Opened
R001013,O007137,2026-07-06,Changed Mind,Customer Preference,1231.85,Rejected,Damaged
R001014,O007139,2025-12-28,Product Quality Issue,Product Issue,383.77,Approved,Good
R001015,O007149,2025-11-14,Late Delivery,Customer Preference,1776.82,Approved,Damaged
R001016,O007152,2026-07-12,Wrong Size,Customer Preference,947.23,Approved,Opened
R001017,O007163,2025-09-01,Product Quality Issue,Product Issue,182.76,Approved,Damaged
R001018,O007175,2026-05-25,Wrong Size,Customer Preference,262.11,Approved,Good
R001019,O007186,2025-10-11,Late Delivery,Customer Preference,953.47,Approved,Damaged
R001020,O007189,2025-10-23,Wrong Size,Customer Preference,400.26,Approved,Damaged
R001021,O007204,2026-02-08,Wrong Product,Product Issue,649.18,Approved,Damaged
R001022,O007212,2025-09-05,Changed Mind,Customer Preference,1268.54,Approved,Opened
R001023,O007213,2025-11-08,Damaged Product,Product Issue,233.56,Approved,Opened
R001024,O007214,2026-01-04,Changed Mind,Customer Preference,194.27,Approved,Good
R001025,O007220,2025-09-01,Wrong Size,Customer Preference,747.74,Approved,Good
R001026,O007223,2026-07-07,Wrong Size,Customer Preference,1411.8,Approved,Good
R001027,O007224,2026-04-27,Changed Mind,Customer Preference,1944.26,Approved,Damaged
R001028,O007228,2026-03-20,Missing Accessories,Product Issue,1038.26,Approved,Damaged
R001029,O007232,2025-11-06,Wrong Size,Customer Preference,1836.21,Approved,Damaged
R001030,O007241,2025-11-27,Not as Expected,Customer Preference,516.6,Approved,Damaged
R001031,O007250,2026-04-14,Wrong Product,Product Issue,917.5,Approved,Good
R001032,O007251,2026-02-06,Changed Mind,Customer Preference,210.73,Approved,Opened
R001033,O007254,2025-12-13,Product Quality Issue,Product Issue,875.49,Approved,Damaged
R001034,O007264,2026-05-22,Missing Accessories,Product Issue,1861.36,Approved,Damaged
R001035,O007265,2026-01-15,Wrong Size ,Customer Preference,1452.3,Approved,Good
R001036,O007272,2026-04-03,Damaged Product,Product Issue,332.58,Approved,Opened
R001037,O007275,2025-10-31,Late Delivery,Customer Preference,616.68,Approved,Damaged
R001038,O007300,2026-03-05,Product Quality Issue,Product Issue,1494.87,Approved,Good
R001039,O007302,2026-03-19,Missing Accessories,Product Issue,2139.52,Approved,Opened
R001040,O007303,2025-11-23,Late Delivery,Customer Preference,1241.35,Approved,Opened
R001041,O007307,2026-04-09,Late Delivery,Customer Preference,2020.84,Approved,Good
R001042,O007311,2026-05-25,Wrong Product,Product Issue,918.63,Approved,Good
R001043,O007344,2025-08-30,Late Delivery,Customer Preference,3527.71,Rejected,Good
R001044,O007346,2025-12-18,Wrong Size,Customer Preference,4831.3,Approved,Good
R001045,O007370,2026-01-25,Changed Mind,Customer Preference,2294.8,Approved,Opened
R001046,O007380,2026-03-08,Missing Accessories,Product Issue,437.52,Approved,Opened
R001047,O007387,2026-05-23,Changed Mind,Customer Preference,3142.79,Approved,Damaged
R001048,O007390,2025-11-25,Not as Expected,Customer Preference,2013.0,Approved,Good
R001049,O007400,2026-07-21,Missing Accessories,Product Issue,2345.79,Approved,Good
R001050,O007412,2026-04-01,Wrong Size,Customer Preference,902.51,Approved,Damaged
R001051,O007423,2026-07-12,Product Quality Issue,Product Issue,3821.53,Approved,Opened
R001052,O007425,2025-11-29,Changed Mind,Customer Preference,1871.2,Approved,Good
R001053,O007427,2026-08-17,Changed Mind,Customer Preference,901.64,Approved,Good
R001054,O007431,2026-03-29,Not as Expected,Customer Preference,2182.15,Approved,Damaged
R001055,O007446,2025-12-22,Wrong Product,Product Issue,1485.41,Approved,Opened
R001056,O007447,2025-10-29,Wrong Product,Product Issue,906.38,Approved,Good
R001057,O007449,2026-06-05,Wrong Size,Customer Preference,715.51,Approved,Opened
R001058,O007451,2025-09-28,Not as Expected,Customer Preference,453.26,Approved,Opened
R001059,O007455,2026-04-19,Late Delivery,Customer Preference,190.12,Approved,Good
R001060,O007460,2025-09-11,Missing Accessories,Product Issue,603.07,Approved,Good
R001061,O007464,2026-04-12,Product Quality Issue,Product Issue,1112.57,Approved,Opened
R001062,O007467,2025-10-10,Changed Mind,Customer Preference,972.34,Approved,Good
R001063,O007483,2025-09-23,Changed Mind,Customer Preference,576.27,Approved,Damaged
R001064,O007485,2025-09-11,Not as Expected,Customer Preference,1463.8,Approved,Opened
R001065,O007487,2026-08-07,Wrong Product,Product Issue,966.64,Approved,Good
R001066,O007489,2026-07-08,Wrong Size,Customer Preference,1374.21,Approved,Opened
R001067,O007494,2026-04-04,Missing Accessories,Product Issue,4747.83,Approved,Opened
R001068,O007496,2026-06-20,Wrong Size,Customer Preference,640.11,Approved,Damaged
R001069,O007500,2026-05-16,Changed Mind,Customer Preference,2535.09,Approved,Opened
R001070,O007504,2025-11-11,Missing Accessories,Product Issue,936.38,Approved,Damaged
R001071,O007508,2025-12-06,Not as Expected,Customer Preference,3004.5,Approved,Good
R001072,O007512,2026-05-10,Missing Accessories,Product Issue,968.79,Approved,Good
R001073,O007516,2025-11-08,Missing Accessories,Product Issue,825.8,Approved,Damaged
R001074,O007520,2026-02-25,Late Delivery,Customer Preference,307.47,Approved,Opened
R001075,O007521,2026-07-06,Changed Mind,Customer Preference,3668.39,Approved,Damaged
R001076,O007523,2026-02-10,Wrong Size,Customer Preference,2975.0,Approved,Good
R001077,O007535,2025-10-10,Wrong Size,Customer Preference,1019.69,Approved,Good
R001078,O007538,2026-01-01,Wrong Product,Product Issue,2057.63,Approved,Good
R001079,O007540,2026-04-01,Wrong Product,Product Issue,859.61,Approved,Good
R001080,O007545,2026-02-09,Wrong Product,Product Issue,8190.69,Approved,Damaged
R001081,O007567,2025-10-12,Wrong Product,Product Issue,1337.53,Approved,Opened
R001082,O007578,2025-11-11,Wrong Size,Customer Preference,173.65,Approved,Opened
R001083,O007596,2026-05-04,Damaged Product,Product Issue,1938.59,Approved,Opened
R001084,O007613,2025-12-05,Damaged Product,Product Issue,1162.54,Approved,Good
R001085,O007623,2025-12-02,Changed Mind,Customer Preference,836.88,Approved,Opened
R001086,O007630,2025-12-11,Missing Accessories,Product Issue,495.02,Approved,Good
R001087,O007632,2026-06-04,Late Delivery,Customer Preference,487.49,Rejected,Good
R001088,O007635,2025-12-03,Damaged Product,Product Issue,784.8,Approved,Good
R001089,O007638,2026-03-09,Missing Accessories,Product Issue,657.57,Approved,Good
R001090,O007643,2026-02-13,Missing Accessories,Product Issue,2284.93,Approved,Good
R001091,O007648,2026-05-29,Changed Mind,Customer Preference,771.11,Approved,Good
R001092,O007657,2026-04-08,Not as Expected,Customer Preference,3363.41,Approved,Opened
R001093,O007669,2026-07-26,Damaged Product,Product Issue,239.7,Approved,Good
R001094,O007679,2026-02-13,Not as Expected,Customer Preference,2186.56,Approved,Damaged
R001095,O007691,2025-11-16,Wrong Size,Customer Preference,1179.62,Approved,Damaged
R001096,O007693,2026-04-19,Missing Accessories,Product Issue,2389.51,Approved,Damaged
R001097,O007702,2026-08-16,Late Delivery,Customer Preference,1488.46,Approved,Opened
R001098,O007705,2025-08-24,Changed Mind,Customer Preference,1344.61,Rejected,Good
R001099,O007706,2026-08-07,Wrong Product,Product Issue,615.91,Approved,Good
R001100,O007708,2026-05-14,Damaged Product,Product Issue,1438.66,Approved,Damaged
R001101,O007713,2025-12-29,Missing Accessories,Product Issue,851.53,Approved,Good
R001102,O007715,2026-01-19,Late Delivery,Customer Preference,1349.74,Approved,Opened
R001103,O007723,2026-05-08,Late Delivery,Customer Preference,2226.13,Approved,Damaged
R001104,O007734,2026-05-29,Late Delivery,Customer Preference,255.88,Approved,Good
R001105,O007752,2026-07-18,Product Quality Issue,Product Issue,1640.99,Approved,Good
R001106,O007754,2025-10-31,Product Quality Issue,Product Issue,797.44,Rejected,Good
R001107,O007762,2026-06-02,Wrong Product,Product Issue,1705.16,Approved,Damaged
R001108,O007764,2026-05-05,Wrong Product,Product Issue,1319.5,Approved,Good
R001109,O007769,2026-02-01,Late Delivery,Customer Preference,606.96,Approved,Good
R001110,O007770,2025-10-02,Changed Mind,Customer Preference,1916.62,Approved,Opened
R001111,O007776,2025-11-02,Late Delivery ,Customer Preference,1425.64,Approved,Damaged
R001112,O007782,2026-06-28,Damaged Product,Product Issue,1298.37,Approved,Opened
R001113,O007787,2026-06-14,Product Quality Issue,Product Issue,1104.49,Approved,Opened
R001114,O007801,2025-10-06,Late Delivery,Customer Preference,945.83,Approved,Opened
R001115,O007806,2025-11-13,Missing Accessories,Product Issue,1017.04,Approved,Damaged
R001116,O007809,2026-02-11,Changed Mind,Customer Preference,864.84,Approved,Good
R001117,O007821,2025-12-30,Late Delivery,Customer Preference,923.41,Approved,Good
R001118,O007833,2026-04-29,Changed Mind,Customer Preference,643.69,Rejected,Good
R001119,O007838,2026-04-29,Not as Expected,Customer Preference,2876.9,Approved,Good
R001120,O007848,2026-01-23,Late Delivery,Customer Preference,4523.94,Approved,Good
R001121,O007859,2025-11-18,Late Delivery,Customer Preference,2566.89,Approved,Damaged
R001122,O007866,2026-05-24,Product Quality Issue,Product Issue,2781.9,Approved,Damaged
R001123,O007867,2025-11-05,Damaged Product,Product Issue,1745.85,Approved,Damaged
R001124,O007875,2026-08-19,Product Quality Issue,Product Issue,883.56,Approved,Opened
R001125,O007898,2026-05-20,Damaged Product,Product Issue,1911.94,Approved,Damaged
R001126,O007908,2026-07-08,Wrong Product,Product Issue,233.71,Approved,Opened
R001127,O007916,2026-06-12,Damaged Product,Product Issue,1813.14,Approved,Damaged
R001128,O007921,2026-06-02,Late Delivery,Customer Preference,447.36,Approved,Opened
R001129,O007923,2026-08-15,Product Quality Issue,Product Issue,1333.94,Approved,Opened
R001130,O007926,2025-10-05,Damaged Product,Product Issue,4199.55,Approved,Damaged
R001131,O007931,2026-01-16,Wrong Product,Product Issue,3322.71,Approved,Damaged
R001132,O007945,2026-06-15,Wrong Size,Customer Preference,1542.12,Approved,Damaged
R001133,O007946,2026-01-10,Late Delivery,Customer Preference,1003.23,Approved,Good
R001134,O007950,2025-10-21,Not as Expected,Customer Preference,3203.15,Approved,Opened
R001135,O007953,2026-01-04,Wrong Product,Product Issue,8968.15,Approved,Damaged
R001136,O007954,2026-03-22,Not as Expected,Customer Preference,1246.78,Approved,Damaged
R001137,O008001,2025-10-31,Wrong Product,Product Issue,1468.73,Approved,Good
R001138,O008029,2026-02-26,Wrong Product,Product Issue,892.27,Approved,Good
R001139,O008053,2026-02-02,Product Quality Issue,Product Issue,313.26,Approved,Good
R001140,O008055,2025-11-11,Not as Expected,Customer Preference,2287.9,Approved,Good
R001141,O008057,2026-01-24,Wrong Size,Customer Preference,3369.26,Approved,Opened
R001142,O008069,2026-06-09,Late Delivery,Customer Preference,1824.48,Approved,Damaged
R001143,O008077,2025-10-08,Changed Mind,Customer Preference,612.76,Approved,Damaged
R001144,O008078,2026-05-08,Changed Mind,Customer Preference,1175.88,Approved,Opened
R001145,O008083,2026-07-12,Product Quality Issue,Product Issue,1110.24,Approved,Damaged
R001146,O008090,2026-06-12,Not as Expected,Customer Preference,289.43,Approved,Opened
R001147,O008093,2025-10-26,Damaged Product,Product Issue,3595.48,Approved,Good
R001148,O008095,2026-08-09,Product Quality Issue,Product Issue,984.2,Rejected,Damaged
R001149,O008097,2025-12-20,Not as Expected,Customer Preference,4556.25,Approved,Damaged
R001150,O008113,2026-07-26,Missing Accessories,Product Issue,911.2,Approved,Damaged
R001151,O008114,2025-12-25,Product Quality Issue,Product Issue,2372.81,Approved,Good
R001152,O008120,2025-09-06,Not as Expected,Customer Preference,701.58,Approved,Good
R001153,O008124,2026-05-27,Not as Expected,Customer Preference,2343.58,Approved,Opened
R001154,O008134,2026-07-18,Changed Mind,Customer Preference,2203.55,Approved,Opened
R001155,O008135,2025-09-25,Wrong Size,Customer Preference,2092.72,Rejected,Damaged
R001156,O008136,2025-09-23,Late Delivery,Customer Preference,1781.79,Approved,Good
R001157,O008143,2026-05-29,Damaged Product,Product Issue,2927.4,Approved,Damaged
R001158,O008150,2026-01-03,Late Delivery,Customer Preference,1194.57,Approved,Opened
R001159,O008154,2025-12-12,Not as Expected,Customer Preference,924.23,Approved,Damaged
R001160,O008163,2026-06-04,Wrong Product,Product Issue,2574.71,Approved,Opened
R001161,O008164,2025-09-18,Missing Accessories,Product Issue,2065.4,Approved,Good
R001162,O008178,2026-07-27,Wrong Product,Product Issue,120.66,Approved,Opened
R001163,O008183,2026-06-06,Not as Expected,Customer Preference,1152.31,Approved,Damaged
R001164,O008184,2026-06-14,Wrong Product,Product Issue,493.01,Approved,Damaged
R001165,O008186,2025-10-11,Changed Mind ,Customer Preference,396.2,Approved,Opened
R001166,O008194,2026-03-24,Wrong Product,Product Issue,2892.48,Approved,Opened
R001167,O008214,2026-05-01,Missing Accessories,Product Issue,626.76,Approved,Good
R001168,O008215,2025-10-10,Wrong Size,Customer Preference,1544.96,Approved,Opened
R001169,O008218,2025-10-16,Not as Expected,Customer Preference,1500.8,Approved,Opened
R001170,O008222,2026-08-03,Not as Expected,Customer Preference,1340.57,Approved,Good
R001171,O008224,2025-12-30,Missing Accessories,Product Issue,1927.57,Approved,Good
R001172,O008228,2026-02-15,Missing Accessories,Product Issue,1187.74,Approved,Opened
R001173,O008240,2025-12-04,Not as Expected,Customer Preference,6144.46,Approved,Damaged
R001174,O008249,2026-05-30,Not as Expected,Customer Preference,1229.05,Approved,Opened
R001175,O008250,2026-03-22,Changed Mind,Customer Preference,1523.86,Approved,Good
R001176,O008251,2025-09-21,Wrong Product,Product Issue,2162.29,Approved,Good
R001177,O008266,2026-02-21,Missing Accessories,Product Issue,2067.0,Approved,Good
R001178,O008274,2026-05-05,Late Delivery,Customer Preference,3083.26,Rejected,Good
R001179,O008318,2026-06-14,Late Delivery,Customer Preference,1601.5,Approved,Opened
R001180,O008325,2025-09-09,Wrong Product,Product Issue,1020.68,Approved,Damaged
R001181,O008331,2026-02-28,Late Delivery,Customer Preference,2106.2,Approved,Damaged
R001182,O008340,2026-05-30,Product Quality Issue,Product Issue,415.21,Approved,Damaged
R001183,O008387,2026-07-27,Changed Mind,Customer Preference,3952.4,Approved,Good
R001184,O008409,2026-02-19,Product Quality Issue,Product Issue,11582.26,Approved,Opened
R001185,O008422,2025-11-08,Not as Expected,Customer Preference,2023.47,Approved,Good
R001186,O008425,2026-07-10,Missing Accessories,Product Issue,1917.29,Approved,Damaged
R001187,O008427,2026-05-02,Missing Accessories,Product Issue,1049.21,Approved,Damaged
R001188,O008468,2026-02-09,Not as Expected,Customer Preference,1761.27,Approved,Opened
R001189,O008473,2025-12-16,Damaged Product,Product Issue,1195.32,Approved,Damaged
R001190,O008478,2026-03-19,Wrong Size,Customer Preference,561.23,Approved,Good
R001191,O008481,2025-09-20,Wrong Size,Customer Preference,1771.43,Approved,Good
R001192,O008492,2025-09-23,Changed Mind,Customer Preference,1734.79,Approved,Good
R001193,O008494,2025-11-20,Not as Expected,Customer Preference,3809.8,Approved,Good
R001194,O008495,2026-07-26,Changed Mind,Customer Preference,397.43,Approved,Damaged
R001195,O008501,2026-06-15,Damaged Product,Product Issue,1441.9,Approved,Opened
R001196,O008513,2026-06-27,Not as Expected,Customer Preference,886.85,Rejected,Damaged
R001197,O008514,2026-01-12,Wrong Size,Customer Preference,527.75,Approved,Good
R001198,O008522,2025-09-22,Damaged Product,Product Issue,1008.57,Approved,Good
R001199,O008528,2026-02-27,Not as Expected,Customer Preference,4376.45,Approved,Opened
R001200,O008533,2026-03-13,Damaged Product,Product Issue,646.11,Rejected,Damaged
R001201,O008542,2026-06-10,Wrong Size,Customer Preference,2010.23,Approved,Damaged
R001202,O008548,2026-06-04,Product Quality Issue,Product Issue,1211.26,Approved,Good
R001203,O008550,2025-10-10,Not as Expected,Customer Preference,1846.26,Approved,Good
R001204,O008555,2026-07-02,Product Quality Issue,Product Issue,6016.52,Approved,Good
R001205,O008558,2025-08-31,Changed Mind,Customer Preference,3266.24,Approved,Damaged
R001206,O008560,2025-09-24,Changed Mind ,Customer Preference,553.22,Approved,Good
R001207,O008579,2026-01-04,Missing Accessories,Product Issue,1960.01,Approved,Opened
R001208,O008587,2025-08-23,Changed Mind,Customer Preference,4368.23,Approved,Good
R001209,O008590,2025-10-14,Late Delivery,Customer Preference,900.74,Approved,Good
R001210,O008592,2026-03-13,Wrong Size,Customer Preference,1191.89,Approved,Damaged
R001211,O008596,2026-03-17,Changed Mind,Customer Preference,1856.65,Approved,Damaged
R001212,O008604,2025-10-17,Not as Expected,Customer Preference,1449.82,Approved,Damaged
R001213,O008615,2025-11-09,Not as Expected,Customer Preference,1283.23,Approved,Damaged
R001214,O008621,2026-04-12,Changed Mind,Customer Preference,1302.64,Approved,Damaged
R001215,O008626,2025-12-16,Product Quality Issue,Product Issue,1979.92,Approved,Opened
R001216,O008655,2025-10-25,Missing Accessories,Product Issue,4614.64,Approved,Damaged
R001217,O008657,2026-05-25,Missing Accessories,Product Issue,654.53,Approved,Opened
R001218,O008679,2026-04-01,Not as Expected,Customer Preference,1812.28,Approved,Opened
R001219,O008680,2025-10-24,Product Quality Issue,Product Issue,3906.56,Approved,Damaged
R001220,O008685,2026-01-13,Missing Accessories,Product Issue,1491.98,Approved,Opened
R001221,O008689,2025-09-25,Wrong Product,Product Issue,2172.54,Approved,Opened
R001222,O008710,2026-03-02,Wrong Product,Product Issue,1027.53,Approved,Good
R001223,O008711,2025-09-08,Not as Expected,Customer Preference,2811.3,Approved,Damaged
R001224,O008726,2025-09-11,Product Quality Issue,Product Issue,4075.24,Approved,Opened
R001225,O008735,2026-06-04,Wrong Size,Customer Preference,800.61,Approved,Good
R001226,O008737,2026-06-10,Wrong Product,Product Issue,293.03,Approved,Opened
R001227,O008740,2026-01-30,Damaged Product,Product Issue,155.95,Approved,Damaged
R001228,O008759,2026-07-05,Not as Expected,Customer Preference,3571.08,Approved,Opened
R001229,O008782,2026-03-18,Late Delivery,Customer Preference,1036.52,Approved,Good
R001230,O008783,2025-09-26,Product Quality Issue,Product Issue,829.85,Approved,Damaged
R001231,O008790,2026-07-25,Missing Accessories,Product Issue,2957.66,Approved,Good
R001232,O008813,2026-01-03,Late Delivery,Customer Preference,1828.74,Approved,Damaged
R001233,O008817,2025-09-14,Missing Accessories,Product Issue,235.27,Approved,Opened
R001234,O008822,2026-05-01,Not as Expected,Customer Preference,6935.79,Approved,Damaged
R001235,O008827,2026-03-08,Product Quality Issue,Product Issue,1257.55,Approved,Damaged
R001236,O008828,2026-06-28,Changed Mind,Customer Preference,688.41,Approved,Opened
R001237,O008833,2025-09-05,Not as Expected,Customer Preference,669.08,Approved,Damaged
R001238,O008842,2026-07-29,Product Quality Issue,Product Issue,2553.77,Approved,Opened
R001239,O008861,2025-10-21,Product Quality Issue,Product Issue,3167.08,Approved,Opened
R001240,O008862,2025-12-15,Wrong Size,Customer Preference,1154.58,Approved,Opened
R001241,O008864,2026-07-12,Damaged Product,Product Issue,586.96,Approved,Opened
R001242,O008880,2026-01-24,Wrong Product,Product Issue,1835.6,Approved,Opened
R001243,O008881,2026-02-21,Wrong Size,Customer Preference,283.03,Approved,Damaged
R001244,O008894,2025-11-19,Wrong Size,Customer Preference,312.75,Approved,Opened
R001245,O008898,2026-02-22,Wrong Product,Product Issue,820.64,Approved,Good
R001246,O008907,2025-12-22,Not as Expected,Customer Preference,1455.72,Approved,Good
R001247,O008910,2026-04-22,Wrong Product,Product Issue,1155.11,Approved,Opened
R001248,O008912,2026-07-08,Wrong Size,Customer Preference,248.08,Approved,Damaged
R001249,O008923,2026-07-10,Damaged Product,Product Issue,1522.6,Approved,Damaged
R001250,O008925,2026-01-23,Wrong Product,Product Issue,1754.72,Approved,Opened
R001251,O008936,2026-07-14,Missing Accessories,Product Issue,1433.03,Approved,Opened
R001252,O008939,2026-06-27,Wrong Size,Customer Preference,2725.4,Rejected,Damaged
R001253,O008945,2025-11-26,Late Delivery,Customer Preference,1034.99,Approved,Good
R001254,O008946,2025-09-13,Not as Expected,Customer Preference,3272.73,Approved,Good
R001255,O008948,2026-02-11,Not as Expected,Customer Preference,985.39,Approved,Good
R001256,O008949,2025-08-30,Wrong Product,Product Issue,1049.96,Approved,Opened
R001257,O008956,2025-08-27,Wrong Product,Product Issue,560.65,Approved,Opened
R001258,O008961,2026-07-30,Damaged Product,Product Issue,735.45,Approved,Opened
R001259,O008971,2026-01-01,Wrong Product,Product Issue,757.42,Approved,Good
R001260,O008982,2025-09-22,Changed Mind,Customer Preference,1014.6,Approved,Damaged
R001261,O008988,2025-10-07,Damaged Product,Product Issue,545.38,Approved,Opened
R001262,O009000,2025-10-09,Wrong Size,Customer Preference,1811.29,Approved,Opened
R001263,O009002,2026-01-02,Missing Accessories ,Product Issue,156.57,Rejected,Opened
R001264,O009004,2025-11-25,Late Delivery,Customer Preference,1893.65,Approved,Opened
R001265,O009008,2026-04-18,Wrong Size,Customer Preference,4214.1,Approved,Opened
R001266,O009015,2025-10-22,Damaged Product,Product Issue,1124.99,Approved,Opened
R001267,O009022,2026-04-19,Damaged Product,Product Issue,1090.93,Approved,Opened
R001268,O009024,2026-01-24,Not as Expected,Customer Preference,588.85,Approved,Damaged
R001269,O009036,2026-04-18,Wrong Product,Product Issue,1047.18,Approved,Opened
R001270,O009050,2026-02-10,Missing Accessories,Product Issue,1467.2,Approved,Good
R001271,O009062,2026-05-16,Wrong Product,Product Issue,861.17,Approved,Good
R001272,O009065,2025-11-10,Missing Accessories,Product Issue,208.85,Approved,Good
R001273,O009074,2026-06-26,Changed Mind,Customer Preference,1693.34,Approved,Opened
R001274,O009081,2026-01-15,Changed Mind,Customer Preference,245.13,Approved,Opened
R001275,O009086,2025-10-07,Wrong Product,Product Issue,832.57,Approved,Opened
R001276,O009094,2026-04-28,Missing Accessories,Product Issue,918.83,Approved,Opened
R001277,O009095,2025-11-22,Changed Mind,Customer Preference,1493.11,Approved,Good
R001278,O009097,2026-08-12,Damaged Product,Product Issue,1638.45,Approved,Damaged
R001279,O009111,2026-02-10,Product Quality Issue,Product Issue,1608.63,Approved,Opened
R001280,O009112,2025-10-22,Wrong Product,Product Issue,3608.7,Approved,Damaged
R001281,O009120,2025-09-12,Product Quality Issue,Product Issue,480.01,Approved,Damaged
R001282,O009121,2026-01-11,Late Delivery,Customer Preference,1655.93,Approved,Opened
R001283,O009131,2026-06-22,Changed Mind,Customer Preference,2256.21,Rejected,Opened
R001284,O009137,2025-11-23,Changed Mind,Customer Preference,909.13,Approved,Damaged
R001285,O009139,2026-04-06,Changed Mind,Customer Preference,1587.31,Approved,Good
R001286,O009141,2025-10-24,Damaged Product,Product Issue,365.64,Approved,Damaged
R001287,O009143,2026-07-16,Missing Accessories,Product Issue,655.07,Approved,Good
R001288,O009146,2026-05-03,Damaged Product,Product Issue,494.75,Approved,Opened
R001289,O009149,2025-09-25,Late Delivery,Customer Preference,1019.21,Approved,Good
R001290,O009152,2025-11-25,Product Quality Issue,Product Issue,1679.08,Approved,Damaged
R001291,O009153,2025-11-02,Missing Accessories,Product Issue,1475.02,Rejected,Good
R001292,O009158,2026-02-17,Product Quality Issue,Product Issue,1004.34,Approved,Good
R001293,O009168,2025-11-14,Not as Expected,Customer Preference,3983.67,Approved,Opened
R001294,O009197,2025-10-14,Wrong Size,Customer Preference,475.54,Approved,Damaged
R001295,O009218,2026-05-25,Changed Mind,Customer Preference,1187.5,Approved,Opened
R001296,O009239,2025-12-05,Product Quality Issue,Product Issue,1483.18,Approved,Good
R001297,O009250,2025-08-27,Missing Accessories,Product Issue,3106.93,Approved,Damaged
R001298,O009252,2026-08-14,Late Delivery,Customer Preference,1341.41,Approved,Good
R001299,O009265,2026-03-08,Damaged Product,Product Issue,1216.36,Approved,Opened
R001300,O009273,2026-04-08,Damaged Product,Product Issue,307.27,Approved,Opened
R001301,O009285,2025-12-18,Changed Mind ,Customer Preference,1324.71,Approved,Opened
R001302,O009289,2026-03-27,Wrong Product,Product Issue,904.08,Approved,Good
R001303,O009300,2025-08-23,Late Delivery,Customer Preference,1402.98,Rejected,Good
R001304,O009304,2026-02-12,Wrong Size,Customer Preference,1284.45,Approved,Opened
R001305,O009314,2026-03-26,Not as Expected,Customer Preference,1275.17,Approved,Good
R001306,O009325,2026-03-15,Wrong Size,Customer Preference,2141.84,Rejected,Good
R001307,O009332,2026-06-09,Changed Mind,Customer Preference,2345.39,Approved,Opened
R001308,O009334,2026-06-21,Late Delivery,Customer Preference,836.49,Approved,Damaged
R001309,O009346,2026-02-07,Wrong Size,Customer Preference,2330.73,Approved,Opened
R001310,O009347,2025-09-09,Damaged Product,Product Issue,211.14,Approved,Opened
R001311,O009352,2026-01-19,Late Delivery,Customer Preference,568.38,Approved,Opened
R001312,O009359,2026-03-21,Product Quality Issue,Product Issue,207.57,Approved,Opened
R001313,O009375,2026-05-07,Missing Accessories,Product Issue,1624.66,Approved,Good
R001314,O009386,2025-11-06,Changed Mind,Customer Preference,1805.48,Approved,Damaged
R001315,O009387,2026-01-27,Wrong Product,Product Issue,1312.99,Rejected,Opened
R001316,O009388,2026-08-18,Wrong Product,Product Issue,3667.36,Approved,Damaged
R001317,O009395,2026-07-03,Wrong Size,Customer Preference,1139.59,Approved,Damaged
R001318,O009407,2026-05-01,Missing Accessories,Product Issue,1032.17,Approved,Opened
R001319,O009423,2026-06-26,Not as Expected,Customer Preference,4557.28,Approved,Opened
R001320,O009434,2025-12-17,Missing Accessories,Product Issue,5336.89,Approved,Good
R001321,O009440,2026-03-22,Missing Accessories,Product Issue,642.56,Approved,Good
R001322,O009441,2025-09-26,Wrong Product,Product Issue,731.61,Approved,Damaged
R001323,O009443,2026-04-10,Missing Accessories,Product Issue,497.77,Approved,Opened
R001324,O009452,2025-11-30,Missing Accessories,Product Issue,757.7,Approved,Good
R001325,O009458,2025-09-24,Damaged Product,Product Issue,2875.91,Approved,Opened
R001326,O009466,2026-03-13,Wrong Product,Product Issue,5994.28,Approved,Opened
R001327,O009511,2026-06-24,Wrong Product,Product Issue,1418.68,Approved,Damaged
R001328,O009515,2025-11-19,Changed Mind,Customer Preference,228.99,Approved,Damaged
R001329,O009516,2026-04-08,Product Quality Issue,Product Issue,2550.06,Approved,Damaged
R001330,O009524,2026-03-13,Wrong Product,Product Issue,488.21,Approved,Good
R001331,O009528,2026-04-18,Not as Expected,Customer Preference,1243.13,Approved,Good
R001332,O009529,2025-12-29,Changed Mind,Customer Preference,742.47,Approved,Damaged
R001333,O009545,2026-04-19,Wrong Product,Product Issue,8021.89,Approved,Opened
R001334,O009546,2025-12-29,Late Delivery,Customer Preference,11164.03,Approved,Opened
R001335,O009550,2025-09-18,Missing Accessories,Product Issue,3290.01,Rejected,Opened
R001336,O009555,2026-04-28,Late Delivery,Customer Preference,6303.17,Approved,Good
R001337,O009557,2025-09-14,Changed Mind,Customer Preference,3973.8,Approved,Opened
R001338,O009560,2026-03-16,Damaged Product,Product Issue,2015.83,Approved,Good
R001339,O009567,2026-03-10,Late Delivery,Customer Preference,2771.21,Approved,Good
R001340,O009569,2026-05-10,Wrong Product,Product Issue,3443.6,Rejected,Good
R001341,O009578,2026-06-11,Late Delivery,Customer Preference,3103.07,Approved,Good
R001342,O009582,2025-12-31,Missing Accessories,Product Issue,3794.79,Approved,Damaged
R001343,O009592,2026-04-20,Missing Accessories,Product Issue,1039.62,Approved,Good
R001344,O009595,2026-08-19,Wrong Product,Product Issue,1393.58,Approved,Opened
R001345,O009597,2026-01-31,Late Delivery,Customer Preference,479.6,Approved,Damaged
R001346,O009610,2026-01-02,Wrong Size,Customer Preference,442.07,Approved,Good
R001347,O009612,2025-12-18,Wrong Size,Customer Preference,1307.88,Approved,Opened
R001348,O009615,2025-11-21,Not as Expected,Customer Preference,1641.98,Approved,Damaged
R001349,O009616,2025-11-13,Late Delivery,Customer Preference,1894.31,Approved,Damaged
R001350,O009632,2026-03-16,Damaged Product,Product Issue,886.41,Approved,Good
R001351,O009641,2026-07-27,Product Quality Issue ,Product Issue,2319.39,Approved,Good
R001352,O009642,2026-07-20,Not as Expected,Customer Preference,1864.14,Rejected,Damaged
R001353,O009646,2025-10-26,Late Delivery,Customer Preference,1803.86,Approved,Opened
R001354,O009648,2026-04-03,Damaged Product,Product Issue,2279.87,Approved,Damaged
R001355,O009658,2025-08-31,Not as Expected,Customer Preference,306.83,Approved,Damaged
R001356,O009660,2026-06-09,Late Delivery,Customer Preference,1916.22,Approved,Opened
R001357,O009664,2025-11-15,Wrong Size,Customer Preference,404.19,Approved,Opened
R001358,O009671,2026-06-27,Wrong Product,Product Issue,927.51,Approved,Good
R001359,O009680,2026-03-24,Wrong Size,Customer Preference,4381.39,Approved,Good
R001360,O009685,2025-10-02,Wrong Size,Customer Preference,2200.94,Approved,Damaged
R001361,O009687,2026-04-11,Late Delivery,Customer Preference,926.43,Approved,Damaged
R001362,O009690,2025-09-18,Damaged Product,Product Issue,1117.15,Approved,Opened
R001363,O009692,2025-12-30,Product Quality Issue,Product Issue,431.74,Approved,Good
R001364,O009693,2026-03-19,Product Quality Issue,Product Issue,434.49,Approved,Opened
R001365,O009700,2026-02-09,Damaged Product,Product Issue,1184.93,Approved,Damaged
R001366,O009701,2025-09-15,Damaged Product,Product Issue,151.48,Approved,Good
R001367,O009703,2025-12-19,Wrong Product,Product Issue,997.72,Approved,Damaged
R001368,O009715,2026-01-30,Not as Expected,Customer Preference,1146.16,Approved,Opened
R001369,O009721,2025-09-21,Wrong Size,Customer Preference,134.47,Rejected,Opened
R001370,O009737,2026-06-06,Wrong Product,Product Issue,3777.72,Approved,Damaged
R001371,O009738,2025-09-29,Missing Accessories,Product Issue,318.6,Approved,Opened
R001372,O009742,2025-10-15,Changed Mind,Customer Preference,1278.64,Approved,Damaged
R001373,O009758,2025-11-25,Not as Expected,Customer Preference,1189.24,Approved,Opened
R001374,O009762,2026-06-08,Product Quality Issue,Product Issue,2195.74,Approved,Good
R001375,O009765,2025-09-22,Changed Mind,Customer Preference,1524.34,Approved,Good
R001376,O009766,2026-08-12,Missing Accessories,Product Issue,1669.83,Rejected,Opened
R001377,O009767,2026-06-26,Wrong Size,Customer Preference,1897.08,Approved,Damaged
R001378,O009797,2026-08-03,Wrong Product,Product Issue,595.19,Approved,Opened
R001379,O009800,2025-11-17,Not as Expected,Customer Preference,1964.25,Approved,Good
R001380,O009859,2026-01-14,Not as Expected,Customer Preference,880.72,Approved,Damaged
R001381,O009871,2026-06-23,Wrong Size,Customer Preference,1743.3,Approved,Damaged
R001382,O009874,2026-02-24,Wrong Product,Product Issue,2158.93,Approved,Damaged
R001383,O009880,2025-10-22,Missing Accessories,Product Issue,710.48,Approved,Damaged
R001384,O009896,2026-01-15,Wrong Product,Product Issue,2420.91,Approved,Opened
R001385,O009922,2026-03-05,Wrong Product,Product Issue,784.1,Approved,Opened
R001386,O009923,2026-08-12,Late Delivery,Customer Preference,4114.34,Approved,Damaged
R001387,O009936,2026-06-27,Wrong Product,Product Issue,3121.43,Approved,Opened
R001388,O009939,2026-08-08,Product Quality Issue,Product Issue,1080.09,Approved,Opened
R001389,O009959,2026-04-30,Product Quality Issue,Product Issue,1376.14,Approved,Opened
R001390,O009984,2026-02-15,Changed Mind,Customer Preference,4022.66,Rejected,Damaged
R001391,O009985,2025-11-05,Wrong Size,Customer Preference,1627.52,Approved,Damaged
R001392,O009990,2026-08-02,Missing Accessories,Product Issue,1522.35,Approved,Good
R001393,O010000,2025-08-26,Wrong Size,Customer Preference,1556.2,Approved,Opened
R001394,O010001,2025-10-18,Changed Mind,Customer Preference,527.63,Rejected,Good
R001395,O010019,2026-04-08,Missing Accessories,Product Issue,6524.51,Approved,Opened
R001396,O010040,2026-06-18,Product Quality Issue,Product Issue,1589.58,Approved,Opened
R001397,O010045,2026-05-30,Not as Expected,Customer Preference,864.53,Rejected,Damaged
R001398,O010062,2026-02-08,Product Quality Issue,Product Issue,1256.6,Approved,Damaged
R001399,O010072,2025-11-15,Damaged Product,Product Issue,967.16,Approved,Opened
R001400,O010081,2026-01-03,Late Delivery,Customer Preference,929.81,Approved,Opened
R001401,O010100,2025-11-21,Wrong Product,Product Issue,1222.66,Approved,Good
R001402,O010101,2026-05-04,Not as Expected,Customer Preference,265.13,Approved,Damaged
R001403,O010120,2026-08-01,Changed Mind,Customer Preference,2444.15,Approved,Opened
R001404,O010121,2026-06-13,Changed Mind,Customer Preference,1959.45,Approved,Opened
R001405,O010148,2025-08-25,Wrong Product,Product Issue,2117.84,Rejected,Opened
R001406,O010157,2026-05-12,Wrong Size,Customer Preference,461.73,Approved,Opened
R001407,O010175,2026-06-20,Not as Expected,Customer Preference,1880.1,Approved,Opened
R001408,O010177,2026-07-17,Missing Accessories,Product Issue,2502.44,Approved,Good
R001409,O010184,2026-08-18,Wrong Product,Product Issue,687.71,Approved,Opened
R001410,O010185,2026-05-25,Damaged Product,Product Issue,467.99,Approved,Good
R001411,O010199,2026-04-17,Missing Accessories,Product Issue,3691.86,Approved,Damaged
R001412,O010200,2026-07-08,Wrong Product ,Product Issue,234.17,Approved,Good
R001413,O010201,2025-12-18,Wrong Size,Customer Preference,2250.75,Approved,Good
R001414,O010204,2026-01-25,Wrong Product,Product Issue,344.41,Approved,Damaged
R001415,O010216,2025-09-07,Not as Expected,Customer Preference,989.49,Approved,Good
R001416,O010244,2026-06-25,Product Quality Issue,Product Issue,311.74,Rejected,Good
R001417,O010249,2026-08-08,Wrong Product,Product Issue,1859.03,Approved,Good
R001418,O010251,2026-03-18,Wrong Size,Customer Preference,1198.3,Rejected,Damaged
R001419,O010255,2026-02-17,Missing Accessories,Product Issue,4677.69,Approved,Opened
R001420,O010259,2025-11-06,Product Quality Issue,Product Issue,326.78,Approved,Opened
R001421,O010266,2025-10-11,Damaged Product,Product Issue,2144.83,Approved,Damaged
R001422,O010269,2026-05-12,Changed Mind,Customer Preference,1807.61,Approved,Good
R001423,O010289,2026-07-01,Not as Expected,Customer Preference,1584.13,Approved,Good
R001424,O010290,2026-07-19,Late Delivery,Customer Preference,947.68,Approved,Damaged
R001425,O010292,2026-04-26,Product Quality Issue,Product Issue,270.76,Approved,Damaged
R001426,O010294,2026-02-19,Not as Expected,Customer Preference,2744.2,Approved,Good
R001427,O010301,2026-01-08,Late Delivery,Customer Preference,1973.75,Approved,Damaged
R001428,O010314,2026-05-31,Wrong Product,Product Issue,8056.57,Approved,Good
R001429,O010326,2026-02-20,Wrong Product,Product Issue,683.24,Approved,Damaged
R001430,O010329,2026-06-07,Wrong Product,Product Issue,1514.95,Approved,Good
R001431,O010330,2025-10-30,Changed Mind,Customer Preference,6537.44,Rejected,Good
R001432,O010333,2025-10-21,Missing Accessories,Product Issue,420.82,Approved,Opened
R001433,O010343,2025-09-15,Not as Expected,Customer Preference,2638.26,Approved,Damaged
R001434,O010348,2026-01-15,Missing Accessories,Product Issue,2691.57,Approved,Damaged
R001435,O010350,2025-10-14,Late Delivery,Customer Preference,443.49,Approved,Good
R001436,O010372,2026-03-11,Damaged Product,Product Issue,424.81,Approved,Good
R001437,O010378,2025-12-09,Not as Expected,Customer Preference,858.04,Approved,Opened
R001438,O010379,2026-01-01,Missing Accessories,Product Issue,3423.01,Approved,Good
R001439,O010380,2026-02-15,Not as Expected,Customer Preference,1454.22,Rejected,Opened
R001440,O010381,2026-01-04,Wrong Size,Customer Preference,2668.42,Approved,Good
R001441,O010405,2025-09-01,Late Delivery,Customer Preference,1639.51,Approved,Damaged
R001442,O010408,2025-12-01,Changed Mind,Customer Preference,1270.58,Approved,Damaged
R001443,O010418,2026-08-18,Missing Accessories,Product Issue,243.58,Approved,Damaged
R001444,O010428,2025-09-09,Late Delivery,Customer Preference,3938.05,Approved,Damaged
R001445,O010429,2026-05-28,Changed Mind,Customer Preference,908.78,Approved,Good
R001446,O010445,2026-07-22,Not as Expected,Customer Preference,969.13,Rejected,Good
R001447,O010455,2025-12-11,Late Delivery,Customer Preference,2585.89,Approved,Opened
R001448,O010459,2026-04-03,Wrong Product,Product Issue,2277.07,Approved,Damaged
R001449,O010461,2025-12-14,Damaged Product,Product Issue,1253.15,Approved,Damaged
R001450,O010462,2026-04-17,Wrong Size,Customer Preference,1864.19,Approved,Damaged
R001451,O010465,2025-10-14,Wrong Size,Customer Preference,2738.98,Approved,Good
R001452,O010475,2025-11-04,Wrong Product,Product Issue,641.78,Approved,Damaged
R001453,O010476,2026-02-15,Damaged Product,Product Issue,1443.72,Approved,Damaged
R001454,O010481,2026-05-18,Changed Mind,Customer Preference,824.28,Approved,Damaged
R001455,O010498,2025-12-06,Changed Mind,Customer Preference,569.52,Approved,Damaged
R001456,O010502,2026-07-21,Missing Accessories,Product Issue,415.32,Approved,Damaged
R001457,O010503,2025-11-20,Wrong Product,Product Issue,1505.07,Approved,Damaged
R001458,O010504,2025-12-17,Changed Mind,Customer Preference,1056.78,Approved,Opened
R001459,O010505,2025-12-25,Missing Accessories,Product Issue,893.2,Approved,Damaged
R001460,O010514,2025-10-12,Damaged Product ,Product Issue,1358.33,Approved,Good
R001461,O010527,2026-07-08,Changed Mind,Customer Preference,1447.17,Approved,Good
R001462,O010532,2025-11-17,Late Delivery,Customer Preference,1949.11,Approved,Good
R001463,O010541,2025-09-30,Not as Expected,Customer Preference,1604.42,Approved,Opened
R001464,O010551,2026-06-10,Product Quality Issue,Product Issue,616.77,Approved,Opened
R001465,O010574,2025-11-15,Changed Mind,Customer Preference,857.08,Approved,Good
R001466,O010588,2025-08-25,Damaged Product,Product Issue,1579.11,Approved,Damaged
R001467,O010602,2025-12-10,Product Quality Issue,Product Issue,200.47,Approved,Opened
R001468,O010604,2026-03-10,Product Quality Issue,Product Issue,218.39,Approved,Good
R001469,O010617,2026-03-30,Late Delivery,Customer Preference,2156.69,Approved,Damaged
R001470,O010620,2026-06-30,Changed Mind,Customer Preference,2011.9,Approved,Good
R001471,O010627,2026-03-25,Late Delivery,Customer Preference,1320.62,Approved,Good
R001472,O010646,2026-04-25,Not as Expected,Customer Preference,1306.91,Approved,Good
R001473,O010648,2025-11-08,Late Delivery,Customer Preference,1069.29,Approved,Good
R001474,O010665,2025-12-28,Not as Expected,Customer Preference,2592.51,Approved,Damaged
R001475,O010668,2026-07-27,Missing Accessories,Product Issue,2645.05,Approved,Good
R001476,O010670,2026-08-13,Product Quality Issue,Product Issue,628.85,Approved,Good
R001477,O010672,2026-08-17,Not as Expected,Customer Preference,2819.18,Approved,Good
R001478,O010681,2026-08-16,Product Quality Issue,Product Issue,1922.05,Approved,Good
R001479,O010714,2025-10-03,Product Quality Issue,Product Issue,1966.3,Approved,Damaged
R001480,O010722,2026-07-24,Changed Mind,Customer Preference,653.79,Approved,Opened
R001481,O010724,2025-10-02,Changed Mind,Customer Preference,2330.08,Approved,Good
R001482,O010727,2026-05-18,Wrong Product,Product Issue,2693.5,Rejected,Damaged
R001483,O010732,2025-10-04,Product Quality Issue,Product Issue,1422.4,Approved,Damaged
R001484,O010733,2026-05-24,Late Delivery,Customer Preference,947.13,Approved,Opened
R001485,O010739,2026-01-06,Missing Accessories,Product Issue,1312.74,Approved,Damaged
R001486,O010751,2026-07-29,Wrong Size,Customer Preference,244.49,Rejected,Opened
R001487,O010762,2026-04-15,Not as Expected,Customer Preference,1458.33,Approved,Opened
R001488,O010769,2025-11-03,Product Quality Issue,Product Issue,301.06,Approved,Opened
R001489,O010779,2025-11-05,Product Quality Issue,Product Issue,355.62,Approved,Damaged
R001490,O010789,2026-06-30,Missing Accessories,Product Issue,408.45,Approved,Opened
R001491,O010790,2026-07-29,Wrong Size,Customer Preference,575.36,Approved,Good
R001492,O010797,2025-12-15,Wrong Product,Product Issue,951.49,Approved,Damaged
R001493,O010816,2025-11-18,Wrong Product,Product Issue,304.03,Approved,Opened
R001494,O010818,2025-12-13,Changed Mind,Customer Preference,2902.01,Approved,Good
R001495,O010821,2025-12-05,Wrong Size,Customer Preference,563.89,Approved,Good
R001496,O010827,2025-10-11,Not as Expected,Customer Preference,1148.94,Approved,Good
R001497,O010835,2026-02-23,Wrong Product,Product Issue,2703.54,Approved,Opened
R001498,O010837,2026-02-23,Late Delivery,Customer Preference,952.17,Approved,Damaged
R001499,O010839,2026-08-23,Damaged Product,Product Issue,1210.91,Approved,Opened
R001500,O010847,2026-05-02,Wrong Size,Customer Preference,323.92,Approved,Damaged
R001501,O010848,2026-01-06,Changed Mind,Customer Preference,2048.51,Approved,Opened
R001502,O010850,2026-07-21,Late Delivery,Customer Preference,430.51,Approved,Good
R001503,O010875,2026-05-22,Late Delivery,Customer Preference,209.46,Approved,Good
R001504,O010879,2026-04-06,Late Delivery,Customer Preference,582.78,Approved,Opened
R001505,O010904,2025-12-08,Late Delivery,Customer Preference,218.86,Approved,Opened
R001506,O010906,2026-03-03,Not as Expected,Customer Preference,2585.23,Approved,Good
R001507,O010922,2025-11-13,Damaged Product,Product Issue,924.72,Approved,Good
R001508,O010925,2025-10-29,Missing Accessories,Product Issue,1040.22,Rejected,Opened
R001509,O010931,2026-08-10,Late Delivery,Customer Preference,1237.09,Rejected,Damaged
R001510,O010933,2026-08-26,Wrong Product,Product Issue,1108.34,Approved,Opened
R001511,O010951,2026-05-06,Changed Mind,Customer Preference,4964.45,Approved,Damaged
R001512,O010973,2025-11-09,Missing Accessories,Product Issue,960.13,Approved,Damaged
R001513,O010976,2025-09-27,Late Delivery,Customer Preference,2420.86,Approved,Damaged
R001514,O010979,2026-03-10,Damaged Product,Product Issue,2917.61,Approved,Damaged
R001515,O010984,2026-08-01,Changed Mind,Customer Preference,814.15,Approved,Good
R001516,O010985,2025-12-15,Changed Mind,Customer Preference,4682.0,Approved,Damaged
R001517,O010990,2025-09-02,Damaged Product,Product Issue,331.33,Rejected,Damaged
R001518,O010991,2026-03-30,Product Quality Issue,Product Issue,1891.87,Rejected,Damaged
R001519,O010997,2025-11-06,Missing Accessories,Product Issue,383.88,Approved,Damaged
R001520,O011001,2026-03-12,Damaged Product,Product Issue,2296.2,Rejected,Damaged
R001521,O011012,2025-09-12,Product Quality Issue,Product Issue,1837.7,Approved,Damaged
R001522,O011017,2025-10-31,Wrong Product,Product Issue,335.38,Approved,Good
R001523,O011023,2026-03-31,Damaged Product,Product Issue,682.53,Approved,Opened
R001524,O011025,2025-12-31,Product Quality Issue,Product Issue,808.03,Approved,Opened
R001525,O011028,2025-11-22,Damaged Product,Product Issue,2338.05,Approved,Damaged
R001526,O011029,2026-07-13,Changed Mind,Customer Preference,1002.03,Approved,Damaged
R001527,O011034,2026-04-07,Not as Expected,Customer Preference,1902.23,Rejected,Damaged
R001528,O011039,2026-08-11,Wrong Size,Customer Preference,1063.22,Approved,Damaged
R001529,O011041,2025-12-26,Product Quality Issue,Product Issue,317.94,Approved,Opened
R001530,O011042,2026-07-16,Wrong Size,Customer Preference,2745.93,Rejected,Good
R001531,O011044,2025-12-29,Not as Expected,Customer Preference,1867.52,Approved,Good
R001532,O011047,2026-06-27,Wrong Product,Product Issue,458.59,Approved,Opened
R001533,O011052,2025-10-20,Changed Mind,Customer Preference,2501.53,Approved,Damaged
R001534,O011059,2026-07-13,Late Delivery,Customer Preference,3431.32,Approved,Opened
R001535,O011066,2025-09-12,Wrong Product,Product Issue,1077.45,Approved,Damaged
R001536,O011069,2026-05-01,Product Quality Issue,Product Issue,1145.51,Approved,Opened
R001537,O011077,2025-11-02,Wrong Product,Product Issue,859.47,Approved,Good
R001538,O011079,2026-03-21,Wrong Product,Product Issue,426.09,Rejected,Damaged
R001539,O011084,2026-03-11,Not as Expected,Customer Preference,358.01,Approved,Opened
R001540,O011088,2025-09-17,Wrong Product,Product Issue,2284.45,Approved,Opened
R001541,O011090,2025-11-24,Changed Mind,Customer Preference,1395.11,Approved,Good
R001542,O011107,2025-12-31,Wrong Size,Customer Preference,172.95,Approved,Damaged
R001543,O011116,2026-04-13,Late Delivery,Customer Preference,1526.6,Approved,Damaged
R001544,O011118,2026-02-15,Damaged Product,Product Issue,2438.57,Approved,Good
R001545,O011126,2026-03-06,Product Quality Issue,Product Issue,1814.16,Approved,Good
R001546,O011138,2026-04-05,Late Delivery,Customer Preference,1964.43,Approved,Opened
R001547,O011139,2026-05-09,Damaged Product,Product Issue,721.62,Approved,Good
R001548,O011147,2025-11-04,Wrong Product,Product Issue,1180.88,Approved,Opened
R001549,O011148,2025-11-03,Not as Expected,Customer Preference,639.45,Approved,Damaged
R001550,O011162,2026-06-17,Wrong Product,Product Issue,2012.58,Approved,Damaged
R001551,O011166,2025-11-18,Wrong Size,Customer Preference,1299.27,Approved,Good
R001552,O011168,2025-09-14,Not as Expected,Customer Preference,3700.32,Approved,Opened
R001553,O011175,2026-06-11,Not as Expected,Customer Preference,981.41,Approved,Opened
R001554,O011182,2026-07-07,Wrong Product,Product Issue,719.34,Approved,Opened
R001555,O011205,2026-07-08,Damaged Product,Product Issue,341.02,Approved,Opened
R001556,O011209,2026-04-07,Late Delivery,Customer Preference,1171.28,Approved,Opened
R001557,O011216,2026-05-26,Missing Accessories,Product Issue,1607.34,Approved,Opened
R001558,O011220,2025-09-22,Wrong Product,Product Issue,2151.13,Approved,Good
R001559,O011232,2025-10-09,Wrong Product,Product Issue,1697.73,Approved,Damaged
R001560,O011236,2026-02-10,Wrong Size,Customer Preference,608.57,Approved,Opened
R001561,O011265,2026-04-04,Wrong Size,Customer Preference,1138.82,Rejected,Opened
R001562,O011268,2025-11-20,Changed Mind,Customer Preference,1063.03,Approved,Damaged
R001563,O011277,2026-03-06,Wrong Size,Customer Preference,2101.84,Approved,Good
R001564,O011284,2026-03-21,Product Quality Issue,Product Issue,654.97,Approved,Good
R001565,O011285,2026-01-21,Wrong Size,Customer Preference,1166.76,Approved,Opened
R001566,O011300,2026-03-31,Not as Expected,Customer Preference,280.96,Approved,Damaged
R001567,O011303,2025-08-24,Not as Expected,Customer Preference,1490.63,Approved,Good
R001568,O011308,2026-05-05,Wrong Product,Product Issue,2161.09,Approved,Good
R001569,O011309,2026-07-06,Missing Accessories,Product Issue,1249.46,Approved,Good
R001570,O011311,2025-12-12,Not as Expected,Customer Preference,1160.61,Approved,Damaged
R001571,O011313,2026-07-01,Wrong Size,Customer Preference,658.77,Approved,Opened
R001572,O011321,2026-06-09,Wrong Product,Product Issue,1237.62,Approved,Damaged
R001573,O011333,2026-05-23,Late Delivery,Customer Preference,1780.09,Approved,Good
R001574,O011334,2026-03-21,Late Delivery,Customer Preference,744.64,Approved,Damaged
R001575,O011338,2026-05-04,Changed Mind,Customer Preference,848.3,Rejected,Damaged
R001576,O011340,2026-03-05,Late Delivery,Customer Preference,2525.04,Approved,Damaged
R001577,O011343,2026-01-06,Damaged Product,Product Issue,2641.59,Approved,Opened
R001578,O011346,2026-08-03,Missing Accessories,Product Issue,2346.09,Approved,Damaged
R001579,O011351,2026-04-01,Changed Mind,Customer Preference,1734.78,Approved,Damaged
R001580,O011364,2025-11-03,Late Delivery,Customer Preference,1364.56,Approved,Opened
R001581,O011367,2025-09-22,Not as Expected,Customer Preference,1445.94,Approved,Good
R001582,O011368,2025-09-06,Missing Accessories,Product Issue,4128.81,Approved,Opened
R001583,O011374,2026-05-13,Product Quality Issue,Product Issue,2755.73,Approved,Good
R001584,O011377,2026-06-06,Wrong Size,Customer Preference,1606.97,Approved,Good
R001585,O011382,2026-08-11,Wrong Size,Customer Preference,946.97,Rejected,Good
R001586,O011388,2026-04-01,Missing Accessories,Product Issue,397.88,Approved,Good
R001587,O011390,2026-04-03,Changed Mind,Customer Preference,2105.58,Approved,Opened
R001588,O011400,2026-07-25,Not as Expected,Customer Preference,481.31,Approved,Opened
R001589,O011401,2026-03-20,Product Quality Issue,Product Issue,2095.68,Approved,Opened
R001590,O011403,2026-01-20,Missing Accessories,Product Issue,1231.01,Approved,Opened
R001591,O011407,2025-10-07,Late Delivery,Customer Preference,596.75,Approved,Good
R001592,O011409,2025-09-16,Wrong Size,Customer Preference,713.56,Approved,Damaged
R001593,O011415,2026-05-18,Not as Expected,Customer Preference,6400.08,Approved,Damaged
R001594,O011445,2026-04-12,Wrong Product,Product Issue,109.13,Approved,Damaged
R001595,O011446,2025-09-01,Wrong Size,Customer Preference,856.82,Rejected,Good
R001596,O011447,2026-04-07,Product Quality Issue,Product Issue,954.25,Approved,Good
R001597,O011448,2026-07-25,Product Quality Issue,Product Issue,2653.29,Approved,Good
R001598,O011472,2025-11-03,Late Delivery,Customer Preference,421.06,Approved,Good
R001599,O011473,2026-06-19,Missing Accessories,Product Issue,3265.37,Approved,Good
R001600,O011475,2026-02-16,Missing Accessories ,Product Issue,669.24,Approved,Damaged
R001601,O011496,2025-10-02,Product Quality Issue,Product Issue,426.83,Approved,Damaged
R001602,O011506,2026-02-17,Late Delivery,Customer Preference,1532.85,Approved,Damaged
R001603,O011515,2025-12-29,Product Quality Issue,Product Issue,6760.88,Approved,Damaged
R001604,O011538,2025-09-06,Late Delivery,Customer Preference,3444.32,Approved,Good
R001605,O011542,2026-07-24,Product Quality Issue,Product Issue,693.97,Approved,Opened
R001606,O011545,2025-12-29,Damaged Product,Product Issue,1423.85,Approved,Opened
R001607,O011547,2026-06-06,Wrong Size,Customer Preference,2868.76,Approved,Good
R001608,O011554,2025-10-29,Changed Mind,Customer Preference,1516.46,Approved,Damaged
R001609,O011570,2025-12-10,Wrong Size,Customer Preference,1961.01,Approved,Good
R001610,O011578,2026-03-13,Not as Expected,Customer Preference,2759.16,Approved,Damaged
R001611,O011585,2025-12-28,Wrong Size,Customer Preference,2511.19,Approved,Good
R001612,O011586,2026-06-07,Wrong Size,Customer Preference,2262.26,Approved,Opened
R001613,O011587,2026-04-25,Missing Accessories,Product Issue,1677.7,Approved,Opened
R001614,O011598,2025-08-27,Wrong Size,Customer Preference,2417.52,Rejected,Damaged
R001615,O011619,2025-11-05,Wrong Product,Product Issue,689.12,Approved,Damaged
R001616,O011628,2025-10-06,Not as Expected,Customer Preference,356.8,Approved,Good
R001617,O011634,2026-01-05,Damaged Product,Product Issue,1668.09,Approved,Good
R001618,O011645,2026-02-12,Wrong Product,Product Issue,866.1,Rejected,Good
R001619,O011647,2025-11-19,Damaged Product,Product Issue,1349.18,Approved,Opened
R001620,O011648,2026-06-07,Product Quality Issue,Product Issue,5046.04,Rejected,Damaged
R001621,O011651,2026-01-04,Wrong Product,Product Issue,1810.82,Approved,Damaged
R001622,O011672,2026-05-04,Missing Accessories,Product Issue,2387.49,Approved,Damaged
R001623,O011674,2025-09-10,Changed Mind,Customer Preference,467.89,Approved,Opened
R001624,O011688,2026-01-07,Changed Mind,Customer Preference,1871.94,Approved,Good
R001625,O011691,2025-08-26,Wrong Product,Product Issue,1840.77,Approved,Damaged
R001626,O011699,2026-05-16,Late Delivery,Customer Preference,393.25,Approved,Good
R001627,O011703,2025-09-10,Wrong Size,Customer Preference,977.29,Approved,Good
R001628,O011713,2026-04-17,Not as Expected,Customer Preference,1653.76,Approved,Good
R001629,O011735,2026-06-26,Product Quality Issue,Product Issue,1255.98,Approved,Good
R001630,O011737,2025-09-06,Missing Accessories,Product Issue,441.19,Approved,Good
R001631,O011741,2026-06-01,Product Quality Issue,Product Issue,3119.31,Approved,Good
R001632,O011744,2026-06-09,Damaged Product,Product Issue,1627.68,Approved,Damaged
R001633,O011747,2025-12-19,Missing Accessories,Product Issue,1215.65,Approved,Opened
R001634,O011755,2025-09-30,Damaged Product,Product Issue,442.33,Approved,Opened
R001635,O011761,2026-07-03,Not as Expected,Customer Preference,1543.05,Rejected,Good
R001636,O011779,2026-07-20,Missing Accessories,Product Issue,2160.93,Approved,Good
R001637,O011780,2026-07-25,Damaged Product,Product Issue,1429.56,Approved,Opened
R001638,O011781,2026-06-29,Missing Accessories,Product Issue,1169.58,Approved,Damaged
R001639,O011803,2025-09-23,Product Quality Issue,Product Issue,1385.06,Approved,Opened
R001640,O011829,2026-03-15,Wrong Product,Product Issue,1790.74,Approved,Opened
R001641,O011844,2026-07-14,Late Delivery,Customer Preference,2221.52,Approved,Damaged
R001642,O011862,2025-09-27,Wrong Product,Product Issue,6603.96,Approved,Opened
R001643,O011863,2026-02-06,Wrong Product,Product Issue,2252.79,Approved,Opened
R001644,O011868,2026-03-29,Late Delivery,Customer Preference,1144.72,Approved,Good
R001645,O011874,2026-04-03,Changed Mind,Customer Preference,1639.42,Approved,Good
R001646,O011889,2025-12-27,Product Quality Issue,Product Issue,674.76,Approved,Opened
R001647,O011891,2025-10-09,Wrong Product,Product Issue,1664.27,Approved,Opened
R001648,O011905,2025-11-23,Late Delivery,Customer Preference,3526.17,Approved,Opened
R001649,O011914,2026-05-10,Late Delivery,Customer Preference,2801.82,Approved,Opened
R001650,O011915,2025-12-26,Product Quality Issue,Product Issue,2261.72,Approved,Opened
R001651,O011918,2026-07-31,Wrong Size,Customer Preference,3313.64,Approved,Damaged
R001652,O011926,2025-08-21,Missing Accessories,Product Issue,1927.98,Approved,Good
R001653,O011932,2026-02-08,Not as Expected,Customer Preference,1608.07,Approved,Opened
R001654,O011942,2026-07-17,Damaged Product,Product Issue,1146.25,Approved,Opened
R001655,O011951,2025-09-04,Changed Mind,Customer Preference,1138.21,Approved,Opened
R001656,O011954,2026-07-14,Wrong Product,Product Issue,1399.68,Approved,Good
R001657,O011955,2026-04-03,Not as Expected,Customer Preference,1692.88,Approved,Damaged
R001658,O011958,2025-10-01,Changed Mind,Customer Preference,412.35,Approved,Good
R001659,O011964,2025-12-25,Missing Accessories,Product Issue,1609.89,Approved,Opened
R001660,O011965,2026-02-17,Wrong Product,Product Issue,1625.5,Approved,Good
R001661,O011972,2025-09-08,Not as Expected,Customer Preference,253.63,Approved,Good
R001662,O011973,2026-06-29,Late Delivery,Customer Preference,302.64,Approved,Good
R001663,O011980,2026-07-10,Wrong Size,Customer Preference,404.14,Approved,Damaged
R001664,O011992,2026-02-17,Late Delivery,Customer Preference,1054.16,Approved,Good
R001665,O012011,2025-10-13,Wrong Product,Product Issue,1825.68,Approved,Damaged
R001666,O012033,2026-05-01,Not as Expected,Customer Preference,730.86,Approved,Good
R001667,O012038,2025-11-30,Changed Mind,Customer Preference,1617.74,Approved,Damaged
R001668,O012041,2026-06-19,Wrong Size,Customer Preference,4068.33,Approved,Damaged
R001669,O012042,2026-04-18,Wrong Size,Customer Preference,324.63,Approved,Opened
R001670,O012046,2025-12-03,Not as Expected,Customer Preference,1440.43,Approved,Good
R001671,O012053,2026-04-05,Changed Mind,Customer Preference,1219.75,Approved,Opened
R001672,O012075,2026-06-16,Changed Mind,Customer Preference,474.27,Approved,Opened
R001673,O012081,2026-07-01,Product Quality Issue,Product Issue,2727.54,Approved,Opened
R001674,O012082,2026-01-02,Wrong Product,Product Issue,1247.37,Approved,Good
R001675,O012090,2025-11-30,Wrong Size,Customer Preference,1880.62,Approved,Damaged
R001676,O012092,2026-05-02,Not as Expected,Customer Preference,9982.93,Approved,Damaged
R001677,O012093,2026-04-28,Not as Expected,Customer Preference,1188.92,Approved,Good
R001678,O012096,2026-04-06,Product Quality Issue,Product Issue,186.15,Approved,Damaged
R001679,O012106,2026-03-08,Wrong Product,Product Issue,585.32,Approved,Good
R001680,O012108,2026-04-18,Late Delivery,Customer Preference,2173.94,Approved,Opened
R001681,O012114,2026-02-24,Changed Mind,Customer Preference,1273.75,Approved,Opened
R001682,O012123,2025-09-25,Wrong Product,Product Issue,1790.84,Approved,Damaged
R001683,O012128,2025-12-07,Missing Accessories,Product Issue,1037.17,Approved,Opened
R001684,O012129,2025-09-24,Damaged Product,Product Issue,292.82,Approved,Opened
R001685,O012132,2026-06-09,Missing Accessories,Product Issue,825.13,Approved,Opened
R001686,O012139,2026-05-15,Changed Mind,Customer Preference,798.58,Rejected,Opened
R001687,O012150,2025-09-20,Wrong Size,Customer Preference,631.21,Approved,Good
R001688,O012151,2026-01-30,Damaged Product,Product Issue,1787.79,Approved,Damaged
R001689,O012162,2025-09-30,Missing Accessories,Product Issue,4647.75,Approved,Good
R001690,O012163,2026-07-31,Product Quality Issue,Product Issue,263.79,Rejected,Opened
R001691,O012171,2026-01-14,Wrong Size,Customer Preference,1334.63,Approved,Damaged
R001692,O012177,2026-01-28,Damaged Product,Product Issue,1801.73,Approved,Damaged
R001693,O012208,2025-10-10,Missing Accessories,Product Issue,270.02,Approved,Damaged
R001694,O012211,2026-04-09,Late Delivery,Customer Preference,890.24,Approved,Damaged
R001695,O012213,2025-09-20,Late Delivery,Customer Preference,872.37,Approved,Damaged
R001696,O012216,2025-12-15,Missing Accessories,Product Issue,644.56,Approved,Opened
R001697,O012220,2025-11-06,Product Quality Issue,Product Issue,974.12,Approved,Damaged
R001698,O012221,2026-07-24,Not as Expected,Customer Preference,987.78,Approved,Damaged
R001699,O012229,2025-09-21,Missing Accessories,Product Issue,612.45,Approved,Opened
R001700,O012234,2026-02-03,Wrong Size,Customer Preference,609.21,Approved,Opened
R001701,O012236,2026-04-12,Wrong Product,Product Issue,1083.41,Approved,Damaged
R001702,O012238,2025-10-23,Changed Mind,Customer Preference,4004.51,Approved,Damaged
R001703,O012241,2026-04-03,Changed Mind,Customer Preference,1126.78,Rejected,Damaged
R001704,O012263,2026-06-27,Product Quality Issue,Product Issue,2240.07,Approved,Opened
R001705,O012265,2026-08-13,Not as Expected,Customer Preference,225.4,Approved,Good
R001706,O012281,2026-01-24,Not as Expected,Customer Preference,2036.62,Approved,Opened
R001707,O012286,2025-08-31,Wrong Product,Product Issue,878.55,Approved,Opened
R001708,O012298,2026-01-22,Product Quality Issue,Product Issue,3419.02,Approved,Good
R001709,O012308,2026-06-18,Damaged Product,Product Issue,1020.38,Approved,Opened
R001710,O012310,2025-11-28,Product Quality Issue,Product Issue,4408.88,Approved,Good
R001711,O012312,2025-09-12,Missing Accessories,Product Issue,1556.21,Rejected,Good
R001712,O012318,2025-12-03,Wrong Size,Customer Preference,636.76,Rejected,Good
R001713,O012321,2025-11-30,Wrong Product,Product Issue,1160.14,Approved,Damaged
R001714,O012328,2026-01-04,Not as Expected,Customer Preference,938.01,Approved,Damaged
R001715,O012341,2026-07-01,Late Delivery,Customer Preference,417.11,Approved,Good
R001716,O012359,2026-02-21,Changed Mind,Customer Preference,1906.91,Approved,Opened
R001717,O012369,2026-02-15,Not as Expected,Customer Preference,959.06,Approved,Damaged
R001718,O012371,2026-08-14,Late Delivery,Customer Preference,518.04,Approved,Good
R001719,O012377,2026-05-16,Changed Mind,Customer Preference,484.49,Approved,Good
R001720,O012391,2026-06-05,Late Delivery,Customer Preference,1877.44,Rejected,Damaged
R001721,O012396,2026-07-15,Wrong Size,Customer Preference,1369.81,Approved,Good
R001722,O012402,2025-12-13,Wrong Size,Customer Preference,429.29,Approved,Damaged
R001723,O012403,2026-07-30,Wrong Product,Product Issue,1942.19,Rejected,Opened
R001724,O012406,2026-08-18,Wrong Size,Customer Preference,1143.15,Approved,Damaged
R001725,O012418,2025-12-06,Damaged Product,Product Issue,1428.58,Approved,Good
R001726,O012422,2025-09-15,Damaged Product,Product Issue,1436.02,Approved,Opened
R001727,O012430,2026-04-14,Wrong Product,Product Issue,1301.74,Approved,Good
R001728,O012437,2026-07-19,Damaged Product,Product Issue,363.39,Approved,Good
R001729,O012448,2026-01-05,Product Quality Issue,Product Issue,2623.55,Approved,Opened
R001730,O012458,2026-01-25,Product Quality Issue,Product Issue,934.28,Approved,Damaged
R001731,O012460,2025-10-01,Damaged Product,Product Issue,349.91,Approved,Damaged
R001732,O012489,2026-05-20,Not as Expected,Customer Preference,1617.11,Approved,Opened
R001733,O012494,2026-01-14,Late Delivery,Customer Preference,5070.45,Approved,Damaged
R001734,O012505,2025-09-22,Changed Mind,Customer Preference,1587.41,Approved,Opened
R001735,O012540,2026-05-22,Missing Accessories,Product Issue,1385.83,Approved,Opened
R001736,O012570,2025-09-06,Changed Mind,Customer Preference,326.05,Approved,Damaged
R001737,O012606,2026-05-23,Not as Expected,Customer Preference,1050.25,Approved,Good
R001738,O012615,2026-03-09,Wrong Product,Product Issue,3926.66,Approved,Opened
R001739,O012619,2026-05-03,Product Quality Issue,Product Issue,791.8,Approved,Good
R001740,O012633,2026-04-01,Product Quality Issue,Product Issue,391.99,Approved,Opened
R001741,O012634,2026-04-28,Wrong Size,Customer Preference,797.52,Approved,Good
R001742,O012642,2025-12-11,Wrong Product,Product Issue,537.98,Approved,Opened
R001743,O012648,2026-01-02,Missing Accessories,Product Issue,510.56,Approved,Damaged
R001744,O012658,2025-10-11,Wrong Product,Product Issue,2430.33,Approved,Opened
R001745,O012665,2025-12-28,Wrong Product,Product Issue,1775.32,Approved,Opened
R001746,O012675,2025-08-29,Product Quality Issue,Product Issue,1581.83,Approved,Damaged
R001747,O012678,2026-06-02,Missing Accessories,Product Issue,581.61,Approved,Good
R001748,O012681,2026-04-18,Changed Mind,Customer Preference,1381.2,Rejected,Good
R001749,O012684,2025-11-02,Product Quality Issue,Product Issue,413.62,Approved,Opened
R001750,O012686,2025-09-14,Not as Expected,Customer Preference,594.98,Approved,Good
R001751,O012699,2025-11-02,Missing Accessories,Product Issue,546.23,Approved,Opened
R001752,O012716,2026-04-24,Damaged Product,Product Issue,8059.53,Approved,Good
R001753,O012729,2025-08-20,Changed Mind,Customer Preference,1247.7,Approved,Opened
R001754,O012741,2026-03-23,Damaged Product,Product Issue,1314.65,Approved,Good
R001755,O012760,2025-11-26,Not as Expected,Customer Preference,161.27,Approved,Damaged
R001756,O012761,2026-08-02,Not as Expected,Customer Preference,858.26,Approved,Good
R001757,O012763,2026-05-05,Damaged Product,Product Issue,615.3,Approved,Opened
R001758,O012765,2025-10-29,Not as Expected,Customer Preference,1182.94,Approved,Opened
R001759,O012777,2025-11-12,Product Quality Issue,Product Issue,6539.4,Approved,Damaged
R001760,O012785,2025-10-16,Missing Accessories,Product Issue,4146.32,Approved,Opened
R001761,O012795,2025-12-07,Not as Expected,Customer Preference,476.12,Approved,Opened
R001762,O012806,2026-07-02,Changed Mind,Customer Preference,2075.02,Approved,Opened
R001763,O012810,2026-05-01,Wrong Size,Customer Preference,1933.0,Approved,Opened
R001764,O012811,2026-07-04,Late Delivery,Customer Preference,888.86,Approved,Damaged
R001765,O012814,2025-11-11,Product Quality Issue,Product Issue,822.49,Approved,Damaged
R001766,O012818,2026-08-09,Damaged Product,Product Issue,2015.08,Approved,Opened
R001767,O012847,2026-03-25,Damaged Product,Product Issue,1533.65,Approved,Good
R001768,O012849,2025-09-21,Wrong Product,Product Issue,563.83,Approved,Good
R001769,O012850,2026-05-07,Missing Accessories,Product Issue,352.17,Rejected,Opened
R001770,O012878,2026-01-08,Not as Expected,Customer Preference,1103.35,Approved,Damaged
R001771,O012883,2025-12-24,Wrong Size,Customer Preference,2443.87,Approved,Opened
R001772,O012885,2026-02-07,Product Quality Issue,Product Issue,2285.94,Approved,Damaged
R001773,O012889,2026-07-23,Changed Mind,Customer Preference,1615.23,Approved,Damaged
R001774,O012896,2026-07-06,Product Quality Issue,Product Issue,1994.82,Approved,Good
R001775,O012898,2026-08-21,Changed Mind,Customer Preference,1838.46,Approved,Opened
R001776,O012901,2026-04-27,Late Delivery,Customer Preference,2633.3,Approved,Damaged
R001777,O012902,2026-03-10,Damaged Product,Product Issue,320.82,Approved,Damaged
R001778,O012908,2026-06-04,Missing Accessories,Product Issue,3091.69,Approved,Good
R001779,O012929,2025-12-12,Late Delivery,Customer Preference,2234.15,Approved,Opened
R001780,O012935,2026-06-23,Damaged Product,Product Issue,1260.87,Approved,Good
R001781,O012944,2026-01-07,Late Delivery,Customer Preference,2097.7,Approved,Good
R001782,O012953,2025-11-17,Changed Mind,Customer Preference,2162.34,Approved,Opened
R001783,O012956,2026-02-17,Missing Accessories,Product Issue,246.83,Approved,Good
R001784,O012962,2026-07-06,Not as Expected,Customer Preference,1423.32,Approved,Opened
R001785,O012965,2025-09-30,Changed Mind,Customer Preference,2037.02,Approved,Good
R001786,O012973,2026-04-27,Wrong Size,Customer Preference,200.84,Approved,Opened
R001787,O012977,2025-11-12,Not as Expected,Customer Preference,890.51,Approved,Good
R001788,O012987,2026-03-24,Changed Mind,Customer Preference,1929.35,Approved,Damaged
R001789,O012995,2025-12-06,Damaged Product,Product Issue,700.52,Approved,Damaged
R001790,O012996,2026-03-03,Missing Accessories ,Product Issue,586.07,Approved,Good
R001791,O013010,2026-02-04,Late Delivery,Customer Preference,405.8,Approved,Good
R001792,O013019,2026-05-11,Changed Mind,Customer Preference,259.35,Approved,Good
R001793,O013020,2026-04-10,Product Quality Issue,Product Issue,988.85,Approved,Opened
R001794,O013037,2026-07-17,Damaged Product,Product Issue,858.19,Approved,Good
R001795,O013039,2025-11-12,Not as Expected,Customer Preference,4250.05,Approved,Opened
R001796,O013044,2026-08-16,Not as Expected,Customer Preference,875.93,Approved,Good
R001797,O013062,2026-07-22,Not as Expected,Customer Preference,551.51,Approved,Damaged
R001798,O013088,2026-06-09,Missing Accessories,Product Issue,919.84,Approved,Opened
R001799,O013092,2026-05-23,Changed Mind,Customer Preference,3552.94,Approved,Damaged
R001800,O013095,2026-07-29,Late Delivery,Customer Preference,1609.72,Approved,Damaged
R001801,O013101,2025-12-20,Product Quality Issue,Product Issue,4081.84,Approved,Damaged
R001802,O013109,2026-08-12,Wrong Product,Product Issue,553.1,Approved,Good
R001803,O013111,2026-07-16,Product Quality Issue,Product Issue,1492.38,Approved,Good
R001804,O013122,2026-02-13,Wrong Product ,Product Issue,1065.69,Approved,Damaged
R001805,O013127,2025-11-13,Missing Accessories,Product Issue,1486.12,Approved,Opened
R001806,O013132,2026-01-23,Damaged Product,Product Issue,1791.87,Approved,Opened
R001807,O013134,2026-05-19,Changed Mind,Customer Preference,430.77,Approved,Good
R001808,O013136,2025-12-07,Wrong Product,Product Issue,937.04,Rejected,Good
R001809,O013145,2026-02-14,Late Delivery,Customer Preference,3375.74,Approved,Damaged
R001810,O013147,2026-01-01,Product Quality Issue,Product Issue,533.04,Approved,Damaged
R001811,O013156,2026-01-01,Wrong Product,Product Issue,599.11,Approved,Good
R001812,O013178,2026-05-11,Damaged Product,Product Issue,2673.27,Approved,Opened
R001813,O013187,2026-05-02,Late Delivery,Customer Preference,1105.69,Approved,Damaged
R001814,O013188,2025-10-06,Late Delivery,Customer Preference,813.48,Approved,Damaged
R001815,O013192,2025-08-25,Missing Accessories,Product Issue,539.77,Approved,Damaged
R001816,O013201,2026-01-29,Wrong Size,Customer Preference,1365.59,Approved,Good
R001817,O013205,2026-04-04,Not as Expected,Customer Preference,4420.55,Approved,Opened
R001818,O013209,2026-02-25,Changed Mind,Customer Preference,444.84,Approved,Opened
R001819,O013223,2026-04-03,Product Quality Issue,Product Issue,1242.15,Approved,Opened
R001820,O013227,2025-09-20,Product Quality Issue,Product Issue,2755.4,Approved,Good
R001821,O013230,2025-11-08,Late Delivery,Customer Preference,2826.45,Approved,Damaged
R001822,O013235,2026-05-10,Missing Accessories,Product Issue,735.77,Approved,Good
R001823,O013246,2025-10-06,Wrong Size,Customer Preference,1353.53,Approved,Opened
R001824,O013249,2026-04-28,Wrong Size,Customer Preference,1500.25,Approved,Opened
R001825,O013262,2026-04-02,Damaged Product,Product Issue,1324.33,Approved,Good
R001826,O013266,2026-07-09,Damaged Product,Product Issue,1776.39,Approved,Good
R001827,O013269,2026-02-17,Product Quality Issue,Product Issue,432.87,Approved,Opened
R001828,O013274,2026-07-10,Wrong Size,Customer Preference,2495.24,Approved,Damaged
R001829,O013280,2026-06-15,Damaged Product,Product Issue,9141.5,Rejected,Opened
R001830,O013286,2026-08-09,Wrong Product,Product Issue,1134.59,Approved,Good
R001831,O013289,2026-08-02,Changed Mind,Customer Preference,4380.68,Approved,Opened
R001832,O013297,2026-03-01,Product Quality Issue,Product Issue,1657.47,Approved,Good
R001833,O013308,2025-10-12,Missing Accessories,Product Issue,2791.89,Approved,Opened
R001834,O013319,2025-09-01,Wrong Product,Product Issue,4270.74,Approved,Good
R001835,O013325,2026-01-24,Late Delivery,Customer Preference,1935.69,Approved,Good
R001836,O013329,2026-03-08,Wrong Product,Product Issue,1187.11,Approved,Opened
R001837,O013346,2025-11-16,Missing Accessories,Product Issue,1437.58,Approved,Opened
R001838,O013348,2026-08-11,Damaged Product,Product Issue,1949.42,Approved,Opened
R001839,O013351,2026-08-16,Late Delivery,Customer Preference,1260.98,Approved,Opened
R001840,O013352,2025-12-10,Wrong Size,Customer Preference,1810.59,Approved,Damaged
R001841,O013356,2026-05-14,Wrong Size,Customer Preference,463.72,Approved,Opened
R001842,O013357,2025-10-21,Product Quality Issue,Product Issue,1088.98,Rejected,Opened
R001843,O013360,2026-05-12,Missing Accessories,Product Issue,912.98,Approved,Good
R001844,O013367,2025-09-29,Changed Mind,Customer Preference,1313.58,Approved,Opened
R001845,O013369,2026-06-17,Wrong Product,Product Issue,249.26,Approved,Good
R001846,O013374,2026-06-13,Damaged Product,Product Issue,2787.75,Rejected,Good
R001847,O013387,2025-10-09,Not as Expected,Customer Preference,370.95,Approved,Good
R001848,O013393,2025-12-21,Late Delivery,Customer Preference,1582.15,Approved,Damaged
R001849,O013407,2025-09-21,Product Quality Issue,Product Issue,2219.59,Approved,Good
R001850,O013412,2025-11-19,Damaged Product,Product Issue,198.31,Approved,Good
R001851,O013427,2026-07-15,Wrong Product,Product Issue,138.14,Approved,Opened
R001852,O013428,2026-03-22,Missing Accessories,Product Issue,1304.66,Approved,Good
R001853,O013437,2026-02-12,Wrong Product,Product Issue,1657.54,Approved,Good
R001854,O013444,2025-10-26,Late Delivery,Customer Preference,1630.78,Rejected,Opened
R001855,O013450,2025-11-20,Changed Mind,Customer Preference,2004.59,Approved,Damaged
R001856,O013452,2025-12-29,Missing Accessories,Product Issue,1500.84,Approved,Damaged
R001857,O013454,2025-09-16,Wrong Size,Customer Preference,685.02,Approved,Damaged
R001858,O013455,2026-03-07,Wrong Size,Customer Preference,1713.82,Approved,Damaged
R001859,O013463,2025-10-05,Changed Mind,Customer Preference,2276.48,Rejected,Damaged
R001860,O013487,2025-12-04,Damaged Product,Product Issue,925.7,Approved,Good
R001861,O013489,2025-10-15,Wrong Product,Product Issue,1402.0,Approved,Damaged
R001862,O013497,2025-12-10,Late Delivery,Customer Preference,134.87,Approved,Damaged
R001863,O013500,2025-12-13,Missing Accessories,Product Issue,4293.45,Approved,Good
R001864,O013527,2026-03-21,Wrong Size,Customer Preference,1567.41,Approved,Opened
R001865,O013532,2025-10-15,Missing Accessories,Product Issue,1974.41,Rejected,Good
R001866,O013534,2026-08-12,Changed Mind,Customer Preference,2060.04,Approved,Opened
R001867,O013545,2026-03-14,Wrong Size,Customer Preference,4181.79,Rejected,Damaged
R001868,O013556,2026-02-10,Wrong Product,Product Issue,752.67,Approved,Damaged
R001869,O013565,2026-04-22,Product Quality Issue,Product Issue,1463.42,Approved,Good
R001870,O013566,2025-12-12,Changed Mind,Customer Preference,1408.59,Approved,Opened
R001871,O013574,2026-04-08,Missing Accessories,Product Issue,2221.77,Approved,Damaged
R001872,O013592,2026-05-11,Wrong Size,Customer Preference,3613.96,Approved,Damaged
R001873,O013609,2026-05-07,Not as Expected,Customer Preference,2474.87,Approved,Damaged
R001874,O013627,2026-05-21,Changed Mind,Customer Preference,2221.81,Approved,Good
R001875,O013630,2025-10-03,Product Quality Issue,Product Issue,1313.55,Approved,Opened
R001876,O013639,2026-06-11,Damaged Product,Product Issue,1637.42,Approved,Good
R001877,O013646,2026-03-22,Changed Mind,Customer Preference,573.85,Approved,Damaged
R001878,O013661,2025-09-21,Product Quality Issue,Product Issue,720.86,Approved,Damaged
R001879,O013669,2026-02-03,Missing Accessories,Product Issue,431.76,Approved,Opened
R001880,O013673,2025-09-20,Wrong Size,Customer Preference,3057.2,Approved,Damaged
R001881,O013675,2026-02-09,Changed Mind,Customer Preference,361.56,Approved,Damaged
R001882,O013678,2026-05-09,Late Delivery,Customer Preference,2272.66,Rejected,Good
R001883,O013683,2026-01-25,Wrong Size,Customer Preference,121.16,Approved,Good
R001884,O013692,2025-09-18,Product Quality Issue,Product Issue,2641.5,Approved,Opened
R001885,O013694,2026-03-15,Missing Accessories,Product Issue,603.84,Approved,Good
R001886,O013705,2026-07-15,Missing Accessories,Product Issue,1992.42,Approved,Good
R001887,O013720,2025-12-20,Late Delivery,Customer Preference,2261.27,Approved,Good
R001888,O013735,2026-01-05,Wrong Product,Product Issue,2625.54,Approved,Damaged
R001889,O013737,2026-02-19,Wrong Size,Customer Preference,233.18,Approved,Opened
R001890,O013739,2026-05-22,Damaged Product,Product Issue,1088.59,Approved,Good
R001891,O013753,2026-02-25,Product Quality Issue,Product Issue,582.47,Approved,Opened
R001892,O013758,2025-10-17,Damaged Product,Product Issue,733.82,Approved,Damaged
R001893,O013760,2026-04-28,Product Quality Issue,Product Issue,1753.27,Approved,Good
R001894,O013762,2026-02-16,Not as Expected,Customer Preference,913.86,Approved,Opened
R001895,O013765,2026-01-03,Product Quality Issue,Product Issue,1363.87,Approved,Good
R001896,O013766,2026-04-19,Late Delivery,Customer Preference,1297.88,Approved,Damaged
R001897,O013771,2026-03-09,Wrong Size,Customer Preference,1754.68,Approved,Opened
R001898,O013772,2026-04-09,Not as Expected,Customer Preference,1539.11,Approved,Good
R001899,O013775,2026-05-13,Missing Accessories,Product Issue,1335.77,Approved,Damaged
R001900,O013790,2026-02-24,Missing Accessories,Product Issue,2506.54,Approved,Damaged
R001901,O013792,2026-03-19,Product Quality Issue,Product Issue,377.56,Approved,Opened
R001902,O013793,2026-03-29,Changed Mind,Customer Preference,972.75,Approved,Damaged
R001903,O013796,2025-12-29,Changed Mind,Customer Preference,1215.3,Approved,Damaged
R001904,O013798,2026-08-01,Changed Mind,Customer Preference,2998.95,Approved,Damaged
R001905,O013800,2026-05-28,Wrong Product,Product Issue,1261.01,Approved,Damaged
R001906,O013804,2026-07-15,Not as Expected,Customer Preference,485.91,Approved,Good
R001907,O013807,2026-01-24,Product Quality Issue,Product Issue,1907.59,Approved,Damaged
R001908,O013809,2026-01-31,Not as Expected,Customer Preference,852.94,Approved,Opened
R001909,O013811,2026-01-22,Damaged Product,Product Issue,2626.21,Rejected,Damaged
R001910,O013814,2026-04-17,Wrong Size,Customer Preference,2513.68,Approved,Good
R001911,O013816,2026-04-19,Missing Accessories,Product Issue,1478.22,Approved,Damaged
R001912,O013821,2026-04-29,Not as Expected,Customer Preference,2077.75,Approved,Damaged
R001913,O013824,2026-07-10,Wrong Product,Product Issue,1636.08,Approved,Good
R001914,O013827,2025-11-09,Wrong Size,Customer Preference,194.62,Approved,Opened
R001915,O013830,2026-05-31,Not as Expected,Customer Preference,9889.02,Rejected,Damaged
R001916,O013835,2025-12-31,Wrong Size,Customer Preference,1097.99,Approved,Opened
R001917,O013847,2025-10-01,Wrong Product,Product Issue,1726.81,Approved,Good
R001918,O013868,2025-08-23,Damaged Product,Product Issue,1518.19,Approved,Good
R001919,O013872,2025-11-27,Late Delivery,Customer Preference,1560.02,Approved,Opened
R001920,O013876,2026-07-11,Missing Accessories,Product Issue,2024.52,Approved,Good
R001921,O013882,2025-12-05,Not as Expected,Customer Preference,2057.63,Approved,Opened
R001922,O013886,2026-05-31,Missing Accessories,Product Issue,3386.29,Approved,Opened
R001923,O013888,2026-05-21,Not as Expected,Customer Preference,1673.4,Approved,Opened
R001924,O013900,2025-11-08,Changed Mind,Customer Preference,473.59,Approved,Good
R001925,O013908,2025-12-06,Not as Expected,Customer Preference,868.41,Approved,Good
R001926,O013929,2026-07-04,Missing Accessories,Product Issue,1352.16,Approved,Opened
R001927,O013935,2026-05-03,Wrong Product,Product Issue,2238.79,Approved,Good
R001928,O013937,2026-05-13,Missing Accessories,Product Issue,1901.1,Approved,Damaged
R001929,O013951,2026-08-24,Late Delivery,Customer Preference,1582.7,Approved,Damaged
R001930,O013970,2025-12-30,Wrong Size,Customer Preference,1437.95,Approved,Opened
R001931,O013973,2026-01-12,Changed Mind,Customer Preference,1359.87,Approved,Good
R001932,O013980,2026-02-02,Missing Accessories,Product Issue,336.35,Approved,Good
R001933,O013983,2026-02-14,Wrong Product,Product Issue,1099.97,Approved,Damaged
R001934,O013985,2025-10-10,Damaged Product,Product Issue,2002.72,Approved,Opened
R001935,O013992,2025-12-17,Wrong Product,Product Issue,248.67,Approved,Good
R001936,O013993,2025-11-01,Missing Accessories,Product Issue,1494.92,Approved,Opened
R001937,O013994,2026-05-26,Wrong Product,Product Issue,978.28,Rejected,Good
R001938,O014000,2025-12-02,Changed Mind,Customer Preference,768.57,Approved,Good
R001939,O014003,2026-08-08,Changed Mind,Customer Preference,3957.4,Approved,Good
R001940,O014034,2026-07-21,Wrong Size,Customer Preference,6498.78,Approved,Opened
R001941,O014040,2026-02-19,Wrong Product,Product Issue,2239.3,Approved,Opened
R001942,O014048,2026-06-27,Late Delivery,Customer Preference,1196.59,Approved,Good
R001943,O014054,2025-12-22,Wrong Size,Customer Preference,1076.46,Approved,Good
R001944,O014056,2026-01-01,Changed Mind,Customer Preference,1420.76,Approved,Good
R001945,O014066,2026-03-24,Damaged Product,Product Issue,506.75,Approved,Opened
R001946,O014079,2026-07-03,Late Delivery,Customer Preference,1146.94,Approved,Opened
R001947,O014083,2026-03-26,Wrong Size,Customer Preference,1451.28,Approved,Good
R001948,O014104,2025-11-05,Missing Accessories,Product Issue,505.31,Approved,Opened
R001949,O014106,2026-04-07,Changed Mind,Customer Preference,542.92,Approved,Opened
R001950,O014145,2026-06-15,Damaged Product,Product Issue,2496.34,Approved,Damaged
R001951,O014157,2026-07-24,Not as Expected,Customer Preference,253.04,Approved,Damaged
R001952,O014174,2026-01-22,Wrong Product,Product Issue,1417.42,Approved,Opened
R001953,O014188,2025-11-25,Damaged Product,Product Issue,3485.37,Approved,Good
R001954,O014189,2026-02-09,Late Delivery,Customer Preference,1059.34,Approved,Good
R001955,O014195,2025-08-31,Changed Mind,Customer Preference,952.34,Approved,Good
R001956,O014200,2026-06-26,Not as Expected,Customer Preference,1321.63,Approved,Damaged
R001957,O014208,2026-07-16,Changed Mind,Customer Preference,414.4,Approved,Good
R001958,O014222,2026-04-14,Product Quality Issue,Product Issue,246.64,Approved,Damaged
R001959,O014226,2026-08-16,Product Quality Issue,Product Issue,1727.14,Rejected,Good
R001960,O014229,2025-10-09,Late Delivery,Customer Preference,354.52,Approved,Opened
R001961,O014237,2026-05-13,Wrong Size,Customer Preference,1221.22,Approved,Damaged
R001962,O014242,2025-09-11,Damaged Product,Product Issue,241.87,Approved,Damaged
R001963,O014244,2026-05-15,Late Delivery,Customer Preference,1871.7,Approved,Good
R001964,O014255,2025-09-18,Not as Expected,Customer Preference,3715.03,Approved,Opened
R001965,O014265,2026-01-10,Damaged Product,Product Issue,4522.72,Approved,Good
R001966,O014276,2026-04-15,Wrong Size,Customer Preference,1187.48,Approved,Good
R001967,O014277,2026-02-05,Missing Accessories,Product Issue,3644.44,Approved,Good
R001968,O014286,2026-02-14,Wrong Size,Customer Preference,6055.48,Approved,Good
R001969,O014297,2025-11-29,Not as Expected,Customer Preference,2280.78,Approved,Opened
R001970,O014299,2025-12-19,Not as Expected,Customer Preference,2602.58,Approved,Damaged
R001971,O014321,2026-04-18,Changed Mind,Customer Preference,1060.11,Approved,Opened
R001972,O014327,2025-12-02,Product Quality Issue,Product Issue,2051.56,Approved,Good
R001973,O014334,2026-07-01,Damaged Product,Product Issue,2607.14,Approved,Good
R001974,O014337,2026-03-29,Wrong Size,Customer Preference,563.75,Approved,Opened
R001975,O014344,2026-06-14,Late Delivery,Customer Preference,1005.33,Approved,Damaged
R001976,O014347,2026-07-21,Damaged Product,Product Issue,1756.0,Approved,Opened
R001977,O014355,2025-09-27,Missing Accessories,Product Issue,4429.13,Approved,Opened
R001978,O014365,2026-02-19,Damaged Product,Product Issue,1041.53,Approved,Good
R001979,O014366,2025-08-26,Damaged Product,Product Issue,1799.78,Approved,Opened
R001980,O014385,2025-09-15,Changed Mind,Customer Preference,555.47,Approved,Good
R001981,O014390,2025-10-13,Missing Accessories,Product Issue,199.82,Approved,Opened
R001982,O014395,2026-08-20,Wrong Product,Product Issue,1432.84,Approved,Opened
R001983,O014404,2026-01-14,Wrong Product,Product Issue,2502.81,Approved,Opened
R001984,O014406,2025-09-18,Not as Expected,Customer Preference,968.48,Approved,Good
R001985,O014408,2025-12-30,Changed Mind,Customer Preference,3999.46,Approved,Damaged
R001986,O014413,2025-11-17,Changed Mind,Customer Preference,1020.02,Approved,Damaged
R001987,O014429,2025-11-16,Wrong Product,Product Issue,2091.02,Approved,Good
R001988,O014430,2026-02-16,Damaged Product,Product Issue,496.15,Approved,Good
R001989,O014432,2026-01-20,Wrong Product,Product Issue,620.46,Approved,Good
R001990,O014433,2025-08-31,Damaged Product,Product Issue,1152.95,Approved,Damaged
R001991,O014435,2026-03-15,Damaged Product,Product Issue,1587.77,Approved,Good
R001992,O014444,2026-05-04,Not as Expected,Customer Preference,2691.89,Approved,Opened
R001993,O014450,2025-11-19,Changed Mind,Customer Preference,1580.53,Approved,Opened
R001994,O014452,2026-01-15,Product Quality Issue,Product Issue,4248.18,Approved,Good
R001995,O014479,2026-06-01,Not as Expected,Customer Preference,1479.72,Approved,Opened
R001996,O014496,2025-11-01,Late Delivery,Customer Preference,3472.88,Rejected,Damaged
R001997,O014501,2026-03-07,Damaged Product,Product Issue,2352.28,Approved,Damaged
R001998,O014503,2025-12-26,Wrong Size,Customer Preference,1991.44,Approved,Good
R001999,O014512,2026-03-13,Late Delivery,Customer Preference,1941.32,Approved,Good
R002000,O014517,2026-01-30,Wrong Product,Product Issue,1419.55,Approved,Good
R002001,O014533,2025-08-25,Wrong Product,Product Issue,1292.35,Approved,Good
R002002,O014552,2025-12-28,Late Delivery,Customer Preference,310.49,Approved,Good
R002003,O014570,2026-01-23,Wrong Product,Product Issue,1754.32,Approved,Opened
R002004,O014575,2025-12-24,Damaged Product,Product Issue,1167.14,Approved,Damaged
R002005,O014580,2026-05-21,Product Quality Issue,Product Issue,1297.31,Approved,Good
R002006,O014587,2025-10-10,Wrong Size,Customer Preference,1195.87,Approved,Good
R002007,O014599,2025-09-14,Damaged Product,Product Issue,3266.7,Approved,Good
R002008,O014611,2025-10-05,Late Delivery,Customer Preference,1440.46,Approved,Opened
R002009,O014614,2025-10-28,Product Quality Issue,Product Issue,1225.5,Approved,Good
R002010,O014615,2025-11-10,Late Delivery,Customer Preference,1177.43,Approved,Damaged
R002011,O014619,2026-02-12,Changed Mind,Customer Preference,195.39,Approved,Opened
R002012,O014626,2026-06-21,Changed Mind,Customer Preference,532.42,Approved,Good
R002013,O014627,2026-04-26,Wrong Size,Customer Preference,750.67,Approved,Good
R002014,O014629,2025-09-07,Product Quality Issue,Product Issue,1497.82,Approved,Good
R002015,O014635,2026-04-13,Wrong Product,Product Issue,472.85,Approved,Opened
R002016,O014641,2026-04-20,Not as Expected,Customer Preference,1234.58,Approved,Opened
R002017,O014645,2026-03-27,Product Quality Issue,Product Issue,403.12,Approved,Opened
R002018,O014669,2026-04-11,Wrong Product,Product Issue,814.15,Approved,Good
R002019,O014683,2025-08-28,Wrong Size,Customer Preference,549.62,Approved,Damaged
R002020,O014691,2026-07-22,Wrong Product,Product Issue,2033.34,Rejected,Damaged
R002021,O014701,2026-02-07,Wrong Size,Customer Preference,1248.51,Approved,Damaged
R002022,O014704,2026-01-10,Late Delivery,Customer Preference,7194.42,Approved,Damaged
R002023,O014709,2025-10-19,Wrong Product,Product Issue,438.15,Approved,Damaged
R002024,O014723,2026-05-07,Late Delivery,Customer Preference,2165.4,Approved,Good
R002025,O014726,2026-04-18,Late Delivery,Customer Preference,3071.81,Approved,Opened
R002026,O014729,2026-04-21,Not as Expected,Customer Preference,692.4,Approved,Damaged
R002027,O014730,2025-12-01,Wrong Product,Product Issue,1299.05,Approved,Opened
R002028,O014743,2026-07-07,Product Quality Issue,Product Issue,1080.24,Approved,Damaged
R002029,O014745,2026-01-12,Missing Accessories,Product Issue,550.67,Approved,Opened
R002030,O014758,2026-01-02,Late Delivery,Customer Preference,2290.31,Approved,Good
R002031,O014763,2026-02-15,Product Quality Issue,Product Issue,2150.12,Approved,Opened
R002032,O014773,2026-07-14,Changed Mind,Customer Preference,1431.81,Rejected,Opened
R002033,O014796,2025-09-15,Not as Expected,Customer Preference,1566.38,Approved,Damaged
R002034,O014800,2025-09-09,Changed Mind,Customer Preference,1929.28,Approved,Opened
R002035,O014808,2025-09-02,Missing Accessories,Product Issue,2224.78,Approved,Damaged
R002036,O014812,2026-07-27,Not as Expected,Customer Preference,265.56,Approved,Good
R002037,O014817,2025-09-02,Not as Expected,Customer Preference,2019.76,Approved,Good
R002038,O014827,2026-05-01,Late Delivery,Customer Preference,1081.18,Rejected,Damaged
R002039,O014830,2026-03-04,Wrong Size,Customer Preference,769.07,Approved,Opened
R002040,O014843,2026-01-29,Wrong Size,Customer Preference,9312.07,Approved,Opened
R002041,O014858,2026-08-01,Wrong Product,Product Issue,346.9,Approved,Good
R002042,O014859,2025-09-02,Product Quality Issue,Product Issue,2280.6,Approved,Opened
R002043,O014860,2026-06-14,Wrong Size,Customer Preference,1733.21,Approved,Opened
R002044,O014863,2026-04-28,Product Quality Issue,Product Issue,3489.06,Approved,Opened
R002045,O014866,2026-02-09,Wrong Product,Product Issue,618.65,Approved,Opened
R002046,O014868,2025-09-29,Damaged Product,Product Issue,765.92,Approved,Good
R002047,O014872,2026-02-21,Not as Expected,Customer Preference,1776.02,Approved,Opened
R002048,O014878,2026-03-19,Wrong Size,Customer Preference,869.47,Approved,Opened
R002049,O014886,2025-11-16,Damaged Product,Product Issue,1399.06,Approved,Damaged
R002050,O014890,2026-01-28,Changed Mind,Customer Preference,847.54,Rejected,Damaged
R002051,O014892,2026-07-03,Wrong Product,Product Issue,891.32,Approved,Damaged
R002052,O014899,2026-08-15,Late Delivery,Customer Preference,500.31,Approved,Opened
R002053,O014902,2026-04-30,Wrong Product,Product Issue,2323.91,Approved,Opened
R002054,O014907,2026-03-07,Missing Accessories,Product Issue,2962.69,Approved,Damaged
R002055,O014912,2025-12-03,Product Quality Issue,Product Issue,3478.33,Approved,Damaged
R002056,O014921,2026-05-24,Product Quality Issue,Product Issue,1397.84,Approved,Damaged
R002057,O014922,2026-02-22,Wrong Product,Product Issue,2258.69,Approved,Damaged
R002058,O014931,2026-02-03,Wrong Size,Customer Preference,589.4,Approved,Damaged
R002059,O014952,2026-06-11,Not as Expected,Customer Preference,2650.54,Rejected,Good
R002060,O014954,2026-02-14,Changed Mind,Customer Preference,556.46,Approved,Good
R002061,O014962,2025-09-15,Changed Mind,Customer Preference,2028.64,Approved,Damaged
R002062,O014966,2026-05-08,Changed Mind,Customer Preference,1680.26,Approved,Damaged
R002063,O014967,2026-04-06,Late Delivery,Customer Preference,976.05,Approved,Damaged
R002064,O014969,2026-04-05,Late Delivery,Customer Preference,214.28,Approved,Opened
R002065,O014971,2025-10-28,Wrong Product,Product Issue,1233.32,Approved,Opened
R002066,O014978,2026-08-06,Wrong Product,Product Issue,1838.7,Approved,Damaged
R002067,O014994,2026-08-15,Changed Mind,Customer Preference,977.41,Approved,Good
R002068,O014996,2025-12-02,Wrong Size,Customer Preference,1645.26,Rejected,Opened
R002069,O015014,2026-05-25,Product Quality Issue,Product Issue,1223.8,Approved,Opened
R002070,O015021,2025-10-29,Wrong Product,Product Issue,493.01,Approved,Damaged
R002071,O015027,2026-05-09,Product Quality Issue,Product Issue,3661.87,Approved,Damaged
R002072,O015028,2025-08-26,Late Delivery,Customer Preference,1168.88,Approved,Damaged
R002073,O015036,2026-08-14,Missing Accessories,Product Issue,1298.69,Approved,Good
R002074,O015049,2026-03-09,Not as Expected,Customer Preference,425.42,Approved,Good
R002075,O015061,2025-12-29,Late Delivery,Customer Preference,1185.81,Approved,Damaged
R002076,O015062,2025-09-04,Product Quality Issue,Product Issue,1097.96,Approved,Good
R002077,O015070,2026-01-05,Wrong Size,Customer Preference,753.29,Approved,Opened
R002078,O015071,2025-11-19,Wrong Size,Customer Preference,1582.58,Approved,Damaged
R002079,O015072,2026-05-01,Not as Expected,Customer Preference,955.26,Approved,Good
R002080,O015075,2025-08-29,Not as Expected,Customer Preference,3905.41,Rejected,Damaged
R002081,O015083,2025-10-31,Wrong Size,Customer Preference,2077.86,Approved,Damaged
R002082,O015084,2026-08-06,Changed Mind,Customer Preference,3016.74,Rejected,Good
R002083,O015088,2026-08-05,Missing Accessories,Product Issue,309.5,Approved,Damaged
R002084,O015089,2025-09-09,Changed Mind,Customer Preference,1005.9,Approved,Opened
R002085,O015101,2026-03-19,Missing Accessories,Product Issue,703.33,Approved,Opened
R002086,O015109,2026-07-18,Not as Expected,Customer Preference,2005.27,Approved,Good
R002087,O015117,2026-06-12,Wrong Product,Product Issue,791.95,Approved,Good
R002088,O015123,2026-02-27,Wrong Product,Product Issue,3454.29,Approved,Damaged
R002089,O015129,2026-07-12,Wrong Size,Customer Preference,1157.99,Approved,Opened
R002090,O015146,2025-11-12,Damaged Product,Product Issue,300.48,Approved,Damaged
R002091,O015153,2025-12-10,Not as Expected,Customer Preference,871.04,Approved,Good
R002092,O015156,2026-07-23,Damaged Product,Product Issue,7294.62,Approved,Damaged
R002093,O015161,2026-02-22,Missing Accessories,Product Issue,3513.16,Approved,Opened
R002094,O015168,2025-09-22,Changed Mind,Customer Preference,1326.14,Approved,Good
R002095,O015178,2026-03-02,Product Quality Issue,Product Issue,1413.15,Approved,Opened
R002096,O015182,2026-01-10,Not as Expected,Customer Preference,277.18,Approved,Good
R002097,O015206,2026-04-19,Late Delivery,Customer Preference,2087.55,Approved,Good
R002098,O015212,2025-12-06,Damaged Product,Product Issue,1037.46,Approved,Damaged
R002099,O015221,2026-06-30,Wrong Size,Customer Preference,938.04,Approved,Opened
R002100,O015226,2026-02-09,Wrong Product,Product Issue,2012.33,Approved,Opened
R002101,O015232,2026-04-25,Changed Mind,Customer Preference,1655.71,Approved,Damaged
R002102,O015233,2025-12-24,Wrong Size,Customer Preference,3431.26,Approved,Good
R002103,O015236,2025-10-19,Missing Accessories,Product Issue,2622.34,Approved,Opened
R002104,O015269,2025-12-28,Damaged Product,Product Issue,1442.97,Approved,Damaged
R002105,O015283,2026-01-31,Late Delivery,Customer Preference,1728.15,Approved,Damaged
R002106,O015286,2026-05-24,Wrong Product,Product Issue,3873.62,Approved,Opened
R002107,O015295,2026-04-18,Wrong Product,Product Issue,1710.04,Approved,Opened
R002108,O015296,2026-08-06,Product Quality Issue,Product Issue,1383.89,Approved,Opened
R002109,O015310,2026-03-06,Product Quality Issue,Product Issue,1761.56,Approved,Damaged
R002110,O015313,2026-07-22,Product Quality Issue,Product Issue,466.12,Approved,Opened
R002111,O015315,2026-01-27,Damaged Product,Product Issue,885.4,Approved,Good
R002112,O015317,2026-04-13,Not as Expected,Customer Preference,1583.19,Approved,Damaged
R002113,O015320,2026-04-07,Damaged Product,Product Issue,3310.55,Approved,Good
R002114,O015343,2026-01-30,Wrong Product,Product Issue,2054.86,Approved,Opened
R002115,O015345,2026-04-02,Not as Expected,Customer Preference,3791.15,Approved,Good
R002116,O015348,2026-03-27,Missing Accessories,Product Issue,3669.42,Approved,Good
R002117,O015373,2026-06-11,Not as Expected,Customer Preference,914.35,Approved,Opened
R002118,O015391,2026-04-22,Wrong Size,Customer Preference,971.02,Approved,Damaged
R002119,O015409,2025-09-28,Damaged Product,Product Issue,1354.67,Rejected,Good
R002120,O015418,2025-09-17,Wrong Size,Customer Preference,3948.52,Approved,Opened
R002121,O015423,2026-05-30,Wrong Product,Product Issue,2216.22,Approved,Opened
R002122,O015448,2026-02-12,Not as Expected,Customer Preference,1467.64,Approved,Opened
R002123,O015473,2026-06-23,Not as Expected,Customer Preference,3249.43,Rejected,Damaged
R002124,O015481,2026-01-20,Damaged Product,Product Issue,2222.56,Approved,Opened
R002125,O015496,2026-01-01,Wrong Size,Customer Preference,1245.94,Approved,Good
R002126,O015502,2026-03-05,Missing Accessories,Product Issue,2959.22,Approved,Good
R002127,O015503,2025-10-22,Not as Expected,Customer Preference,323.52,Approved,Good
R002128,O015518,2026-03-05,Wrong Size,Customer Preference,541.4,Rejected,Damaged
R002129,O015522,2026-05-22,Wrong Size,Customer Preference,190.44,Approved,Opened
R002130,O015526,2026-07-04,Missing Accessories,Product Issue,867.75,Approved,Good
R002131,O015544,2026-02-24,Changed Mind,Customer Preference,240.49,Rejected,Damaged
R002132,O015551,2026-02-08,Product Quality Issue,Product Issue,1178.45,Approved,Opened
R002133,O015561,2025-08-26,Changed Mind,Customer Preference,2253.52,Approved,Good
R002134,O015574,2026-02-01,Missing Accessories,Product Issue,471.68,Rejected,Good
R002135,O015579,2026-08-21,Wrong Product,Product Issue,1585.38,Approved,Damaged
R002136,O015583,2025-09-16,Missing Accessories,Product Issue,1049.09,Approved,Damaged
R002137,O015588,2025-10-06,Product Quality Issue,Product Issue,1850.78,Approved,Damaged
R002138,O015589,2025-11-18,Product Quality Issue,Product Issue,2107.44,Approved,Opened
R002139,O015604,2026-08-22,Changed Mind,Customer Preference,722.94,Approved,Opened
R002140,O015628,2026-01-04,Missing Accessories,Product Issue,2503.63,Approved,Damaged
R002141,O015629,2025-12-28,Missing Accessories,Product Issue,256.15,Rejected,Opened
R002142,O015641,2026-08-13,Wrong Size,Customer Preference,764.24,Approved,Opened
R002143,O015651,2025-09-27,Late Delivery,Customer Preference,1410.45,Approved,Opened
R002144,O015654,2026-03-05,Wrong Size,Customer Preference,265.16,Approved,Damaged
R002145,O015657,2026-06-25,Missing Accessories,Product Issue,2077.54,Rejected,Damaged
R002146,O015658,2026-08-03,Not as Expected,Customer Preference,322.86,Approved,Damaged
R002147,O015668,2025-08-31,Wrong Size,Customer Preference,949.78,Approved,Opened
R002148,O015681,2026-08-19,Wrong Size,Customer Preference,1692.76,Approved,Good
R002149,O015698,2026-06-19,Wrong Size,Customer Preference,1923.5,Approved,Opened
R002150,O015705,2026-08-04,Not as Expected,Customer Preference,285.9,Rejected,Damaged
R002151,O015710,2026-06-03,Wrong Product,Product Issue,3467.57,Approved,Damaged
R002152,O015716,2025-10-03,Late Delivery,Customer Preference,1379.18,Approved,Damaged
R002153,O015725,2025-08-26,Wrong Product,Product Issue,2002.23,Approved,Damaged
R002154,O015741,2026-08-19,Late Delivery,Customer Preference,1306.35,Approved,Good
R002155,O015747,2026-01-16,Product Quality Issue,Product Issue,1778.81,Approved,Opened
R002156,O015759,2025-10-14,Late Delivery,Customer Preference,1962.8,Approved,Opened
R002157,O015779,2026-03-05,Wrong Size,Customer Preference,1352.7,Approved,Damaged
R002158,O015781,2025-12-29,Not as Expected,Customer Preference,1188.73,Approved,Damaged
R002159,O015782,2026-02-10,Changed Mind,Customer Preference,2655.4,Approved,Good
R002160,O015791,2026-01-19,Not as Expected,Customer Preference,2279.49,Approved,Opened
R002161,O015799,2026-06-06,Changed Mind,Customer Preference,652.92,Approved,Opened
R002162,O015802,2026-04-09,Not as Expected,Customer Preference,842.61,Approved,Damaged
R002163,O015810,2026-02-28,Late Delivery,Customer Preference,3493.27,Approved,Opened
R002164,O015815,2026-08-09,Late Delivery,Customer Preference,1236.43,Approved,Good
R002165,O015818,2025-11-03,Wrong Size,Customer Preference,954.24,Approved,Damaged
R002166,O015822,2025-11-13,Wrong Product,Product Issue,1757.08,Approved,Damaged
R002167,O015840,2026-07-08,Wrong Product,Product Issue,2215.1,Approved,Damaged
R002168,O015852,2025-08-27,Product Quality Issue,Product Issue,153.31,Approved,Opened
R002169,O015857,2026-03-02,Changed Mind,Customer Preference,2038.51,Approved,Damaged
R002170,O015862,2026-04-12,Wrong Size,Customer Preference,4820.3,Approved,Good
R002171,O015864,2025-11-01,Changed Mind,Customer Preference,683.4,Approved,Damaged
R002172,O015884,2025-09-08,Not as Expected,Customer Preference,2726.31,Approved,Opened
R002173,O015890,2026-04-05,Wrong Size,Customer Preference,850.05,Rejected,Good
R002174,O015896,2026-06-02,Not as Expected,Customer Preference,1318.62,Approved,Good
R002175,O015900,2025-12-03,Wrong Size,Customer Preference,3715.61,Approved,Damaged
R002176,O015907,2025-12-05,Not as Expected,Customer Preference,1404.52,Approved,Opened
R002177,O015921,2025-08-26,Wrong Size,Customer Preference,1628.84,Approved,Damaged
R002178,O015931,2025-12-10,Product Quality Issue,Product Issue,695.23,Approved,Good
R002179,O015936,2026-03-09,Not as Expected,Customer Preference,917.68,Approved,Opened
R002180,O015938,2025-09-21,Damaged Product,Product Issue,818.5,Approved,Opened
R002181,O015940,2026-05-13,Wrong Size,Customer Preference,1726.81,Approved,Good
R002182,O015958,2025-10-08,Late Delivery,Customer Preference,638.97,Approved,Opened
R002183,O015959,2026-07-05,Late Delivery,Customer Preference,1868.56,Approved,Opened
R002184,O015969,2025-11-08,Wrong Product,Product Issue,1537.06,Approved,Good
R002185,O015974,2026-05-01,Not as Expected,Customer Preference,3387.65,Approved,Damaged
R002186,O015977,2026-05-22,Late Delivery,Customer Preference,1707.44,Approved,Opened
R002187,O015979,2025-09-05,Product Quality Issue,Product Issue,607.03,Approved,Damaged
R002188,O015984,2025-08-23,Wrong Size,Customer Preference,710.88,Approved,Good
R002189,O015995,2025-11-02,Wrong Size,Customer Preference,1244.0,Approved,Damaged
R002190,O015998,2026-04-01,Late Delivery,Customer Preference,1055.02,Approved,Opened
R002191,O016001,2026-03-30,Product Quality Issue,Product Issue,941.88,Approved,Good
R002192,O016009,2026-04-27,Not as Expected,Customer Preference,723.89,Rejected,Damaged
R002193,O016012,2025-11-24,Wrong Size,Customer Preference,668.17,Approved,Good
R002194,O016014,2025-10-28,Product Quality Issue,Product Issue,1165.32,Approved,Opened
R002195,O016022,2025-12-10,Changed Mind,Customer Preference,1015.27,Approved,Good
R002196,O016024,2025-09-01,Wrong Size,Customer Preference,561.47,Approved,Opened
R002197,O016027,2026-07-27,Wrong Size,Customer Preference,433.11,Rejected,Damaged
R002198,O016038,2025-09-28,Wrong Size,Customer Preference,881.63,Approved,Damaged
R002199,O016039,2026-03-10,Changed Mind,Customer Preference,283.94,Approved,Damaged
R002200,O016048,2026-05-19,Wrong Size,Customer Preference,1338.06,Approved,Good
R002201,O016052,2026-03-17,Missing Accessories,Product Issue,2288.19,Approved,Good
R002202,O016063,2026-02-14,Wrong Size,Customer Preference,7937.67,Approved,Good
R002203,O016066,2026-08-04,Product Quality Issue,Product Issue,1574.81,Approved,Good
R002204,O016080,2025-11-30,Product Quality Issue,Product Issue,5762.61,Approved,Good
R002205,O016081,2026-04-19,Late Delivery,Customer Preference,1774.47,Approved,Opened
R002206,O016085,2026-01-11,Product Quality Issue,Product Issue,733.55,Approved,Damaged
R002207,O016087,2025-12-15,Changed Mind,Customer Preference,668.45,Approved,Good
R002208,O016095,2026-06-17,Changed Mind,Customer Preference,860.41,Rejected,Opened
R002209,O016105,2025-08-24,Missing Accessories,Product Issue,14643.01,Approved,Damaged
R002210,O016107,2026-03-24,Product Quality Issue,Product Issue,1937.48,Approved,Opened
R002211,O016108,2026-01-22,Missing Accessories,Product Issue,2136.24,Approved,Damaged
R002212,O016110,2026-05-20,Changed Mind,Customer Preference,2167.58,Approved,Good
R002213,O016114,2026-08-15,Damaged Product,Product Issue,986.38,Approved,Opened
R002214,O016127,2025-11-26,Missing Accessories,Product Issue,1974.86,Rejected,Good
R002215,O016136,2026-02-27,Changed Mind,Customer Preference,525.54,Approved,Opened
R002216,O016138,2026-05-27,Missing Accessories,Product Issue,835.21,Approved,Damaged
R002217,O016151,2026-01-17,Product Quality Issue,Product Issue,2099.07,Approved,Opened
R002218,O016152,2026-07-18,Missing Accessories,Product Issue,477.65,Approved,Damaged
R002219,O016173,2026-03-26,Missing Accessories,Product Issue,2617.67,Approved,Damaged
R002220,O016174,2025-11-26,Not as Expected,Customer Preference,1465.99,Approved,Good
R002221,O016176,2025-09-29,Damaged Product,Product Issue,884.96,Approved,Opened
R002222,O016180,2026-07-26,Late Delivery,Customer Preference,272.13,Approved,Damaged
R002223,O016189,2025-12-17,Wrong Size,Customer Preference,1390.58,Approved,Good
R002224,O016192,2025-08-26,Product Quality Issue,Product Issue,1563.43,Approved,Opened
R002225,O016199,2026-07-01,Product Quality Issue,Product Issue,694.51,Approved,Damaged
R002226,O016200,2026-03-29,Late Delivery,Customer Preference,405.35,Approved,Opened
R002227,O016204,2025-10-01,Damaged Product,Product Issue,1474.29,Approved,Good
R002228,O016216,2026-02-02,Product Quality Issue,Product Issue,1993.78,Approved,Opened
R002229,O016225,2026-04-17,Wrong Product,Product Issue,1432.6,Approved,Good
R002230,O016230,2026-01-17,Not as Expected,Customer Preference,740.82,Approved,Damaged
R002231,O016234,2025-12-01,Missing Accessories,Product Issue,1112.0,Approved,Good
R002232,O016238,2026-02-03,Product Quality Issue,Product Issue,2456.16,Approved,Opened
R002233,O016264,2025-12-07,Product Quality Issue,Product Issue,208.71,Approved,Good
R002234,O016275,2026-01-19,Damaged Product,Product Issue,261.96,Approved,Good
R002235,O016279,2026-07-04,Not as Expected,Customer Preference,1264.91,Approved,Damaged
R002236,O016280,2026-02-22,Missing Accessories,Product Issue,702.47,Approved,Good
R002237,O016282,2026-01-30,Product Quality Issue,Product Issue,262.4,Approved,Good
R002238,O016286,2026-01-30,Wrong Size,Customer Preference,750.56,Rejected,Opened
R002239,O016296,2026-01-14,Wrong Size,Customer Preference,2756.96,Rejected,Damaged
R002240,O016300,2025-11-20,Missing Accessories,Product Issue,585.41,Approved,Opened
R002241,O016305,2025-10-21,Wrong Product,Product Issue,1811.21,Approved,Damaged
R002242,O016307,2026-03-13,Missing Accessories,Product Issue,1669.46,Approved,Damaged
R002243,O016312,2026-06-11,Late Delivery,Customer Preference,2627.27,Approved,Opened
R002244,O016313,2026-07-08,Product Quality Issue,Product Issue,679.77,Approved,Good
R002245,O016315,2025-09-15,Wrong Size,Customer Preference,4832.58,Approved,Opened
R002246,O016332,2026-03-11,Not as Expected,Customer Preference,2119.58,Approved,Good
R002247,O016333,2026-05-23,Damaged Product,Product Issue,2270.92,Approved,Damaged
R002248,O016335,2026-01-21,Late Delivery,Customer Preference,818.49,Approved,Opened
R002249,O016336,2025-09-20,Missing Accessories,Product Issue,1390.4,Approved,Good
R002250,O016342,2026-05-15,Not as Expected,Customer Preference,10358.41,Approved,Good
R002251,O016349,2025-09-28,Wrong Size,Customer Preference,1605.51,Approved,Good
R002252,O016353,2026-01-29,Product Quality Issue,Product Issue,1869.15,Approved,Damaged
R002253,O016373,2026-02-08,Damaged Product,Product Issue,299.24,Approved,Opened
R002254,O016378,2025-08-30,Wrong Product,Product Issue,626.51,Approved,Damaged
R002255,O016393,2026-03-10,Damaged Product,Product Issue,246.55,Approved,Good
R002256,O016394,2026-04-09,Late Delivery,Customer Preference,397.75,Approved,Damaged
R002257,O016396,2026-05-14,Wrong Product,Product Issue,500.57,Approved,Damaged
R002258,O016407,2026-03-16,Damaged Product,Product Issue,1718.68,Rejected,Good
R002259,O016409,2025-09-24,Wrong Product,Product Issue,1019.6,Approved,Good
R002260,O016413,2026-03-01,Changed Mind,Customer Preference,1728.02,Approved,Good
R002261,O016415,2026-03-22,Wrong Size,Customer Preference,342.77,Approved,Opened
R002262,O016419,2025-12-12,Wrong Size,Customer Preference,3138.4,Approved,Good
R002263,O016421,2025-11-20,Changed Mind,Customer Preference,1284.29,Approved,Good
R002264,O016423,2026-03-04,Missing Accessories,Product Issue,1388.68,Approved,Opened
R002265,O016435,2026-05-11,Missing Accessories,Product Issue,3042.73,Rejected,Opened
R002266,O016436,2025-11-01,Product Quality Issue,Product Issue,1693.5,Approved,Good
R002267,O016444,2025-08-21,Changed Mind,Customer Preference,2432.97,Approved,Opened
R002268,O016448,2026-05-12,Not as Expected,Customer Preference,1854.06,Approved,Damaged
R002269,O016453,2026-02-20,Changed Mind,Customer Preference,99.7,Approved,Damaged
R002270,O016457,2026-03-12,Damaged Product,Product Issue,2348.75,Approved,Opened
R002271,O016462,2025-12-20,Late Delivery,Customer Preference,1925.93,Approved,Damaged
R002272,O016467,2025-10-26,Not as Expected,Customer Preference,230.57,Approved,Damaged
R002273,O016481,2026-06-14,Changed Mind,Customer Preference,1597.43,Approved,Damaged
R002274,O016488,2026-03-01,Product Quality Issue,Product Issue,1140.65,Approved,Good
R002275,O016491,2026-02-14,Product Quality Issue,Product Issue,385.26,Approved,Opened
R002276,O016492,2025-11-06,Wrong Product,Product Issue,2658.16,Approved,Opened
R002277,O016493,2026-06-23,Missing Accessories,Product Issue,351.36,Approved,Good
R002278,O016498,2026-06-08,Late Delivery,Customer Preference,337.41,Approved,Damaged
R002279,O016511,2025-10-26,Missing Accessories,Product Issue,1529.43,Approved,Good
R002280,O016513,2026-07-25,Wrong Size,Customer Preference,1599.95,Approved,Good
R002281,O016520,2025-12-19,Late Delivery,Customer Preference,3141.94,Approved,Good
R002282,O016523,2026-01-14,Damaged Product,Product Issue,1677.93,Approved,Opened
R002283,O016528,2025-12-08,Not as Expected,Customer Preference,1571.55,Approved,Good
R002284,O016530,2026-02-15,Changed Mind,Customer Preference,4247.99,Approved,Damaged
R002285,O016541,2026-07-29,Not as Expected,Customer Preference,5148.75,Approved,Damaged
R002286,O016546,2026-08-02,Product Quality Issue,Product Issue,2029.75,Approved,Good
R002287,O016551,2025-12-29,Missing Accessories,Product Issue,1622.3,Approved,Opened
R002288,O016553,2026-04-04,Wrong Size ,Customer Preference,764.13,Approved,Good
R002289,O016564,2026-02-02,Product Quality Issue,Product Issue,271.84,Approved,Good
R002290,O016570,2025-10-09,Damaged Product,Product Issue,395.84,Approved,Opened
R002291,O016571,2025-10-17,Changed Mind,Customer Preference,1557.28,Approved,Opened
R002292,O016591,2026-08-05,Not as Expected,Customer Preference,1678.69,Approved,Damaged
R002293,O016595,2026-06-25,Not as Expected,Customer Preference,692.14,Approved,Opened
R002294,O016604,2026-04-18,Late Delivery,Customer Preference,1665.48,Approved,Opened
R002295,O016614,2025-09-16,Missing Accessories,Product Issue,1349.44,Approved,Opened
R002296,O016623,2026-04-04,Not as Expected,Customer Preference,793.88,Approved,Damaged
R002297,O016637,2026-02-05,Damaged Product,Product Issue,783.06,Approved,Good
R002298,O016652,2026-08-09,Changed Mind,Customer Preference,1789.97,Approved,Damaged
R002299,O016663,2026-07-21,Wrong Product,Product Issue,4121.21,Approved,Good
R002300,O016664,2026-06-21,Wrong Size,Customer Preference,1872.34,Rejected,Opened
R002301,O016677,2026-04-18,Missing Accessories,Product Issue,939.54,Approved,Opened
R002302,O016681,2025-10-12,Product Quality Issue,Product Issue,318.85,Approved,Damaged
R002303,O016684,2026-04-10,Damaged Product,Product Issue,1832.76,Approved,Damaged
R002304,O016692,2025-10-16,Changed Mind,Customer Preference,420.43,Approved,Good
R002305,O016700,2025-12-10,Product Quality Issue,Product Issue,1973.74,Approved,Good
R002306,O016706,2026-05-07,Damaged Product,Product Issue,1457.55,Approved,Good
R002307,O016707,2025-10-20,Wrong Product,Product Issue,2164.04,Rejected,Good
R002308,O016708,2026-05-23,Changed Mind,Customer Preference,1337.58,Rejected,Good
R002309,O016709,2026-05-22,Wrong Size,Customer Preference,6632.02,Approved,Good
R002310,O016720,2026-04-28,Missing Accessories,Product Issue,595.82,Approved,Good
R002311,O016727,2025-10-06,Wrong Product,Product Issue,1461.25,Approved,Damaged
R002312,O016742,2026-01-19,Changed Mind,Customer Preference,1673.52,Approved,Damaged
R002313,O016743,2026-02-02,Changed Mind,Customer Preference,826.16,Approved,Damaged
R002314,O016751,2025-11-21,Not as Expected,Customer Preference,1869.75,Approved,Opened
R002315,O016764,2026-02-01,Changed Mind,Customer Preference,2252.09,Approved,Opened
R002316,O016766,2025-10-06,Changed Mind,Customer Preference,340.15,Rejected,Opened
R002317,O016782,2025-10-24,Damaged Product,Product Issue,1027.87,Approved,Good
R002318,O016787,2026-07-13,Late Delivery,Customer Preference,3151.01,Approved,Opened
R002319,O016791,2025-10-27,Missing Accessories,Product Issue,441.76,Approved,Damaged
R002320,O016792,2026-01-18,Product Quality Issue,Product Issue,5778.31,Rejected,Opened
R002321,O016806,2026-01-23,Wrong Product,Product Issue,1400.88,Approved,Good
R002322,O016807,2026-03-08,Late Delivery,Customer Preference,3062.7,Approved,Opened
R002323,O016809,2025-09-21,Not as Expected,Customer Preference,882.07,Approved,Good
R002324,O016824,2025-09-10,Product Quality Issue,Product Issue,1694.35,Approved,Damaged
R002325,O016828,2025-10-27,Product Quality Issue,Product Issue,1008.51,Approved,Opened
R002326,O016831,2026-06-11,Late Delivery,Customer Preference,581.3,Approved,Opened
R002327,O016850,2025-09-13,Not as Expected,Customer Preference,1192.41,Approved,Opened
R002328,O016852,2025-10-26,Product Quality Issue,Product Issue,4677.55,Approved,Damaged
R002329,O016858,2025-11-20,Wrong Product,Product Issue,696.27,Approved,Good
R002330,O016870,2026-06-11,Not as Expected,Customer Preference,2404.56,Approved,Damaged
R002331,O016871,2026-06-22,Missing Accessories,Product Issue,1817.07,Approved,Damaged
R002332,O016874,2026-02-25,Product Quality Issue,Product Issue,796.82,Approved,Opened
R002333,O016875,2026-06-26,Changed Mind,Customer Preference,593.17,Approved,Opened
R002334,O016882,2025-11-25,Wrong Size,Customer Preference,3204.41,Approved,Opened
R002335,O016886,2025-09-10,Wrong Size,Customer Preference,381.94,Approved,Damaged
R002336,O016893,2025-10-25,Late Delivery,Customer Preference,1674.84,Approved,Damaged
R002337,O016908,2026-06-01,Wrong Size,Customer Preference,691.4,Rejected,Opened
R002338,O016919,2026-02-23,Wrong Size,Customer Preference,447.03,Approved,Opened
R002339,O016921,2026-05-28,Wrong Size,Customer Preference,1152.24,Approved,Opened
R002340,O016924,2025-10-13,Damaged Product,Product Issue,2866.14,Approved,Opened
R002341,O016926,2026-05-18,Product Quality Issue,Product Issue,958.38,Approved,Damaged
R002342,O016928,2026-01-04,Changed Mind,Customer Preference,747.17,Approved,Opened
R002343,O016934,2026-04-12,Wrong Size,Customer Preference,1582.58,Approved,Damaged
R002344,O016939,2026-03-31,Wrong Size,Customer Preference,2485.42,Approved,Good
R002345,O016948,2025-12-29,Wrong Size,Customer Preference,1631.58,Approved,Opened
R002346,O016957,2026-04-02,Damaged Product,Product Issue,2238.87,Approved,Good
R002347,O016962,2026-01-12,Late Delivery,Customer Preference,2562.36,Approved,Damaged
R002348,O016964,2026-07-18,Damaged Product,Product Issue,2619.75,Approved,Good
R002349,O016965,2026-02-28,Product Quality Issue,Product Issue,319.64,Approved,Opened
R002350,O016975,2026-04-18,Wrong Product,Product Issue,2063.47,Approved,Damaged
R002351,O016976,2026-06-03,Wrong Size,Customer Preference,7100.13,Approved,Opened
R002352,O016978,2026-05-12,Missing Accessories,Product Issue,128.36,Approved,Good
R002353,O016990,2026-08-08,Damaged Product,Product Issue,1693.4,Approved,Damaged
R002354,O016994,2026-07-03,Not as Expected,Customer Preference,1509.27,Approved,Damaged
R002355,O017012,2025-09-11,Damaged Product,Product Issue,3804.01,Approved,Good
R002356,O017014,2026-08-07,Changed Mind,Customer Preference,3508.17,Approved,Opened
R002357,O017017,2026-03-26,Damaged Product,Product Issue,1071.29,Approved,Good
R002358,O017018,2025-09-11,Damaged Product,Product Issue,1433.25,Approved,Opened
R002359,O017021,2025-11-26,Missing Accessories,Product Issue,894.75,Approved,Opened
R002360,O017029,2026-02-11,Wrong Size,Customer Preference,3709.44,Approved,Good
R002361,O017030,2026-05-21,Wrong Size,Customer Preference,551.36,Approved,Good
R002362,O017031,2026-01-26,Damaged Product,Product Issue,2409.5,Approved,Good
R002363,O017039,2026-06-18,Wrong Product,Product Issue,831.32,Approved,Opened
R002364,O017044,2026-07-08,Changed Mind,Customer Preference,1860.73,Approved,Good
R002365,O017046,2026-04-22,Late Delivery,Customer Preference,1614.17,Approved,Good
R002366,O017067,2026-07-14,Damaged Product,Product Issue,1716.91,Approved,Good
R002367,O017068,2026-01-30,Not as Expected,Customer Preference,3234.85,Approved,Opened
R002368,O017073,2026-01-02,Changed Mind,Customer Preference,708.94,Approved,Good
R002369,O017089,2025-10-25,Missing Accessories,Product Issue,1248.98,Approved,Damaged
R002370,O017116,2026-07-01,Not as Expected,Customer Preference,357.78,Approved,Damaged
R002371,O017149,2026-04-21,Wrong Product,Product Issue,3980.22,Approved,Opened
R002372,O017151,2026-01-14,Not as Expected,Customer Preference,1460.82,Approved,Opened
R002373,O017163,2026-08-12,Wrong Size,Customer Preference,1379.59,Approved,Opened
R002374,O017167,2025-11-29,Product Quality Issue,Product Issue,1884.98,Approved,Damaged
R002375,O017174,2026-04-11,Missing Accessories,Product Issue,5458.58,Approved,Damaged
R002376,O017184,2026-01-31,Late Delivery,Customer Preference,2514.85,Approved,Damaged
R002377,O017186,2025-12-10,Wrong Product,Product Issue,102.16,Rejected,Damaged
R002378,O017204,2025-09-10,Late Delivery,Customer Preference,893.79,Approved,Damaged
R002379,O017208,2026-03-24,Late Delivery,Customer Preference,1747.67,Approved,Good
R002380,O017212,2025-12-24,Damaged Product,Product Issue,2100.03,Approved,Good
R002381,O017220,2026-01-18,Late Delivery,Customer Preference,2795.86,Approved,Opened
R002382,O017234,2025-08-30,Wrong Size,Customer Preference,2799.26,Approved,Damaged
R002383,O017244,2026-04-03,Wrong Size,Customer Preference,265.7,Approved,Good
R002384,O017249,2025-12-08,Damaged Product,Product Issue,5336.53,Approved,Good
R002385,O017254,2025-10-25,Wrong Product,Product Issue,882.32,Approved,Damaged
R002386,O017260,2025-11-05,Wrong Size,Customer Preference,351.08,Approved,Opened
R002387,O017264,2025-09-11,Late Delivery,Customer Preference,1346.15,Approved,Damaged
R002388,O017267,2026-08-15,Damaged Product,Product Issue,985.22,Approved,Good
R002389,O017270,2025-09-03,Wrong Product,Product Issue,735.26,Rejected,Good
R002390,O017273,2026-08-05,Wrong Size,Customer Preference,748.0,Approved,Good
R002391,O017279,2025-10-14,Damaged Product,Product Issue,1163.43,Approved,Opened
R002392,O017295,2026-02-28,Missing Accessories,Product Issue,1698.53,Approved,Good
R002393,O017297,2026-06-18,Damaged Product,Product Issue,1477.39,Approved,Damaged
R002394,O017301,2026-03-22,Not as Expected,Customer Preference,3342.43,Approved,Damaged
R002395,O017308,2026-07-15,Missing Accessories,Product Issue,776.62,Approved,Opened
R002396,O017309,2025-10-08,Changed Mind,Customer Preference,963.2,Rejected,Damaged
R002397,O017315,2026-05-07,Wrong Size,Customer Preference,1308.58,Approved,Good
R002398,O017318,2025-08-22,Missing Accessories,Product Issue,1811.24,Approved,Damaged
R002399,O017322,2026-06-19,Not as Expected,Customer Preference,1151.11,Approved,Good
R002400,O017339,2026-01-04,Damaged Product,Product Issue,663.01,Approved,Good
R002401,O017340,2026-08-15,Missing Accessories,Product Issue,436.55,Approved,Opened
R002402,O017352,2026-04-24,Missing Accessories,Product Issue,1211.66,Approved,Damaged
R002403,O017378,2026-01-23,Late Delivery,Customer Preference,883.82,Approved,Damaged
R002404,O017388,2026-03-20,Damaged Product,Product Issue,377.08,Approved,Opened
R002405,O017391,2026-04-23,Missing Accessories,Product Issue,557.29,Approved,Good
R002406,O017392,2026-02-25,Missing Accessories,Product Issue,657.93,Approved,Opened
R002407,O017398,2025-12-04,Wrong Product,Product Issue,1728.1,Approved,Opened
R002408,O017418,2026-02-22,Missing Accessories,Product Issue,1233.56,Rejected,Damaged
R002409,O017428,2026-05-02,Product Quality Issue,Product Issue,850.95,Approved,Good
R002410,O017431,2025-11-01,Missing Accessories,Product Issue,2323.9,Rejected,Good
R002411,O017432,2025-12-25,Not as Expected,Customer Preference,1536.42,Approved,Good
R002412,O017435,2025-08-25,Late Delivery,Customer Preference,2938.19,Approved,Opened
R002413,O017449,2025-09-08,Damaged Product,Product Issue,2019.79,Approved,Damaged
R002414,O017459,2026-03-29,Changed Mind,Customer Preference,1217.07,Approved,Good
R002415,O017460,2025-11-30,Late Delivery,Customer Preference,5360.62,Approved,Good
R002416,O017461,2026-08-20,Changed Mind,Customer Preference,265.64,Approved,Opened
R002417,O017462,2025-10-11,Damaged Product,Product Issue,5467.94,Approved,Opened
R002418,O017466,2026-03-20,Not as Expected,Customer Preference,1409.46,Approved,Damaged
R002419,O017476,2026-03-23,Missing Accessories,Product Issue,3233.17,Approved,Opened
R002420,O017497,2026-03-19,Product Quality Issue,Product Issue,1712.7,Approved,Opened
R002421,O017516,2026-04-27,Wrong Product,Product Issue,1905.42,Approved,Damaged
R002422,O017520,2026-03-24,Damaged Product,Product Issue,2756.21,Approved,Good
R002423,O017527,2025-09-21,Product Quality Issue,Product Issue,687.1,Approved,Opened
R002424,O017531,2026-05-16,Changed Mind,Customer Preference,2341.84,Approved,Opened
R002425,O017533,2025-09-14,Changed Mind,Customer Preference,3332.42,Approved,Damaged
R002426,O017535,2026-08-06,Wrong Size,Customer Preference,2159.56,Approved,Damaged
R002427,O017541,2026-04-03,Damaged Product ,Product Issue,384.06,Approved,Good
R002428,O017549,2025-10-08,Wrong Size,Customer Preference,2284.72,Approved,Damaged
R002429,O017550,2026-07-26,Missing Accessories,Product Issue,169.35,Rejected,Opened
R002430,O017553,2026-06-10,Late Delivery,Customer Preference,338.12,Approved,Damaged
R002431,O017554,2025-11-16,Changed Mind,Customer Preference,204.93,Rejected,Opened
R002432,O017555,2026-05-07,Late Delivery,Customer Preference,761.74,Approved,Opened
R002433,O017561,2026-05-04,Late Delivery,Customer Preference,833.61,Approved,Opened
R002434,O017577,2025-11-20,Not as Expected,Customer Preference,925.67,Approved,Damaged
R002435,O017582,2026-01-31,Wrong Product,Product Issue,1844.64,Approved,Opened
R002436,O017587,2025-12-20,Not as Expected,Customer Preference,767.22,Approved,Damaged
R002437,O017589,2026-02-19,Late Delivery,Customer Preference,1085.29,Approved,Damaged
R002438,O017599,2026-02-23,Late Delivery,Customer Preference,419.47,Approved,Good
R002439,O017607,2025-12-09,Late Delivery,Customer Preference,823.65,Approved,Damaged
R002440,O017613,2026-03-22,Missing Accessories,Product Issue,1670.37,Approved,Damaged
R002441,O017620,2026-08-05,Damaged Product,Product Issue,884.05,Rejected,Good
R002442,O017641,2026-01-17,Wrong Size,Customer Preference,2014.98,Approved,Damaged
R002443,O017652,2026-08-09,Not as Expected,Customer Preference,1154.35,Approved,Good
R002444,O017654,2025-10-09,Changed Mind,Customer Preference,1831.67,Approved,Damaged
R002445,O017681,2026-01-09,Late Delivery,Customer Preference,627.27,Approved,Damaged
R002446,O017686,2025-11-23,Not as Expected,Customer Preference,2056.53,Rejected,Damaged
R002447,O017689,2026-04-22,Not as Expected,Customer Preference,1348.53,Approved,Opened
R002448,O017698,2025-11-19,Changed Mind,Customer Preference,2597.39,Approved,Good
R002449,O017703,2026-07-06,Late Delivery,Customer Preference,2234.89,Approved,Opened
R002450,O017712,2026-04-18,Changed Mind,Customer Preference,3300.38,Approved,Opened
R002451,O017717,2026-04-21,Damaged Product,Product Issue,1958.52,Approved,Damaged
R002452,O017729,2025-10-07,Wrong Size,Customer Preference,3470.83,Approved,Damaged
R002453,O017731,2025-12-03,Product Quality Issue,Product Issue,1802.44,Approved,Damaged
R002454,O017744,2026-08-17,Missing Accessories,Product Issue,849.28,Approved,Good
R002455,O017745,2026-01-10,Changed Mind,Customer Preference,876.2,Approved,Good
R002456,O017751,2025-11-28,Damaged Product,Product Issue,2018.02,Approved,Good
R002457,O017762,2026-04-07,Not as Expected,Customer Preference,1761.32,Approved,Opened
R002458,O017775,2025-09-14,Damaged Product,Product Issue,1415.05,Approved,Opened
R002459,O017777,2025-09-02,Wrong Product,Product Issue,655.5,Approved,Damaged
R002460,O017781,2026-02-28,Changed Mind,Customer Preference,1897.95,Approved,Good
R002461,O017783,2026-07-18,Wrong Size,Customer Preference,1720.9,Approved,Good
R002462,O017790,2025-12-31,Changed Mind,Customer Preference,3329.3,Approved,Good
R002463,O017792,2026-07-09,Damaged Product,Product Issue,3180.23,Approved,Opened
R002464,O017797,2025-11-05,Product Quality Issue,Product Issue,1907.51,Approved,Damaged
R002465,O017802,2025-09-14,Product Quality Issue,Product Issue,2438.63,Approved,Damaged
R002466,O017809,2025-11-05,Wrong Size,Customer Preference,1156.81,Rejected,Good
R002467,O017814,2025-11-24,Changed Mind,Customer Preference,776.09,Approved,Opened
R002468,O017832,2025-11-23,Missing Accessories,Product Issue,2336.85,Approved,Damaged
R002469,O017845,2026-02-13,Changed Mind,Customer Preference,1283.79,Approved,Damaged
R002470,O017854,2026-03-15,Changed Mind,Customer Preference,446.67,Approved,Opened
R002471,O017879,2025-11-12,Missing Accessories,Product Issue,2393.68,Approved,Good
R002472,O017889,2026-03-31,Missing Accessories,Product Issue,2000.38,Approved,Damaged
R002473,O017890,2026-06-28,Wrong Product,Product Issue,2773.95,Approved,Damaged
R002474,O017898,2026-01-10,Wrong Product,Product Issue,1228.07,Approved,Opened
R002475,O017904,2025-09-30,Damaged Product,Product Issue,301.96,Rejected,Damaged
R002476,O017907,2025-12-04,Missing Accessories,Product Issue,2875.21,Approved,Damaged
R002477,O017916,2025-09-10,Wrong Product,Product Issue,476.8,Approved,Opened
R002478,O017919,2026-02-12,Damaged Product,Product Issue,502.16,Approved,Good
R002479,O017924,2025-12-21,Late Delivery,Customer Preference,1329.78,Approved,Opened
R002480,O017930,2026-08-16,Changed Mind,Customer Preference,1328.52,Approved,Good
R002481,O017953,2025-10-24,Missing Accessories,Product Issue,1861.41,Approved,Opened
R002482,O017966,2026-07-17,Wrong Product,Product Issue,2233.32,Approved,Good
R002483,O017977,2025-09-14,Wrong Size,Customer Preference,391.97,Approved,Opened
R002484,O017997,2026-06-07,Changed Mind,Customer Preference,884.02,Approved,Opened
R002485,O017999,2026-03-08,Changed Mind,Customer Preference,672.32,Approved,Opened
R002486,O018000,2025-09-19,Wrong Size,Customer Preference,1146.18,Approved,Good
R002487,O018010,2026-03-24,Missing Accessories,Product Issue,1560.06,Approved,Good
R002488,O018027,2026-03-13,Late Delivery,Customer Preference,536.3,Rejected,Opened
R002489,O018071,2025-12-19,Product Quality Issue,Product Issue,300.75,Rejected,Damaged
R002490,O018087,2026-04-29,Missing Accessories,Product Issue,690.13,Approved,Opened
R002491,O018088,2026-04-08,Wrong Size,Customer Preference,803.26,Approved,Opened
R002492,O018097,2026-03-29,Damaged Product ,Product Issue,1067.06,Approved,Opened
R002493,O018115,2026-06-01,Late Delivery,Customer Preference,2433.68,Approved,Opened
R002494,O018118,2026-04-15,Wrong Size,Customer Preference,4097.78,Approved,Good
R002495,O018119,2026-02-26,Not as Expected,Customer Preference,302.54,Approved,Good
R002496,O018123,2025-10-19,Changed Mind,Customer Preference,1674.47,Approved,Opened
R002497,O018130,2026-01-26,Product Quality Issue,Product Issue,1005.56,Approved,Opened
R002498,O018137,2026-03-17,Wrong Size,Customer Preference,418.62,Rejected,Damaged
R002499,O018164,2026-06-22,Product Quality Issue,Product Issue,391.58,Approved,Good
R002500,O018171,2025-10-04,Not as Expected,Customer Preference,636.5,Approved,Damaged
R002501,O018176,2026-01-13,Wrong Size,Customer Preference,257.96,Approved,Opened
R002502,O018177,2026-07-24,Missing Accessories,Product Issue,1392.85,Approved,Damaged
R002503,O018180,2025-12-06,Wrong Product,Product Issue,343.82,Approved,Opened
R002504,O018181,2025-11-15,Not as Expected,Customer Preference,1389.01,Approved,Opened
R002505,O018205,2026-03-27,Product Quality Issue,Product Issue,488.81,Approved,Good
R002506,O018207,2025-10-03,Late Delivery,Customer Preference,2565.6,Approved,Opened
R002507,O018213,2026-02-10,Missing Accessories,Product Issue,1084.43,Approved,Good
R002508,O018222,2026-05-10,Changed Mind,Customer Preference,844.27,Approved,Opened
R002509,O018236,2026-07-16,Late Delivery,Customer Preference,1328.68,Approved,Damaged
R002510,O018247,2025-08-24,Wrong Size,Customer Preference,2255.57,Approved,Damaged
R002511,O018261,2026-06-17,Wrong Product,Product Issue,1102.67,Approved,Good
R002512,O018262,2026-08-16,Not as Expected,Customer Preference,211.33,Approved,Good
R002513,O018272,2026-01-01,Wrong Product,Product Issue,768.47,Approved,Damaged
R002514,O018273,2026-06-17,Not as Expected,Customer Preference,931.76,Rejected,Good
R002515,O018285,2026-08-05,Missing Accessories,Product Issue,375.76,Approved,Good
R002516,O018297,2026-02-28,Product Quality Issue,Product Issue,458.2,Approved,Damaged
R002517,O018307,2026-05-25,Missing Accessories,Product Issue,1387.32,Approved,Opened
R002518,O018308,2025-11-24,Late Delivery,Customer Preference,1877.48,Approved,Good
R002519,O018312,2025-09-21,Damaged Product,Product Issue,3233.94,Approved,Good
R002520,O018315,2026-07-12,Missing Accessories,Product Issue,1406.8,Approved,Damaged
R002521,O018316,2026-02-15,Product Quality Issue,Product Issue,874.31,Rejected,Damaged
R002522,O018338,2026-04-02,Product Quality Issue,Product Issue,893.76,Approved,Good
R002523,O018352,2025-10-04,Late Delivery,Customer Preference,970.03,Approved,Opened
R002524,O018354,2025-08-28,Product Quality Issue,Product Issue,3258.25,Approved,Opened
R002525,O018355,2025-10-21,Missing Accessories,Product Issue,1186.18,Approved,Damaged
R002526,O018358,2026-06-15,Wrong Product,Product Issue,640.36,Approved,Opened
R002527,O018363,2026-05-05,Not as Expected,Customer Preference,402.71,Approved,Damaged
R002528,O018369,2025-12-22,Late Delivery,Customer Preference,887.53,Approved,Good
R002529,O018372,2026-05-17,Wrong Product,Product Issue,157.25,Rejected,Damaged
R002530,O018417,2025-11-26,Wrong Product,Product Issue,1520.43,Approved,Good
R002531,O018428,2026-06-22,Not as Expected,Customer Preference,2803.31,Approved,Good
R002532,O018431,2026-04-06,Wrong Size,Customer Preference,1469.55,Approved,Damaged
R002533,O018433,2025-08-25,Wrong Product,Product Issue,550.42,Approved,Damaged
R002534,O018441,2026-07-27,Not as Expected,Customer Preference,1605.4,Approved,Damaged
R002535,O018443,2026-04-15,Product Quality Issue,Product Issue,5006.67,Approved,Good
R002536,O018445,2025-11-28,Not as Expected,Customer Preference,548.41,Approved,Damaged
R002537,O018462,2026-03-29,Damaged Product,Product Issue,1287.26,Rejected,Good
R002538,O018464,2026-02-20,Wrong Size,Customer Preference,369.5,Rejected,Good
R002539,O018469,2026-01-25,Missing Accessories,Product Issue,3541.1,Approved,Damaged
R002540,O018472,2026-05-06,Wrong Product,Product Issue,1782.77,Approved,Opened
R002541,O018499,2026-03-01,Product Quality Issue,Product Issue,2005.42,Approved,Opened
R002542,O018508,2026-03-13,Missing Accessories,Product Issue,5177.99,Approved,Good
R002543,O018510,2025-12-20,Late Delivery,Customer Preference,573.22,Rejected,Opened
R002544,O018530,2026-01-08,Missing Accessories,Product Issue,1644.84,Approved,Good
R002545,O018535,2025-10-28,Late Delivery,Customer Preference,1231.64,Approved,Damaged
R002546,O018538,2026-04-17,Wrong Size,Customer Preference,1883.42,Approved,Damaged
R002547,O018544,2026-04-07,Wrong Size,Customer Preference,1613.98,Approved,Good
R002548,O018553,2026-04-27,Product Quality Issue,Product Issue,1806.59,Approved,Good
R002549,O018559,2025-11-22,Wrong Size,Customer Preference,1764.43,Approved,Damaged
R002550,O018561,2026-03-05,Late Delivery,Customer Preference,788.7,Approved,Good
R002551,O018572,2026-05-01,Wrong Product,Product Issue,1293.03,Approved,Opened
R002552,O018582,2025-09-24,Damaged Product,Product Issue,1358.74,Approved,Opened
R002553,O018584,2025-11-09,Wrong Size,Customer Preference,1377.85,Approved,Good
R002554,O018586,2025-09-05,Changed Mind,Customer Preference,819.56,Approved,Good
R002555,O018597,2026-06-13,Not as Expected,Customer Preference,255.81,Approved,Damaged
R002556,O018600,2026-03-26,Not as Expected,Customer Preference,339.6,Approved,Good
R002557,O018616,2025-10-19,Missing Accessories,Product Issue,823.75,Approved,Damaged
R002558,O018630,2025-10-30,Changed Mind,Customer Preference,2992.41,Approved,Good
R002559,O018637,2026-02-27,Wrong Product,Product Issue,745.59,Approved,Opened
R002560,O018639,2026-08-23,Product Quality Issue,Product Issue,1507.91,Approved,Good
R002561,O018640,2026-02-27,Wrong Product,Product Issue,409.59,Approved,Good
R002562,O018645,2026-03-17,Wrong Size,Customer Preference,1252.36,Approved,Damaged
R002563,O018654,2025-11-01,Not as Expected,Customer Preference,2188.1,Approved,Damaged
R002564,O018659,2025-10-07,Missing Accessories,Product Issue,2766.14,Approved,Opened
R002565,O018677,2026-02-18,Not as Expected,Customer Preference,1524.17,Approved,Good
R002566,O018680,2026-08-04,Late Delivery,Customer Preference,847.71,Approved,Opened
R002567,O018683,2025-09-21,Missing Accessories,Product Issue,1606.98,Approved,Opened
R002568,O018691,2026-05-11,Damaged Product,Product Issue,1448.59,Approved,Good
R002569,O018700,2025-10-05,Not as Expected,Customer Preference,985.87,Approved,Good
R002570,O018710,2026-07-16,Wrong Product,Product Issue,612.78,Approved,Good
R002571,O018715,2026-03-24,Product Quality Issue,Product Issue,1675.15,Approved,Good
R002572,O018717,2025-12-03,Wrong Product,Product Issue,1732.47,Approved,Opened
R002573,O018720,2025-10-01,Late Delivery,Customer Preference,1223.6,Approved,Damaged
R002574,O018723,2026-07-25,Wrong Size,Customer Preference,3204.31,Approved,Good
R002575,O018729,2026-03-13,Changed Mind,Customer Preference,1237.61,Approved,Opened
R002576,O018737,2026-06-16,Not as Expected,Customer Preference,1423.46,Approved,Damaged
R002577,O018740,2026-05-08,Wrong Product,Product Issue,948.05,Approved,Good
R002578,O018743,2026-02-04,Changed Mind,Customer Preference,2202.28,Rejected,Damaged
R002579,O018749,2025-10-25,Damaged Product,Product Issue,1591.26,Approved,Damaged
R002580,O018750,2026-04-04,Wrong Product,Product Issue,1141.53,Approved,Good
R002581,O018753,2026-05-24,Not as Expected,Customer Preference,1402.71,Approved,Good
R002582,O018758,2026-08-01,Wrong Product,Product Issue,1636.06,Approved,Opened
R002583,O018763,2026-05-05,Wrong Size,Customer Preference,2650.92,Approved,Damaged
R002584,O018764,2026-05-05,Changed Mind,Customer Preference,2254.68,Approved,Good
R002585,O018765,2026-04-01,Not as Expected,Customer Preference,814.31,Approved,Damaged
R002586,O018775,2026-06-25,Late Delivery,Customer Preference,4052.13,Rejected,Good
R002587,O018784,2026-05-25,Wrong Product,Product Issue,1954.2,Rejected,Damaged
R002588,O018790,2026-07-18,Missing Accessories,Product Issue,1089.51,Approved,Damaged
R002589,O018793,2026-08-19,Damaged Product,Product Issue,1045.63,Approved,Damaged
R002590,O018813,2025-10-14,Not as Expected,Customer Preference,3312.9,Rejected,Good
R002591,O018825,2026-08-13,Missing Accessories,Product Issue,569.72,Approved,Damaged
R002592,O018831,2026-01-24,Late Delivery,Customer Preference,1097.11,Approved,Damaged
R002593,O018846,2026-04-30,Late Delivery,Customer Preference,572.1,Approved,Damaged
R002594,O018853,2026-07-13,Wrong Size,Customer Preference,1524.29,Approved,Good
R002595,O018856,2025-11-30,Damaged Product,Product Issue,2021.95,Approved,Good
R002596,O018858,2026-07-03,Damaged Product,Product Issue,3310.9,Rejected,Good
R002597,O018873,2026-05-19,Changed Mind,Customer Preference,1947.55,Approved,Damaged
R002598,O018893,2025-12-21,Late Delivery,Customer Preference,1345.09,Approved,Opened
R002599,O018897,2026-07-17,Wrong Size,Customer Preference,2148.12,Approved,Damaged
R002600,O018903,2026-04-04,Not as Expected,Customer Preference,1435.8,Approved,Good
R002601,O018914,2025-10-20,Damaged Product,Product Issue,454.64,Approved,Damaged
R002602,O018922,2026-07-17,Not as Expected,Customer Preference,941.03,Rejected,Opened
R002603,O018929,2026-04-23,Changed Mind,Customer Preference,2003.68,Rejected,Opened
R002604,O018939,2025-12-01,Missing Accessories,Product Issue,2342.94,Approved,Damaged
R002605,O018945,2025-10-28,Product Quality Issue,Product Issue,1281.61,Approved,Good
R002606,O018952,2026-01-09,Late Delivery,Customer Preference,3001.63,Approved,Opened
R002607,O018955,2026-05-21,Changed Mind,Customer Preference,1167.68,Approved,Good
R002608,O018960,2025-11-26,Damaged Product,Product Issue,2312.23,Approved,Good
R002609,O018968,2026-06-13,Damaged Product,Product Issue,1592.88,Approved,Opened
R002610,O018987,2026-06-30,Damaged Product,Product Issue,2961.7,Rejected,Opened
R002611,O019004,2026-06-24,Product Quality Issue,Product Issue,2210.01,Approved,Damaged
R002612,O019007,2026-06-15,Product Quality Issue,Product Issue,1425.12,Approved,Damaged
R002613,O019016,2026-05-02,Not as Expected,Customer Preference,1696.51,Approved,Good
R002614,O019017,2026-03-16,Late Delivery,Customer Preference,1437.17,Approved,Opened
R002615,O019021,2025-09-22,Product Quality Issue,Product Issue,807.74,Approved,Good
R002616,O019023,2025-10-17,Late Delivery,Customer Preference,258.66,Approved,Good
R002617,O019048,2026-03-28,Damaged Product,Product Issue,4556.67,Approved,Opened
R002618,O019049,2026-06-09,Changed Mind,Customer Preference,740.32,Approved,Damaged
R002619,O019061,2025-10-23,Damaged Product,Product Issue,1956.89,Approved,Opened
R002620,O019071,2026-01-21,Not as Expected,Customer Preference,2223.31,Approved,Opened
R002621,O019082,2026-07-27,Missing Accessories,Product Issue,2584.64,Approved,Damaged
R002622,O019086,2026-03-18,Not as Expected,Customer Preference,1394.68,Approved,Opened
R002623,O019092,2026-05-16,Missing Accessories,Product Issue,1888.49,Approved,Damaged
R002624,O019109,2025-09-06,Product Quality Issue,Product Issue,1189.09,Approved,Opened
R002625,O019111,2026-08-15,Not as Expected,Customer Preference,2376.66,Approved,Good
R002626,O019115,2025-11-17,Damaged Product,Product Issue,3680.2,Approved,Opened
R002627,O019128,2026-01-01,Not as Expected,Customer Preference,2783.82,Approved,Damaged
R002628,O019135,2026-05-15,Changed Mind,Customer Preference,1637.49,Approved,Good
R002629,O019143,2026-03-30,Changed Mind,Customer Preference,941.32,Approved,Opened
R002630,O019153,2025-11-30,Damaged Product,Product Issue,2539.54,Approved,Opened
R002631,O019159,2026-04-22,Wrong Size,Customer Preference,1822.8,Approved,Damaged
R002632,O019164,2026-02-04,Late Delivery,Customer Preference,4507.61,Approved,Good
R002633,O019185,2025-11-03,Not as Expected,Customer Preference,653.76,Approved,Damaged
R002634,O019194,2025-12-13,Product Quality Issue,Product Issue,1873.59,Approved,Damaged
R002635,O019203,2026-03-17,Missing Accessories,Product Issue,607.09,Approved,Damaged
R002636,O019205,2026-07-04,Not as Expected,Customer Preference,3003.26,Approved,Opened
R002637,O019206,2026-04-06,Wrong Product,Product Issue,4778.75,Approved,Opened
R002638,O019207,2026-07-14,Wrong Size,Customer Preference,2012.44,Approved,Opened
R002639,O019210,2026-08-17,Changed Mind,Customer Preference,1737.94,Approved,Opened
R002640,O019214,2026-05-15,Late Delivery,Customer Preference,2116.1,Approved,Good
R002641,O019222,2026-07-17,Wrong Size,Customer Preference,589.1,Approved,Damaged
R002642,O019223,2026-05-02,Wrong Product,Product Issue,3890.26,Approved,Opened
R002643,O019227,2026-05-26,Not as Expected,Customer Preference,3916.0,Rejected,Good
R002644,O019231,2026-01-19,Damaged Product,Product Issue,3152.78,Approved,Opened
R002645,O019235,2025-10-25,Wrong Product,Product Issue,442.85,Rejected,Good
R002646,O019240,2026-06-27,Damaged Product,Product Issue,513.68,Approved,Damaged
R002647,O019245,2026-07-08,Missing Accessories,Product Issue,1048.63,Approved,Damaged
R002648,O019256,2025-09-28,Wrong Size,Customer Preference,3132.99,Approved,Damaged
R002649,O019258,2025-12-27,Missing Accessories,Product Issue,800.29,Approved,Opened
R002650,O019268,2026-07-05,Wrong Size,Customer Preference,211.51,Approved,Damaged
R002651,O019274,2025-12-10,Not as Expected,Customer Preference,497.61,Approved,Damaged
R002652,O019284,2025-09-21,Wrong Product,Product Issue,1105.23,Approved,Good
R002653,O019296,2025-08-27,Wrong Size,Customer Preference,4931.39,Approved,Damaged
R002654,O019300,2026-06-30,Not as Expected,Customer Preference,725.2,Approved,Opened
R002655,O019308,2025-12-20,Not as Expected,Customer Preference,850.15,Approved,Opened
R002656,O019309,2025-08-25,Not as Expected,Customer Preference,734.08,Approved,Opened
R002657,O019313,2025-09-20,Not as Expected,Customer Preference,1055.29,Approved,Opened
R002658,O019315,2026-07-06,Product Quality Issue,Product Issue,945.54,Approved,Good
R002659,O019321,2025-12-31,Damaged Product,Product Issue,3033.82,Approved,Damaged
R002660,O019327,2025-09-17,Damaged Product,Product Issue,606.72,Approved,Good
R002661,O019329,2026-07-23,Late Delivery,Customer Preference,539.06,Approved,Opened
R002662,O019338,2025-09-01,Damaged Product,Product Issue,514.58,Approved,Damaged
R002663,O019359,2026-05-07,Changed Mind ,Customer Preference,1107.08,Approved,Damaged
R002664,O019377,2026-02-13,Changed Mind,Customer Preference,2082.86,Approved,Opened
R002665,O019378,2026-01-11,Late Delivery,Customer Preference,1450.66,Approved,Damaged
R002666,O019390,2026-07-11,Product Quality Issue,Product Issue,1055.93,Approved,Opened
R002667,O019394,2026-02-01,Damaged Product,Product Issue,2208.16,Approved,Damaged
R002668,O019403,2026-08-06,Late Delivery,Customer Preference,930.95,Approved,Good
R002669,O019409,2026-01-22,Changed Mind,Customer Preference,1196.81,Approved,Damaged
R002670,O019420,2025-11-18,Damaged Product,Product Issue,1530.35,Approved,Good
R002671,O019426,2025-11-29,Late Delivery,Customer Preference,730.4,Approved,Good
R002672,O019433,2026-05-25,Wrong Product,Product Issue,2018.55,Approved,Damaged
R002673,O019451,2025-09-21,Not as Expected,Customer Preference,1394.88,Approved,Damaged
R002674,O019452,2026-03-17,Missing Accessories,Product Issue,497.35,Rejected,Good
R002675,O019454,2026-03-01,Wrong Size,Customer Preference,782.35,Approved,Damaged
R002676,O019457,2025-10-03,Late Delivery,Customer Preference,1065.58,Approved,Good
R002677,O019458,2025-11-26,Missing Accessories,Product Issue,642.26,Approved,Good
R002678,O019483,2026-04-14,Wrong Product,Product Issue,1181.58,Approved,Good
R002679,O019487,2026-08-17,Late Delivery,Customer Preference,1604.59,Approved,Damaged
R002680,O019491,2025-11-28,Damaged Product,Product Issue,3299.11,Approved,Damaged
R002681,O019504,2026-08-06,Not as Expected,Customer Preference,178.18,Approved,Good
R002682,O019511,2026-07-29,Wrong Product,Product Issue,2793.79,Approved,Opened
R002683,O019517,2025-10-23,Wrong Product,Product Issue,421.02,Approved,Opened
R002684,O019524,2025-12-19,Damaged Product,Product Issue,2511.54,Approved,Damaged
R002685,O019528,2026-02-17,Missing Accessories,Product Issue,1849.65,Approved,Good
R002686,O019529,2025-11-07,Missing Accessories,Product Issue,3875.3,Approved,Opened
R002687,O019547,2025-09-07,Not as Expected,Customer Preference,4198.41,Approved,Damaged
R002688,O019561,2026-06-28,Damaged Product,Product Issue,932.46,Approved,Damaged
R002689,O019576,2025-10-26,Missing Accessories,Product Issue,528.58,Approved,Good
R002690,O019582,2025-09-15,Missing Accessories ,Product Issue,523.49,Approved,Good
R002691,O019586,2025-09-10,Damaged Product,Product Issue,1108.06,Approved,Damaged
R002692,O019594,2026-02-05,Damaged Product,Product Issue,3054.21,Approved,Good
R002693,O019595,2025-11-28,Changed Mind,Customer Preference,104.55,Approved,Opened
R002694,O019596,2025-09-30,Changed Mind,Customer Preference,283.92,Rejected,Opened
R002695,O019599,2026-04-19,Wrong Product,Product Issue,1612.34,Approved,Damaged
R002696,O019601,2026-06-04,Wrong Product,Product Issue,2764.29,Approved,Damaged
R002697,O019603,2025-11-20,Wrong Product,Product Issue,509.62,Approved,Damaged
R002698,O019612,2026-04-11,Missing Accessories,Product Issue,3248.52,Approved,Damaged
R002699,O019615,2026-04-03,Wrong Size,Customer Preference,2804.2,Approved,Good
R002700,O019616,2026-06-14,Not as Expected,Customer Preference,3693.22,Approved,Good
R002701,O019634,2025-09-07,Wrong Size,Customer Preference,1386.15,Rejected,Opened
R002702,O019643,2026-01-30,Not as Expected,Customer Preference,3401.82,Approved,Opened
R002703,O019654,2025-12-03,Wrong Product,Product Issue,1342.01,Approved,Good
R002704,O019658,2026-02-07,Not as Expected,Customer Preference,1258.11,Approved,Good
R002705,O019659,2026-03-14,Wrong Product,Product Issue,660.04,Approved,Damaged
R002706,O019661,2026-05-12,Missing Accessories,Product Issue,1452.18,Approved,Opened
R002707,O019663,2026-03-03,Wrong Product,Product Issue,1007.21,Approved,Opened
R002708,O019666,2025-12-10,Product Quality Issue,Product Issue,646.95,Approved,Opened
R002709,O019670,2026-05-13,Not as Expected,Customer Preference,322.61,Approved,Opened
R002710,O019674,2026-06-19,Late Delivery,Customer Preference,1134.85,Approved,Good
R002711,O019675,2025-08-25,Not as Expected,Customer Preference,532.37,Approved,Damaged
R002712,O019680,2025-10-19,Wrong Product,Product Issue,631.52,Approved,Opened
R002713,O019683,2026-08-07,Product Quality Issue,Product Issue,1947.53,Approved,Damaged
R002714,O019685,2025-12-10,Not as Expected,Customer Preference,1434.62,Approved,Good
R002715,O019692,2026-03-22,Late Delivery,Customer Preference,312.33,Approved,Good
R002716,O019698,2025-10-20,Wrong Size,Customer Preference,721.29,Approved,Opened
R002717,O019703,2025-10-11,Wrong Size,Customer Preference,1467.94,Approved,Good
R002718,O019730,2025-09-22,Wrong Size,Customer Preference,1691.78,Approved,Damaged
R002719,O019733,2026-02-02,Not as Expected,Customer Preference,1088.51,Approved,Good
R002720,O019735,2025-11-11,Damaged Product,Product Issue,970.79,Approved,Opened
R002721,O019743,2026-02-24,Wrong Size,Customer Preference,2023.43,Approved,Good
R002722,O019754,2026-02-16,Late Delivery,Customer Preference,535.43,Approved,Opened
R002723,O019756,2026-06-29,Damaged Product,Product Issue,936.2,Approved,Good
R002724,O019759,2025-08-19,Wrong Size,Customer Preference,3399.84,Approved,Opened
R002725,O019791,2026-01-26,Wrong Size,Customer Preference,1227.39,Approved,Good
R002726,O019810,2026-02-20,Not as Expected,Customer Preference,320.94,Approved,Damaged
R002727,O019814,2025-09-27,Not as Expected,Customer Preference,4174.83,Approved,Damaged
R002728,O019815,2026-05-10,Wrong Product,Product Issue,5610.49,Approved,Damaged
R002729,O019820,2026-05-31,Not as Expected,Customer Preference,2072.35,Rejected,Damaged
R002730,O019829,2025-11-05,Wrong Size,Customer Preference,1846.32,Approved,Damaged
R002731,O019842,2026-04-26,Wrong Size,Customer Preference,1084.3,Approved,Good
R002732,O019856,2025-12-26,Not as Expected,Customer Preference,2320.81,Approved,Good
R002733,O019866,2025-09-10,Not as Expected,Customer Preference,1239.49,Approved,Damaged
R002734,O019869,2026-06-05,Wrong Product,Product Issue,4389.46,Approved,Good
R002735,O019870,2026-04-14,Late Delivery,Customer Preference,906.35,Approved,Good
R002736,O019879,2025-11-07,Product Quality Issue,Product Issue,579.52,Approved,Damaged
R002737,O019883,2026-08-01,Late Delivery,Customer Preference,1118.52,Approved,Good
R002738,O019895,2026-01-11,Damaged Product,Product Issue,1850.54,Approved,Opened
R002739,O019898,2025-11-27,Damaged Product,Product Issue,740.02,Approved,Opened
R002740,O019902,2026-05-09,Wrong Product,Product Issue,1659.05,Approved,Good
R002741,O019904,2025-10-16,Wrong Product,Product Issue,2765.13,Approved,Good
R002742,O019908,2025-09-20,Damaged Product,Product Issue,711.76,Approved,Opened
R002743,O019914,2026-04-15,Wrong Size,Customer Preference,3149.06,Approved,Opened
R002744,O019916,2025-11-02,Changed Mind,Customer Preference,2416.57,Approved,Damaged
R002745,O019918,2025-08-24,Missing Accessories,Product Issue,2272.64,Approved,Good
R002746,O019928,2026-03-23,Wrong Product,Product Issue,865.88,Approved,Good
R002747,O019948,2026-01-03,Product Quality Issue,Product Issue,2502.69,Approved,Opened
R002748,O019960,2026-07-19,Changed Mind,Customer Preference,3922.31,Approved,Good
R002749,O019969,2026-04-01,Late Delivery,Customer Preference,1217.24,Approved,Damaged
R002750,O019970,2025-09-07,Not as Expected,Customer Preference,1793.29,Approved,Good
R002751,O019972,2026-01-04,Wrong Product,Product Issue,2215.53,Rejected,Good
R002752,O019977,2026-03-25,Wrong Size,Customer Preference,484.08,Approved,Good
R002753,O019985,2025-11-02,Damaged Product,Product Issue,1714.5,Approved,Opened
R002754,O019990,2026-04-07,Wrong Product,Product Issue,562.34,Approved,Damaged
